,identifier,T-Statistics,pvalue,mean(group1),mean(group2),std(group1),std(group2),log2FC,test,correction,padj,rejected,group1,group2,FC,-log10 pvalue,Method
1321,P75726,13.440119778246682,1.0510374304827165e-05,28.134687595467827,26.793368862049935,0.1307946828827718,0.11301609771346063,1.3413187334178929,t-Test,FDR correction BH,0.01519800124478008,True,control,10 µm sulforaphane,2.533828242183667,4.978381817213778,Unpaired t-test
1375,P76440,10.610331859164578,4.127591061267716e-05,27.234670506648545,26.579756493709446,0.08232955045082896,0.06820166855513835,0.6549140129390985,t-Test,FDR correction BH,0.029842483372965585,True,control,10 µm sulforaphane,1.5745221061650903,4.384303336727836,Unpaired t-test
827,P0CK95,-9.340565867604026,8.534520182049916e-05,26.461305335890373,27.223492359849264,0.12633708954319048,0.06335972419558805,-0.7621870239588908,t-Test,FDR correction BH,0.03245925166952038,True,control,10 µm sulforaphane,0.589601858062784,4.0688208902663705,Unpaired t-test
513,P0ABK5,-8.911299329223244,0.00011131271780819303,29.68255568242177,30.4652921427707,0.0644964595310752,0.1377893561667876,-0.7827364603489286,t-Test,FDR correction BH,0.03245925166952038,True,control,10 µm sulforaphane,0.5812632244413515,3.9534552133977003,Unpaired t-test
35,P02943,-8.790920546607587,0.00012016405440244011,26.17011800046371,27.860714468583247,0.2815325039017945,0.178019003836361,-1.6905964681195371,t-Test,FDR correction BH,0.03245925166952038,True,control,10 µm sulforaphane,0.3097988152210241,3.920225426753842,Unpaired t-test
1431,Q46835,-8.614071013984155,0.00013468569157477336,26.77585718714912,27.617998303374655,0.12425873390328679,0.11503404253887294,-0.8421411162255339,t-Test,FDR correction BH,0.03245925166952038,True,control,10 µm sulforaphane,0.5578150961930132,3.870678539393473,Unpaired t-test
832,P10384,-6.345194297040519,0.0007177785278183637,26.48238321296823,27.415930886832367,0.2129463689317113,0.1399738047437077,-0.9335476738641368,t-Test,FDR correction BH,0.14700588643649917,True,control,10 µm sulforaphane,0.5235692691890219,3.1440095376292474,Unpaired t-test
129,P09152,6.197418092678832,0.0008133105750290411,26.87522798276482,26.19110776955828,0.07372677806739053,0.17641103630080243,0.6841202132065405,t-Test,FDR correction BH,0.14700588643649917,True,control,10 µm sulforaphane,1.606721868751377,3.0897435807714118,Unpaired t-test
1237,P60785,-5.771262821983973,0.0011815638106595643,28.240067136281922,28.460088859734693,0.05579417098651517,0.03531647336566259,-0.2200217234527706,t-Test,FDR correction BH,0.16428348215934935,False,control,10 µm sulforaphane,0.8585525086430628,2.9275428192123076,Unpaired t-test
1113,P37349,5.711348226565785,0.0012472989385369348,25.987642758974967,25.192531352528658,0.23533620418796333,0.052537666569864826,0.7951114064463098,t-Test,FDR correction BH,0.16428348215934935,False,control,10 µm sulforaphane,1.7352113639987192,2.904029447244795,Unpaired t-test
991,P27249,-5.709196650232728,0.001249736033024096,24.920815046196612,25.351214606463085,0.06745677327156682,0.11179987015196487,-0.43039956026647275,t-Test,FDR correction BH,0.16428348215934935,False,control,10 µm sulforaphane,0.7420562413548981,2.903181708197664,Unpaired t-test
487,P0AB67,-5.518688408052183,0.0014887375072915087,27.87819795008761,28.381497143198256,0.08860203891287431,0.13077264287029267,-0.5032991931106459,t-Test,FDR correction BH,0.1793928696286268,False,control,10 µm sulforaphane,0.7054915982551343,2.8271818698665974,Unpaired t-test
514,P0ABK9,5.370019358860437,0.00171176624727982,26.41579644199585,25.57808356567863,0.14747214811604484,0.22640273295458818,0.837712876317223,t-Test,FDR correction BH,0.19040107642820153,False,control,10 µm sulforaphane,1.7872145997058082,2.7665555413221976,Unpaired t-test
1329,P75825,4.99033664795808,0.002476065826354366,26.955993155279938,25.319631352749894,0.2195252363859628,0.5238090222893614,1.6363618025300433,t-Test,FDR correction BH,0.23610822255824757,False,control,10 µm sulforaphane,3.108808611881142,2.606237813754321,Unpaired t-test
959,P25437,-4.910059818212454,0.002683528570909781,29.140512950203487,29.685570064132616,0.18128768683407762,0.06405673040288788,-0.5450571139291291,t-Test,FDR correction BH,0.23610822255824757,False,control,10 µm sulforaphane,0.6853642695060698,2.5712937765191457,Unpaired t-test
1394,P77252,4.850665765535392,0.002849723952415986,26.592567042606976,25.953311077099077,0.11901617561808332,0.1947788440678232,0.6392559655078998,t-Test,FDR correction BH,0.23610822255824757,False,control,10 µm sulforaphane,1.5575256965765956,2.545197207271791,Unpaired t-test
27,P00968,-4.802463736864856,0.0029931959665611078,26.451772553743233,26.880338868484145,0.08284761135253381,0.1304874990507615,-0.42856631474091245,t-Test,FDR correction BH,0.23610822255824757,False,control,10 µm sulforaphane,0.7429997782284631,2.5238648486759954,Unpaired t-test
110,P08200,-4.788591099230531,0.003035989596146779,28.811844366405907,29.396253682432274,0.1820885393485803,0.10736165763660471,-0.5844093160263668,t-Test,FDR correction BH,0.23610822255824757,False,control,10 µm sulforaphane,0.6669223412889511,2.5176997210320864,Unpaired t-test
562,P0ACD8,4.7674977325842125,0.0031023901995896985,30.243383606426878,29.895164428546835,0.08956271952387011,0.08934847051986178,0.3482191778800434,t-Test,FDR correction BH,0.23610822255824757,False,control,10 µm sulforaphane,1.2729883161912505,2.5083035801938243,Unpaired t-test
399,P0A9I1,4.499453459967092,0.004106322998950408,28.152292467161423,26.938312489586792,0.3570769312461945,0.30146650797977687,1.2139799775746312,t-Test,FDR correction BH,0.27987884524630646,False,control,10 µm sulforaphane,2.31976711392812,2.3865468924849904,Unpaired t-test
629,P0ADR8,-4.461834220373104,0.0042746107584649695,27.88883086684416,28.300632250995967,0.09089376114618845,0.13150276730401075,-0.4118013841518078,t-Test,FDR correction BH,0.27987884524630646,False,control,10 µm sulforaphane,0.7516842162872339,2.3691034255316232,Unpaired t-test
764,P0AFU8,-4.450608868014093,0.004326321606451305,28.795081001354234,29.369720342026685,0.1043831505361099,0.19777772735097077,-0.5746393406724515,t-Test,FDR correction BH,0.27987884524630646,False,control,10 µm sulforaphane,0.6714540872152183,2.3638811994795415,Unpaired t-test
1339,P75882,-4.423999525298435,0.004451738202396299,26.386776706469114,26.661696345473658,0.02287646271944992,0.10517529936451582,-0.2749196390045441,t-Test,FDR correction BH,0.27987884524630646,False,control,10 µm sulforaphane,0.82649635436985,2.3514703835551525,Unpaired t-test
237,P0A7E3,4.35073595102855,0.004818721733759296,27.38778024449849,26.5720917391101,0.07212046202183316,0.3166198503291386,0.8156885053883904,t-Test,FDR correction BH,0.288422912283568,False,control,10 µm sulforaphane,1.7601379518742744,2.3170681521345897,Unpaired t-test
204,P0A715,-4.3192924441865035,0.00498656487350567,29.831766106128114,30.040035929139574,0.0696424525430624,0.04609773735967281,-0.20826982301145947,t-Test,FDR correction BH,0.288422912283568,False,control,10 µm sulforaphane,0.8655746644957917,2.302198526564081,Unpaired t-test
61,P05793,-4.105163409178354,0.0063205925148615005,28.29246372857277,28.6562569959297,0.1108520899985249,0.1061673656817125,-0.36379326735692885,t-Test,FDR correction BH,0.3454767633837318,False,control,10 µm sulforaphane,0.77711861891099,2.1992422074971887,Unpaired t-test
891,P19931,4.084264159329774,0.006470924146658642,27.319221225913154,26.714489971346694,0.10871682567629698,0.23226973050387323,0.6047312545664596,t-Test,FDR correction BH,0.3454767633837318,False,control,10 µm sulforaphane,1.5206954514941713,2.189033691026296,Unpaired t-test
22,P00959,-4.03068947318393,0.006874904354191634,28.435809505951795,28.67578347245142,0.05136841310126937,0.08941556655370864,-0.2399739664996261,t-Test,FDR correction BH,0.3454767633837318,False,control,10 µm sulforaphane,0.8467605920596721,2.162733339495625,Unpaired t-test
935,P23871,-4.0238282747262435,0.006928648781554788,24.998332323803897,25.390494733384507,0.14786090576297653,0.08144030169728557,-0.3921624095806102,t-Test,FDR correction BH,0.3454767633837318,False,control,10 µm sulforaphane,0.7619866306543839,2.159351452824279,Unpaired t-test
757,P0AFP6,-3.928857935395691,0.007722879365772108,27.156058198522874,27.48469226078393,0.12169983517661882,0.07860797487990276,-0.32863406226105596,t-Test,FDR correction BH,0.3687724023348463,False,control,10 µm sulforaphane,0.7962900511110729,2.1122207489488463,Unpaired t-test
259,P0A7P5,-3.892366002031017,0.008054677799544536,30.690227925788328,33.6357474035184,1.3073379131442047,0.09405333329802737,-2.9455194777300733,t-Test,FDR correction BH,0.3687724023348463,False,control,10 µm sulforaphane,0.12981063799230502,2.093951827396042,Unpaired t-test
1293,P68066,-3.8757050501030053,0.008211426344676578,31.603819436474215,32.157572919995374,0.18256902329178823,0.16706594626155025,-0.5537534835211595,t-Test,FDR correction BH,0.3687724023348463,False,control,10 µm sulforaphane,0.6812454132795972,2.085581398322835,Unpaired t-test
1255,P62768,-3.8305794780506623,0.008653315844172949,29.052227277492413,29.62279015545768,0.23130770701694234,0.11425673135113622,-0.5705628779652656,t-Test,FDR correction BH,0.3687724023348463,False,control,10 µm sulforaphane,0.6733540232057454,2.062817444340197,Unpaired t-test
59,P05637,3.828827617257736,0.008670997012022666,26.67395790479791,25.974879014752716,0.13097927024050857,0.2878438861626492,0.6990788900451932,t-Test,FDR correction BH,0.3687724023348463,False,control,10 µm sulforaphane,1.6234679346705034,2.061930963432051,Unpaired t-test
958,P25397,3.767388053379608,0.009317268400524598,27.68489748033459,26.944355207887313,0.20548141830043323,0.2714637175529086,0.7405422724472785,t-Test,FDR correction BH,0.3849362887759591,False,control,10 µm sulforaphane,1.6708037335594872,2.0307113937041743,Unpaired t-test
1244,P61517,-3.686070697274927,0.01025645701872231,27.739393808060463,28.440044659932774,0.21682864312524738,0.24774451086947907,-0.7006508518723109,t-Test,FDR correction BH,0.4119676902520128,False,control,10 µm sulforaphane,0.6152945624354756,1.9890026356131774,Unpaired t-test
743,P0AFG8,-3.643646514470598,0.010787808601713272,29.579860704605487,29.82514276198988,0.10375482178636829,0.053197483713434454,-0.24528205738439368,t-Test,FDR correction BH,0.42159922265074035,False,control,10 µm sulforaphane,0.8436508401238393,1.9670667674432063,Unpaired t-test
297,P0A862,-3.57389231135942,0.011729045136625624,30.414332331264276,30.757091174553782,0.08299772878824972,0.14389385333702717,-0.3427588432895057,t-Test,FDR correction BH,0.4463210333568593,False,control,10 µm sulforaphane,0.7885319717533981,1.9307373424261647,Unpaired t-test
709,P0AEZ9,-3.4932931198499437,0.012931416518240611,28.446069252247508,28.862479504036813,0.20428919366513137,0.02989705241488409,-0.4164102517893049,t-Test,FDR correction BH,0.4675830610791396,False,control,10 µm sulforaphane,0.7492866997641967,1.888353899531038,Unpaired t-test
1122,P37637,3.493095661330659,0.012934524511179518,28.951915201156375,28.625575916334896,0.13021806213341536,0.0960595559663249,0.3263392848214792,t-Test,FDR correction BH,0.4675830610791396,False,control,10 µm sulforaphane,1.2538278538803975,1.8882495318462804,Unpaired t-test
954,P24232,3.4394575167353008,0.013810120652364203,27.188619723468232,26.265556819401084,0.41829947096894443,0.20273201261044357,0.9230629040671481,t-Test,FDR correction BH,0.46977313413816546,False,control,10 µm sulforaphane,1.896136603379873,1.8598025271833447,Unpaired t-test
125,P09053,-3.4376673063102596,0.013840450185001943,25.824438008595163,26.712203876893927,0.2989208545930038,0.3327464957533851,-0.8877658682987644,t-Test,FDR correction BH,0.46977313413816546,False,control,10 µm sulforaphane,0.5404504023712737,1.858849783457119,Unpaired t-test
139,P09831,-3.430084095567157,0.01396974050341709,26.066431897441557,26.31750450220969,0.0762314153527884,0.10130285479452492,-0.2510726047681331,t-Test,FDR correction BH,0.46977313413816546,False,control,10 µm sulforaphane,0.8402714638436857,1.8548116610999013,Unpaired t-test
1137,P37765,3.3693885502955045,0.015053822495692423,27.569737057434534,27.21057981553113,0.0318576158381739,0.181857240907853,0.3591572419034037,t-Test,FDR correction BH,0.4947233483811646,False,control,10 µm sulforaphane,1.282676396330113,1.822353209172995,Unpaired t-test
1298,P68767,3.3264015652615555,0.015877517251522054,28.552000298438497,27.962889907659036,0.12793867670224554,0.278794580211656,0.5891103907794601,t-Test,FDR correction BH,0.5101975543489087,False,control,10 µm sulforaphane,1.504318853037252,1.7992174067112774,Unpaired t-test
568,P0ACF8,-3.2357226448664975,0.017782154908987168,31.539644703556473,32.04115101409008,0.12467953897425854,0.23774185435446643,-0.5015063105336104,t-Test,FDR correction BH,0.5589781738781618,False,control,10 µm sulforaphane,0.70636887988949,1.7500156107238478,Unpaired t-test
808,P0AGL2,3.1818154078409804,0.019032142957105033,30.640166666302925,30.220621705976043,0.104943496364815,0.20284414953271004,0.41954496032688127,t-Test,FDR correction BH,0.5855421003398696,False,control,10 µm sulforaphane,1.337505626313503,1.7205123088202705,Unpaired t-test
73,P06721,-3.15403389763495,0.019713581931108143,25.58185608585677,26.18561409311185,0.28864579636866433,0.16313530754043326,-0.603758007255081,t-Test,FDR correction BH,0.5938716556746328,False,control,10 µm sulforaphane,0.6580376302453286,1.7052344578321812,Unpaired t-test
1039,P31142,3.084526606100586,0.021537987095649785,28.16288266860728,27.09020238030203,0.12194226627538456,0.5898684026210501,1.07268028830525,t-Test,FDR correction BH,0.623878937539989,False,control,10 µm sulforaphane,2.1033373919208382,1.6667948875793996,Unpaired t-test
1129,P37652,-3.076461278136697,0.021761320744012057,27.137477186498376,27.35559774366598,0.1005622955107086,0.07048105435033396,-0.21812055716760526,t-Test,FDR correction BH,0.623878937539989,False,control,10 µm sulforaphane,0.8596846446733706,1.6623147498548414,Unpaired t-test
1315,P69811,3.067797780732015,0.022004028917385503,29.010214371188923,28.373903658186794,0.09355805144337186,0.3468590948368767,0.6363107130021284,t-Test,FDR correction BH,0.623878937539989,False,control,10 µm sulforaphane,1.5543492614759944,1.657497792978193,Unpaired t-test
952,P24228,2.9738712170489947,0.024832765634678938,25.662899604970036,24.869201128757755,0.30384690334359954,0.3483804610194164,0.7936984762122812,t-Test,FDR correction BH,0.6744099893002133,False,control,10 µm sulforaphane,1.7335127843640503,1.604974910208059,Unpaired t-test
836,P11349,2.9694950482798874,0.024973844987847823,27.512088107174563,26.87981177860749,0.36737295013565285,0.03235456150045403,0.6322763285670732,t-Test,FDR correction BH,0.6744099893002133,False,control,10 µm sulforaphane,1.550008716526862,1.60251458826729,Unpaired t-test
1105,P37127,2.96298164054262,0.025185435285070206,25.25578167953944,24.582624812021262,0.08451016734325598,0.38432092228945736,0.6731568675181769,t-Test,FDR correction BH,0.6744099893002133,False,control,10 µm sulforaphane,1.5945583236142589,1.5988505387403413,Unpaired t-test
1011,P28635,-2.9176635996611204,0.026712432848735996,28.89922612798075,29.1061977665611,0.042396399359554894,0.11532091785106634,-0.20697163858034884,t-Test,FDR correction BH,0.6767931820025546,False,control,10 µm sulforaphane,0.8663538875701964,1.5732865565811758,Unpaired t-test
851,P13458,-2.9165954407323142,0.02674961137963667,24.937831480773276,25.31875229653851,0.1552487497194583,0.16453121193845002,-0.38092081576523285,t-Test,FDR correction BH,0.6767931820025546,False,control,10 µm sulforaphane,0.7679472835016597,1.5726825230597747,Unpaired t-test
441,P0AA39,-2.885665316311371,0.027850787951792473,25.419660922703358,26.037974183611958,0.3503077835498944,0.12255666746689915,-0.6183132609086002,t-Test,FDR correction BH,0.6767931820025546,False,control,10 µm sulforaphane,0.6514321100160292,1.5551625132990623,Unpaired t-test
1432,Q46845,-2.881945400566947,0.02798648716729151,24.996997936027114,25.646890496016837,0.3865452931744768,0.056035694169202566,-0.6498925599897234,t-Test,FDR correction BH,0.6767931820025546,False,control,10 µm sulforaphane,0.6373277748008211,1.553051610272787,Unpaired t-test
194,P0A6W9,2.881941422495605,0.027986632665132877,27.53648715340812,26.70205719758708,0.30175121718425013,0.40055211761467496,0.8344299558210402,t-Test,FDR correction BH,0.6767931820025546,False,control,10 µm sulforaphane,1.7831523324246572,1.5530493524422488,Unpaired t-test
1433,Q46856,-2.85544192527351,0.028974200073046658,27.939107456813744,29.108019480437097,0.6842939989644587,0.18567634718761847,-1.1689120236233528,t-Test,FDR correction BH,0.6767931820025546,False,control,10 µm sulforaphane,0.44475661745737066,1.537988545309399,Unpaired t-test
394,P0A9F3,-2.8416717238812774,0.029502155550979035,26.103952720495172,26.626272471603443,0.21238121869563026,0.2371697476785945,-0.5223197511082702,t-Test,FDR correction BH,0.6767931820025546,False,control,10 µm sulforaphane,0.6962514098444393,1.5301462514897852,Unpaired t-test
453,P0AAD6,-2.834677214897813,0.02977428827751906,25.89096095492417,27.56257899429022,0.8513889753120949,0.5642571876280701,-1.6716180393660487,t-Test,FDR correction BH,0.6767931820025546,False,control,10 µm sulforaphane,0.31390109368428365,1.5261586110656855,Unpaired t-test
356,P0A8Z3,-2.8321986975575375,0.029871366519449875,27.001235328591306,27.54861055425165,0.16936635738572567,0.2887444423875284,-0.5473752256603426,t-Test,FDR correction BH,0.6767931820025546,False,control,10 µm sulforaphane,0.6842639155192475,1.5247449093583234,Unpaired t-test
1316,P69829,2.8202325465960225,0.030344872088466673,26.958570165755145,26.22558072256551,0.21600088384135255,0.394960419388642,0.7329894431896342,t-Test,FDR correction BH,0.6767931820025546,False,control,10 µm sulforaphane,1.662079561003024,1.5179146888339252,Unpaired t-test
554,P0ACA7,-2.818279215154256,0.03042293003469298,26.1332378766323,26.43182902907831,0.14087832542878137,0.11759361156738234,-0.29859115244600787,t-Test,FDR correction BH,0.6767931820025546,False,control,10 µm sulforaphane,0.8130459796828308,1.5167989613343091,Unpaired t-test
588,P0ACX3,-2.7517221160851983,0.03321590946707735,27.37055986801483,27.878561628414495,0.30611970947882483,0.09238956687423902,-0.5080017603996652,t-Test,FDR correction BH,0.727730380142331,False,control,10 µm sulforaphane,0.7031957419052953,1.4786538518743721,Unpaired t-test
484,P0AB52,2.713374249859663,0.03494901006467223,28.457239771972915,26.308440302722563,1.0548609117819894,0.8767682574177714,2.1487994692503527,t-Test,FDR correction BH,0.7327056355427136,False,control,10 µm sulforaphane,4.434586135966857,1.4565651211926647,Unpaired t-test
58,P05459,-2.6890933575505964,0.03609621854814616,27.638966507317626,27.93771381240173,0.13107685088630716,0.14087501770820163,-0.2987473050841025,t-Test,FDR correction BH,0.7327056355427136,False,control,10 µm sulforaphane,0.812957982981907,1.4425382925456647,Unpaired t-test
143,P0A6A0,-2.6843271046495163,0.03632610081925891,24.548537004963226,25.370297216943136,0.4054340677310513,0.34172334369714785,-0.8217602119799103,t-Test,FDR correction BH,0.7327056355427136,False,control,10 µm sulforaphane,0.5657512562143473,1.4397812160530428,Unpaired t-test
460,P0AAJ3,-2.6804820201593538,0.03651269353652738,26.799516345941978,27.674130949323683,0.475566327606492,0.3053395677936672,-0.8746146033817048,t-Test,FDR correction BH,0.7327056355427136,False,control,10 µm sulforaphane,0.5453995430422911,1.4375561280225533,Unpaired t-test
5,P00490,-2.6577232197400633,0.037638281493051484,26.929022122797203,27.557823120713422,0.4060333409210045,0.05537951958684139,-0.628800997916219,t-Test,FDR correction BH,0.7327056355427136,False,control,10 µm sulforaphane,0.6467136660087569,1.424370214020629,Unpaired t-test
1262,P63235,2.640805627814201,0.03849893644386692,30.550950368558684,29.673227241675313,0.2900159455754776,0.49729178041195793,0.877723126883371,t-Test,FDR correction BH,0.7327056355427136,False,control,10 µm sulforaphane,1.8374730966366033,1.4145512679704555,Unpaired t-test
60,P05791,-2.633658489218949,0.038868814877449,26.6555434269735,27.137763751112754,0.2997327285896923,0.10361495885771006,-0.4822203241392522,t-Test,FDR correction BH,0.7327056355427136,False,control,10 µm sulforaphane,0.7158750359242478,1.410398700944004,Unpaired t-test
875,P16659,2.628238783112847,0.039151817614474754,29.433547835681722,29.011890362325488,0.2631452433501534,0.08928201255608174,0.42165747335623394,t-Test,FDR correction BH,0.7327056355427136,False,control,10 µm sulforaphane,1.3394655469176264,1.4072480711127318,Unpaired t-test
541,P0AC41,-2.6207437348063167,0.03954680897722078,24.96582470194836,25.616678057890912,0.23905109379343883,0.3576073183147749,-0.6508533559425516,t-Test,FDR correction BH,0.7327056355427136,False,control,10 µm sulforaphane,0.6369034730094114,1.4028885538728744,Unpaired t-test
1358,P76187,-2.618840276704369,0.03964779560874593,25.82723381102504,26.711088307233574,0.28254136979103855,0.5117479421049793,-0.8838544962085351,t-Test,FDR correction BH,0.7327056355427136,False,control,10 µm sulforaphane,0.5419176360636789,1.4017809541615416,Unpaired t-test
885,P18390,2.5982688878672855,0.04075686448777037,26.129751058737767,25.274167266133418,0.4006911855203401,0.40588441368392364,0.8555837926043495,t-Test,FDR correction BH,0.7327056355427136,False,control,10 µm sulforaphane,1.809490825052725,1.3897992345782348,Unpaired t-test
368,P0A937,-2.5976814764799,0.0407890139961313,27.123982250010187,28.711541757488224,0.44479582551712327,0.9605470038387774,-1.587559507478037,t-Test,FDR correction BH,0.7327056355427136,False,control,10 µm sulforaphane,0.3327338371036939,1.3894567928740051,Unpaired t-test
661,P0AE74,2.5906393268828825,0.04117654132237598,26.50460678619998,25.520714017194912,0.6431542683079278,0.13808880425512676,0.9838927690050667,t-Test,FDR correction BH,0.7327056355427136,False,control,10 µm sulforaphane,1.9777948240160148,1.3853501353209454,Unpaired t-test
357,P0A901,-2.5802119571763513,0.04175755455271858,26.5104816145023,27.04752455146091,0.3089836106920599,0.18572763737010345,-0.5370429369586098,t-Test,FDR correction BH,0.7327056355427136,False,control,10 µm sulforaphane,0.689182064999726,1.3792649428448207,Unpaired t-test
301,P0A877,-2.5781749201876427,0.04187207110466986,25.458046584158513,25.745674418233406,0.13339847414238096,0.13979796788333754,-0.28762783407489323,t-Test,FDR correction BH,0.7327056355427136,False,control,10 µm sulforaphane,0.8192480085397301,1.3780755572104146,Unpaired t-test
1356,P76149,-2.5772652063385064,0.041923320309450736,26.5377799785352,27.22921601733582,0.07757435837127656,0.4581585661824448,-0.6914360388006173,t-Test,FDR correction BH,0.7327056355427136,False,control,10 µm sulforaphane,0.6192371629446222,1.37754432872069,Unpaired t-test
253,P0A7L3,-2.5678598729692914,0.04245709292748101,30.597821205582203,32.01091319402154,0.924492871293871,0.23195156780492324,-1.4130919884393371,t-Test,FDR correction BH,0.7327056355427136,False,control,10 µm sulforaphane,0.37550603813337186,1.372049745656963,Unpaired t-test
509,P0ABH9,-2.565994466086551,0.0425638128531037,27.643158557440863,28.064276689556717,0.2710254196566741,0.0857111574309097,-0.42111813211585414,t-Test,FDR correction BH,0.7327056355427136,False,control,10 µm sulforaphane,0.7468455721389301,1.3709594750059246,Unpaired t-test
1139,P37773,2.555279879642757,0.043182328523707944,27.93804274048155,27.22052213989197,0.1492872874101354,0.4628800211566754,0.7175206005895802,t-Test,FDR correction BH,0.7346076122974317,False,control,10 µm sulforaphane,1.6443536372079464,1.3646939428787774,Unpaired t-test
656,P0AE45,2.513334662847954,0.04569679225903762,26.325449695349427,25.10969171329397,0.5155631867948233,0.660423085861274,1.2157579820554574,t-Test,FDR correction BH,0.7683437396112605,False,control,10 µm sulforaphane,2.322627800934627,1.3401142846805547,Unpaired t-test
803,P0AGI8,2.487476190765361,0.04732366983443832,26.22312047641718,25.5833311549842,0.422095586536586,0.14246864895339414,0.6397893214329784,t-Test,FDR correction BH,0.7734300680704799,False,control,10 µm sulforaphane,1.5581016111735484,1.3249215842671154,Unpaired t-test
698,P0AET5,2.4823491674988527,0.04765343591500259,30.62321384180529,30.230095343284127,0.2670559559828259,0.06261008846638885,0.39311849852116154,t-Test,FDR correction BH,0.7734300680704799,False,control,10 µm sulforaphane,1.313228985573113,1.3219057803324912,Unpaired t-test
1027,P30850,2.481947708308411,0.047679359574953596,28.148440464018464,27.6227268454907,0.14181292493719208,0.33835751463658487,0.5257136185277638,t-Test,FDR correction BH,0.7734300680704799,False,control,10 µm sulforaphane,1.4396455140214843,1.321669586634675,Unpaired t-test
1194,P45577,-2.4581226781982455,0.04924476130718525,29.080933749019998,29.40835052070877,0.16287295511510846,0.16339351245637715,-0.32741677168877104,t-Test,FDR correction BH,0.7734300680704799,False,control,10 µm sulforaphane,0.7969622135539375,1.3076399632657156,Unpaired t-test
76,P06961,2.4554494632079797,0.04942375061353369,25.429045459872185,25.125810094019798,0.13492334327337885,0.16597778823555867,0.3032353658523874,t-Test,FDR correction BH,0.7734300680704799,False,control,10 µm sulforaphane,1.2339084571355259,1.306064300436268,Unpaired t-test
770,P0AG14,-2.449685930155619,0.049811990949599656,27.334632491541115,27.668683536283176,0.2330507655453934,0.03838560140569341,-0.33405104474206126,t-Test,FDR correction BH,0.7734300680704799,False,control,10 µm sulforaphane,0.7933057743312255,1.3026660994813335,Unpaired t-test
41,P04079,2.4417516773685928,0.05035171164952313,29.00954614260645,28.63533295858236,0.13494289917720084,0.22858839005943,0.37421318402408943,t-Test,FDR correction BH,0.7734300680704799,False,control,10 µm sulforaphane,1.2961324780644694,1.2979857615094126,Unpaired t-test
62,P05847,-2.440912090260111,0.05040918265548845,25.340231919909872,26.45906551974541,0.7019721191502197,0.3708586224070399,-1.1188335998355363,t-Test,FDR correction BH,0.7734300680704799,False,control,10 µm sulforaphane,0.46046595559324094,1.297490344241852,Unpaired t-test
490,P0AB80,-2.4291088601250777,0.05122447193367396,28.230002701487862,28.793730033109377,0.37186511510804876,0.15260440952321616,-0.5637273316215143,t-Test,FDR correction BH,0.7734300680704799,False,control,10 µm sulforaphane,0.676551971303445,1.290522509988233,Unpaired t-test
17,P00936,2.4218720711827313,0.05173118372169448,25.478724756570053,25.044397970816327,0.13754317396821936,0.27850522610274236,0.43432678575372563,t-Test,FDR correction BH,0.7734300680704799,False,control,10 µm sulforaphane,1.351280129178193,1.2862475838774379,Unpaired t-test
340,P0A8R0,-2.4083735277271274,0.05269045175239532,29.741065177071242,30.079811112075866,0.1662566104319193,0.17806987318845957,-0.33874593500462424,t-Test,FDR correction BH,0.7734300680704799,False,control,10 µm sulforaphane,0.7907283551137172,1.2782680778984317,Unpaired t-test
404,P0A9K3,-2.3926662369501,0.05383022167419163,28.029027490923205,28.46047810933115,0.2944551561237138,0.10413620119619463,-0.4314506184079434,t-Test,FDR correction BH,0.7734300680704799,False,control,10 µm sulforaphane,0.7415158220761997,1.2689738317451522,Unpaired t-test
539,P0AC33,-2.3765141404569086,0.05502924525778602,26.81649952016782,27.29668841688966,0.34006477404237745,0.08267894648612253,-0.4801888967218382,t-Test,FDR correction BH,0.7734300680704799,False,control,10 µm sulforaphane,0.7168837539571391,1.2594064436239985,Unpaired t-test
81,P06988,-2.3737496289263134,0.055237250777950185,26.366141796363866,26.66842093666313,0.09239921005967171,0.20027655824177634,-0.3022791402992624,t-Test,FDR correction BH,0.7734300680704799,False,control,10 µm sulforaphane,0.8109702295686776,1.2577679448956864,Unpaired t-test
1065,P33195,-2.3721072888548744,0.05536121205165731,27.87811223261651,28.30886299368384,0.27938956340555193,0.14445124991225775,-0.4307507610673298,t-Test,FDR correction BH,0.7734300680704799,False,control,10 µm sulforaphane,0.741875621736271,1.2567944102134323,Unpaired t-test
934,P23869,2.371853645175302,0.05538038261456176,29.85322057127468,29.250221404268917,0.38668883782660124,0.21064717336432337,0.6029991670057626,t-Test,FDR correction BH,0.7734300680704799,False,control,10 µm sulforaphane,1.5188708128370925,1.2566440481061747,Unpaired t-test
1003,P27833,-2.3682894491539126,0.05565050266113677,26.570216438212015,26.955068352483373,0.14361180982366478,0.24206694659988884,-0.38485191427135845,t-Test,FDR correction BH,0.7734300680704799,False,control,10 µm sulforaphane,0.7658576061239798,1.2545309085624794,Unpaired t-test
1115,P37615,2.3644159606753807,0.05594562630259741,25.867870652491096,25.228761748768942,0.21344422890815107,0.4166927135244794,0.6391089037221533,t-Test,FDR correction BH,0.7734300680704799,False,control,10 µm sulforaphane,1.5573669375666157,1.2522338599290839,Unpaired t-test
919,P23003,2.361590468736678,0.05616193440345809,27.04426013510221,26.07613269434202,0.6491941732941676,0.28760578569257017,0.9681274407601883,t-Test,FDR correction BH,0.7734300680704799,False,control,10 µm sulforaphane,1.9562997493989853,1.2505579420769775,Unpaired t-test
604,P0AD68,-2.345910029069576,0.057378354029990586,25.871529842245053,26.175619866704096,0.11802204246403451,0.19099527681112782,-0.3040900244590432,t-Test,FDR correction BH,0.774719153119665,False,control,10 µm sulforaphane,0.809952930830274,1.2412519141929368,Unpaired t-test
1147,P39099,-2.3355863568483186,0.0581942135594941,26.542879655535927,27.073484953645014,0.3741322160638465,0.12190695061537413,-0.5306052981090872,t-Test,FDR correction BH,0.774719153119665,False,control,10 µm sulforaphane,0.6922642262689728,1.2351201965204943,Unpaired t-test
4,P00448,-2.332243610187946,0.058460971201377256,25.141666609678918,25.346100220987875,0.14809429639619287,0.03344333005596146,-0.2044336113089571,t-Test,FDR correction BH,0.774719153119665,False,control,10 µm sulforaphane,0.8678793416581373,1.2331339740641896,Unpaired t-test
879,P17169,-2.3290355311394753,0.058718181616713105,28.93482209013578,29.341760887165282,0.2763365473174986,0.12338443171906949,-0.406938797029504,t-Test,FDR correction BH,0.774719153119665,False,control,10 µm sulforaphane,0.7542220337743804,1.2312274021051888,Unpaired t-test
310,P0A8D0,2.3245422638604953,0.05908041843030723,26.773847469261028,26.127444069247908,0.3794364292563139,0.2966641907482318,0.6464034000131207,t-Test,FDR correction BH,0.774719153119665,False,control,10 µm sulforaphane,1.5652611737025,1.2285564375081928,Unpaired t-test
976,P25889,2.317541226249105,0.059649474745887845,26.87549622177127,26.53458892100747,0.12417285371636817,0.2224751328015454,0.3409073007638028,t-Test,FDR correction BH,0.774719153119665,False,control,10 µm sulforaphane,1.2665528697492128,1.2243933762344918,Unpaired t-test
716,P0AF26,2.3095649908936506,0.060304761292309925,25.774863932490064,24.869685058732056,0.33462124696131723,0.5906326270999013,0.9051788737580075,t-Test,FDR correction BH,0.774719153119665,False,control,10 µm sulforaphane,1.8727766782664934,1.2196483972902916,Unpaired t-test
2,P00370,-2.3008167039035237,0.06103210047477014,26.895648949639096,27.179083086233703,0.2115067175548786,0.028126872908416433,-0.28343413659460737,t-Test,FDR correction BH,0.774719153119665,False,control,10 µm sulforaphane,0.8216329038596893,1.2144416831500044,Unpaired t-test
432,P0A9W9,-2.3002749234700692,0.06107744360694454,26.930231185203258,27.20373230692911,0.17999638147341743,0.10006221451832523,-0.2735011217258503,t-Test,FDR correction BH,0.774719153119665,False,control,10 µm sulforaphane,0.8273093993245116,1.2141191486069638,Unpaired t-test
694,P0AES2,-2.2905336280920747,0.0618987258087622,25.778429061024934,26.171420971514717,0.24227945898102163,0.17208059367531772,-0.39299191048978344,t-Test,FDR correction BH,0.7783091958214795,False,control,10 µm sulforaphane,0.7615486400113369,1.2083182908816439,Unpaired t-test
607,P0ADA5,-2.274586673222869,0.06326806591636747,28.712924242227576,28.96167800454527,0.032492682773058425,0.1866131996688313,-0.24875376231769408,t-Test,FDR correction BH,0.7816892290986575,False,control,10 µm sulforaphane,0.8416231173816665,1.1988154415751122,Unpaired t-test
75,P06959,-2.274310477308181,0.06329205767899387,29.007525355909856,29.38837140721158,0.20086453252311892,0.20923093666727463,-0.3808460513017238,t-Test,FDR correction BH,0.7816892290986575,False,control,10 µm sulforaphane,0.767987081693765,1.1986507848104284,Unpaired t-test
704,P0AEX5,-2.2686104927673587,0.06378930085314079,26.12915618038693,26.543209444957657,0.2822930537521548,0.14228406586075837,-0.4140532645707289,t-Test,FDR correction BH,0.7816892290986575,False,control,10 µm sulforaphane,0.7505118392082002,1.195252157800738,Unpaired t-test
996,P27303,-2.239740054390687,0.06637078732662627,27.05495399197202,27.364707748158008,0.2206362368592742,0.09327095652400025,-0.30975375618598733,t-Test,FDR correction BH,0.7918031498037048,False,control,10 µm sulforaphane,0.8067794511737281,1.1780230304884205,Unpaired t-test
88,P07003,-2.235778930464567,0.06673332592786822,27.910129931476668,28.55224546654263,0.43250560512450004,0.24574435417683177,-0.6421155350659618,t-Test,FDR correction BH,0.7918031498037048,False,control,10 µm sulforaphane,0.6407726451543854,1.1756572297704606,Unpaired t-test
633,P0ADT2,-2.235524060272835,0.06675672275944185,28.347110543304346,28.671631051100604,0.24504580331238388,0.056315558763276735,-0.3245205077962581,t-Test,FDR correction BH,0.7918031498037048,False,control,10 µm sulforaphane,0.7985637518417203,1.175504991981196,Unpaired t-test
168,P0A6K6,2.234998794830459,0.06680496837901244,30.191221355863572,29.796253565662223,0.24654798103746578,0.18139294488954347,0.3949677902013491,t-Test,FDR correction BH,0.7918031498037048,False,control,10 µm sulforaphane,1.3149134029483076,1.1751912372347828,Unpaired t-test
274,P0A7X3,2.225730888631286,0.0676621825085807,30.740935671496956,29.025260292451158,1.3044887184638627,0.2843897229757039,1.7156753790457984,t-Test,FDR correction BH,0.7920098138407152,False,control,10 µm sulforaphane,3.2845036733583446,1.1696539977371276,Unpaired t-test
1035,P31060,-2.2195870803814333,0.06823670071901189,25.313179833394837,25.74767014551138,0.22880569751447377,0.2502106910246239,-0.4344903121165409,t-Test,FDR correction BH,0.7920098138407152,False,control,10 µm sulforaphane,0.7399551262508323,1.165981979703467,Unpaired t-test
947,P24183,-2.2156895066171494,0.06860378034729714,25.578480869238142,26.203991177693535,0.44246381527547113,0.20813894139610484,-0.625510308455393,t-Test,FDR correction BH,0.7920098138407152,False,control,10 µm sulforaphane,0.6481904595758807,1.1636519522417104,Unpaired t-test
228,P0A7B1,2.209088368342369,0.06923014441996199,26.440691948015115,26.27658495562608,0.11748296393954684,0.05247397479875801,0.16410699238903348,t-Test,FDR correction BH,0.7920098138407152,False,control,10 µm sulforaphane,1.1204723069895137,1.1597047624124386,Unpaired t-test
530,P0ABZ4,2.183490248465049,0.07171541072841792,26.12095945397012,25.635308653380534,0.2525017753445179,0.2909538624140435,0.48565080058958543,t-Test,FDR correction BH,0.7920098138407152,False,control,10 µm sulforaphane,1.4002173620337095,1.144387509950549,Unpaired t-test
812,P0C037,-2.1827625662044623,0.07178738888824532,28.348470319854872,28.679854614423878,0.20383060804876324,0.16613213428659088,-0.33138429456900553,t-Test,FDR correction BH,0.7920098138407152,False,control,10 µm sulforaphane,0.7947735167849472,1.1439518429066229,Unpaired t-test
1111,P37340,-2.1822279405326617,0.07184031839258066,25.26840070643013,25.56970728545138,0.1263496829589908,0.20304716076107895,-0.3013065790212508,t-Test,FDR correction BH,0.7920098138407152,False,control,10 µm sulforaphane,0.8115171117085993,1.1436317515657737,Unpaired t-test
34,P02931,-2.1722188304552943,0.07283869942364311,27.68580594068628,28.10392135378355,0.14032423654672518,0.30242079842615444,-0.4181154130972722,t-Test,FDR correction BH,0.7920098138407152,False,control,10 µm sulforaphane,0.74840162017188,1.1376378173825785,Unpaired t-test
1227,P60438,2.169454472503528,0.07311694427643058,30.421518145482125,29.240728962312247,0.5887284421785921,0.7362871199131484,1.1807891831698782,t-Test,FDR correction BH,0.7920098138407152,False,control,10 µm sulforaphane,2.267007530135225,1.1359819670501408,Unpaired t-test
701,P0AEU7,-2.168080381643336,0.0732556590722397,30.966494960053552,31.655927864159228,0.5352942930837122,0.12968176779024607,-0.6894329041056757,t-Test,FDR correction BH,0.7920098138407152,False,control,10 µm sulforaphane,0.620097550585158,1.1351588199989189,Unpaired t-test
615,P0ADE8,-2.1679048167887376,0.07327340187077264,27.813798843469584,28.195562934459918,0.24519990770188357,0.18140758377799912,-0.3817640909903339,t-Test,FDR correction BH,0.7920098138407152,False,control,10 µm sulforaphane,0.7674985388439508,1.1350536449642268,Unpaired t-test
53,P05020,2.1649980451476716,0.07356780674574306,27.91323916347322,27.51523149450184,0.1915504251269339,0.25435611407399544,0.3980076689713812,t-Test,FDR correction BH,0.7920098138407152,False,control,10 µm sulforaphane,1.3176869561781919,1.1333121912515016,Unpaired t-test
1323,P75745,-2.1548297160292833,0.07460727857410861,26.10140368022317,26.395374072468236,0.1214221818656903,0.20270949720466874,-0.2939703922450647,t-Test,FDR correction BH,0.7920098138407152,False,control,10 µm sulforaphane,0.8156542324572137,1.1272188013427054,Unpaired t-test
292,P0A843,-2.1509122594103762,0.07501176082016343,28.16113627954609,28.62826751117033,0.3680189836017552,0.07785323700001458,-0.46713123162424,t-Test,FDR correction BH,0.7920098138407152,False,control,10 µm sulforaphane,0.7234016372819727,1.1248706398233255,Unpaired t-test
1041,P31433,-2.1396950284376697,0.0761824477506615,25.954444251079543,26.422811518999932,0.2713392590006247,0.26480046599054724,-0.46836726792038874,t-Test,FDR correction BH,0.7920098138407152,False,control,10 µm sulforaphane,0.7227821246820524,1.1181450775200803,Unpaired t-test
865,P15770,-2.139076561747139,0.07624753661135432,25.676778178631007,26.1286051614755,0.33491938986919495,0.14723220362606937,-0.4518269828444943,t-Test,FDR correction BH,0.7920098138407152,False,control,10 µm sulforaphane,0.731116399066392,1.1177741828451428,Unpaired t-test
714,P0AF20,-2.1388149009483794,0.07627509155977082,27.00496960096605,27.713607450930994,0.44353392081804244,0.36414527782415834,-0.7086378499649442,t-Test,FDR correction BH,0.7920098138407152,False,control,10 µm sulforaphane,0.6118976018293186,1.117617262362981,Unpaired t-test
338,P0A8P8,2.1330369380546466,0.07688616515678255,25.752878329819143,25.17412120523789,0.2148960393067081,0.41794707910193984,0.5787571245812551,t-Test,FDR correction BH,0.7920098138407152,False,control,10 µm sulforaphane,1.4935619971564522,1.1141517998163613,Unpaired t-test
234,P0A7D4,2.129814241332575,0.07722917271890792,30.56109893382759,30.02307786461028,0.2517151136105947,0.3578842336855863,0.5380210692173115,t-Test,FDR correction BH,0.7920098138407152,False,control,10 µm sulforaphane,1.4519794845570204,1.1122186173115391,Unpaired t-test
1271,P64451,-2.112281738151474,0.07912288620030776,26.304086346652845,26.72029409783454,0.12901099395506677,0.3159628954666042,-0.4162077511816946,t-Test,FDR correction BH,0.794535075112422,False,control,10 µm sulforaphane,0.749391879068806,1.1016978791711711,Unpaired t-test
450,P0AAC0,2.104132916102,0.08001915813312545,28.333024156082235,27.288975450523147,0.2776896840933666,0.8133268495155509,1.0440487055590886,t-Test,FDR correction BH,0.794535075112422,False,control,10 µm sulforaphane,2.062006249994929,1.096806022065512,Unpaired t-test
198,P0A6Y5,2.098582138349704,0.08063561088219212,28.980537005638496,28.16363590687277,0.19158715956297373,0.6464303604692485,0.8169010987657259,t-Test,FDR correction BH,0.794535075112422,False,control,10 µm sulforaphane,1.7616179797203557,1.093473119558288,Unpaired t-test
485,P0AB58,-2.0964746556416105,0.08087093002746534,25.054005831228938,25.50818855521394,0.1910248482715125,0.3229701193932382,-0.4541827239850029,t-Test,FDR correction BH,0.794535075112422,False,control,10 µm sulforaphane,0.7299235512861327,1.0922075624109158,Unpaired t-test
788,P0AG90,2.090174934584354,0.08157853819802385,28.779867443503527,28.556785624135035,0.16128649643760848,0.09033140695809651,0.2230818193684918,t-Test,FDR correction BH,0.794535075112422,False,control,10 µm sulforaphane,1.167224296574875,1.0884240810515275,Unpaired t-test
1109,P37329,2.089553404293718,0.0816486923619964,26.864322993598485,26.57948113274883,0.20725348681236994,0.11310635547882347,0.28484186084965657,t-Test,FDR correction BH,0.794535075112422,False,control,10 µm sulforaphane,1.2182767165299542,1.088050766279632,Unpaired t-test
1331,P75829,2.087000124834687,0.08193753575123808,27.76818995605888,27.2744993090301,0.294241360420024,0.28512637903095917,0.4936906470287781,t-Test,FDR correction BH,0.794535075112422,False,control,10 µm sulforaphane,1.4080422720624641,1.0865171014730926,Unpaired t-test
8,P00561,-2.0843994610604417,0.08223281106814219,26.700504414521255,26.891859481448304,0.08146118484030908,0.1365565708433378,-0.1913550669270485,t-Test,FDR correction BH,0.794535075112422,False,control,10 µm sulforaphane,0.875782746461977,1.0849548634497586,Unpaired t-test
1220,P56258,-2.0827499954849125,0.082420650945272,25.138409411494813,25.375314236576532,0.15948081431259825,0.11567385256615881,-0.2369048250817194,t-Test,FDR correction BH,0.794535075112422,False,control,10 µm sulforaphane,0.8485638798105842,1.0839639598087214,Unpaired t-test
869,P16384,2.075876326594615,0.0832081399619367,26.517856386825542,26.13402736875753,0.14813803098708467,0.28393463807120567,0.3838290180680133,t-Test,FDR correction BH,0.7968143734103341,False,control,10 µm sulforaphane,1.3048002992771417,1.0798341861175556,Unpaired t-test
205,P0A717,2.0493347069463588,0.08632149761263248,30.28049973502672,30.05097905569763,0.1269540542991674,0.1466734180604997,0.22952067932908804,t-Test,FDR correction BH,0.812300221942428,False,control,10 µm sulforaphane,1.172445351539698,1.0638810335793132,Unpaired t-test
1057,P32176,-2.0470737343464287,0.08659212655270142,25.84238831678481,26.251577042329643,0.2753794754562685,0.2098420519717879,-0.40918872554483343,t-Test,FDR correction BH,0.812300221942428,False,control,10 µm sulforaphane,0.753046717383858,1.0625215947051245,Unpaired t-test
552,P0AC92,-2.034090392651604,0.08816293986452749,28.25291283560133,28.714072769781573,0.2822047084736392,0.2730573793475673,-0.4611599341802446,t-Test,FDR correction BH,0.812300221942428,False,control,10 µm sulforaphane,0.726401992903512,1.0547139363501148,Unpaired t-test
150,P0A6D7,2.0295359236583224,0.08872079420075392,29.197440200445087,28.847620222348482,0.13562666895012568,0.2659586175728499,0.3498199780966047,t-Test,FDR correction BH,0.812300221942428,False,control,10 µm sulforaphane,1.2744015954319188,1.051974579173356,Unpaired t-test
1167,P39406,2.0272248293680346,0.08900523599308975,27.532200978470968,26.79875089170964,0.18143711452719993,0.599815344194293,0.7334500867613265,t-Test,FDR correction BH,0.812300221942428,False,control,10 µm sulforaphane,1.6626103374225591,1.0505844439616199,Unpaired t-test
517,P0ABN5,2.0269315961840233,0.08904139217188956,29.452639696467443,28.32297442456585,0.8230908255709564,0.5043453494427823,1.1296652719015938,t-Test,FDR correction BH,0.812300221942428,False,control,10 µm sulforaphane,2.1880796744847317,1.0504080583786168,Unpaired t-test
321,P0A8H6,-2.026694293009649,0.08907066297650189,26.63258785885284,27.11782531915799,0.2846394267333323,0.3015803050559535,-0.48523746030515014,t-Test,FDR correction BH,0.812300221942428,False,control,10 µm sulforaphane,0.7143794769453453,1.0502653151035717,Unpaired t-test
746,P0AFI2,2.0246815792897452,0.08931931901026698,27.06086909862362,26.523007409867624,0.3635748690132439,0.28200538956144083,0.5378616887559957,t-Test,FDR correction BH,0.812300221942428,False,control,10 µm sulforaphane,1.4518190872650227,1.049054596742681,Unpaired t-test
1376,P76445,2.0158444153554234,0.09041943412183463,25.555400338827486,25.15128541707116,0.22770355065690095,0.26213529994403484,0.40411492175632446,t-Test,FDR correction BH,0.8171656358760805,False,control,10 µm sulforaphane,1.3232768448884278,1.0437382152682548,Unpaired t-test
1040,P31224,-2.001230115925293,0.09226890340884757,27.717366913594436,27.852663406767007,0.10220554940789614,0.05714900657606688,-0.13529649317257153,t-Test,FDR correction BH,0.8287008343428173,False,control,10 µm sulforaphane,0.910482697962267,1.0349446408314849,Unpaired t-test
241,P0A7F9,1.9910074709651788,0.09358528287253856,27.582801619294795,27.04607793482718,0.3228800153975856,0.3372814659200957,0.5367236844676135,t-Test,FDR correction BH,0.8325179388279418,False,control,10 µm sulforaphane,1.4506743374393725,1.0287924426057553,Unpaired t-test
775,P0AG27,-1.9885464309266325,0.09390501511438852,28.193002714653773,28.36464322692401,0.1242662479458196,0.08311744677322412,-0.1716405122702369,t-Test,FDR correction BH,0.8325179388279418,False,control,10 µm sulforaphane,0.8878325379621727,1.0273112130763424,Unpaired t-test
741,P0AFG3,-1.9841862806814266,0.0944741835409266,26.533236306666346,26.90767342128529,0.21501910200385937,0.246174597045292,-0.37443711461894225,t-Test,FDR correction BH,0.8325179388279418,False,control,10 µm sulforaphane,0.7714063277529554,1.0246868526282271,Unpaired t-test
305,P0A898,-1.9783601866555933,0.09524014845478009,27.05572069013173,27.552650817062908,0.41231134904834077,0.1388445399234155,-0.4969301269311792,t-Test,FDR correction BH,0.8325179388279418,False,control,10 µm sulforaphane,0.7086130171958943,1.0211799363137606,Unpaired t-test
42,P04335,1.9758461808477727,0.09557259878661019,27.2845878852306,27.00585215803126,0.21324685732554122,0.11928681112183953,0.27873572719934003,t-Test,FDR correction BH,0.8325179388279418,False,control,10 µm sulforaphane,1.2131313185639585,1.019666604601901,Unpaired t-test
1009,P28629,1.9617714840866691,0.09745553094385499,27.653998985406208,26.86101884404001,0.40993248018834033,0.5675631900770767,0.792980141366197,t-Test,FDR correction BH,0.8325579645221861,False,control,10 µm sulforaphane,1.7326498627868505,1.0111935081088839,Unpaired t-test
1413,P77625,1.9615816080089925,0.09748118642391186,27.23064949485842,25.77973256034043,0.20640947966276443,1.2644035655688486,1.4509169345179878,t-Test,FDR correction BH,0.8325579645221861,False,control,10 µm sulforaphane,2.733817495422997,1.0110791937443655,Unpaired t-test
682,P0AEI1,1.9597346102663682,0.09773110184352836,28.70735122910082,28.35363104058579,0.10208052259786302,0.2954889777905924,0.3537201885150303,t-Test,FDR correction BH,0.8325579645221861,False,control,10 µm sulforaphane,1.2778514991764207,1.0099672048635253,Unpaired t-test
855,P14294,-1.9370894742116063,0.10084803660984269,24.615312839881916,25.386523654844773,0.17184419261601278,0.6678239561726683,-0.7712108149628563,t-Test,FDR correction BH,0.8325579645221861,False,control,10 µm sulforaphane,0.5859255167482021,0.9963325525608986,Unpaired t-test
184,P0A6T1,1.9245048687506552,0.10262312789987207,29.80508944641094,29.26927117516392,0.3919561367161405,0.28092955546216714,0.5358182712470203,t-Test,FDR correction BH,0.8325579645221861,False,control,10 µm sulforaphane,1.4497642021583022,0.9887547524076652,Unpaired t-test
366,P0A932,-1.9181144051001457,0.10353646490415923,27.849630682447998,28.323962757833588,0.39557313596970173,0.16425631291940823,-0.47433207538558975,t-Test,FDR correction BH,0.8325579645221861,False,control,10 µm sulforaphane,0.7197999587083415,0.9849066674285895,Unpaired t-test
1149,P39161,1.911897667611532,0.10443277594490535,25.642843154293548,25.150867987718733,0.24629837885221384,0.37145985708153023,0.49197516657481444,t-Test,FDR correction BH,0.8325579645221861,False,control,10 µm sulforaphane,1.4063689915678121,0.981163177789102,Unpaired t-test
1175,P40191,1.9019244912600577,0.10588690852900234,27.097377163906884,26.724632093297515,0.22473975037246097,0.2544016096682709,0.3727450706093691,t-Test,FDR correction BH,0.8325579645221861,False,control,10 µm sulforaphane,1.294814180326573,0.9751577311585239,Unpaired t-test
434,P0A9X9,1.9011696382142016,0.10599778914616295,28.27818608497736,26.86413207133359,1.1390673659568387,0.6017943476265982,1.4140540136437707,t-Test,FDR correction BH,0.8325579645221861,False,control,10 µm sulforaphane,2.6648494186927563,0.9747031929582011,Unpaired t-test
1044,P31572,1.8997563515377656,0.10620569906124866,26.0157271053332,24.908566018378966,0.9882440339501052,0.205694227913423,1.1071610869542354,t-Test,FDR correction BH,0.8325579645221861,False,control,10 µm sulforaphane,2.154213271880702,0.9738521781279561,Unpaired t-test
861,P15254,1.896210421427654,0.10672913756129544,27.18407538226959,26.975098073331658,0.12900616194572653,0.14069375634859604,0.2089773089379321,t-Test,FDR correction BH,0.8325579645221861,False,control,10 µm sulforaphane,1.1558685266276505,0.9717169999327,Unpaired t-test
769,P0AG00,-1.8860180203774073,0.10824807752440362,27.082568646938846,27.335546680230692,0.13094772341488234,0.19190625538752876,-0.2529780332918463,t-Test,FDR correction BH,0.8325579645221861,False,control,10 µm sulforaphane,0.8391624142319828,0.9655798079349398,Unpaired t-test
286,P0A821,-1.8849718696318711,0.10840519605181317,25.65681242414647,25.859881579745366,0.11499016118315651,0.14695207078884048,-0.2030691555988966,t-Test,FDR correction BH,0.8325579645221861,False,control,10 µm sulforaphane,0.8687005429847516,0.9649499007999615,Unpaired t-test
91,P07021,-1.8847196755320894,0.10844310637064074,24.96090414531251,25.500661645374613,0.40323533483985113,0.2888810199481471,-0.5397575000621018,t-Test,FDR correction BH,0.8325579645221861,False,control,10 µm sulforaphane,0.6878865249249462,0.9647980504764144,Unpaired t-test
1183,P42641,1.8783476258874807,0.10940535924315072,27.11511760808905,26.73651013598691,0.2316101917983895,0.2612297711779633,0.3786074721021393,t-Test,FDR correction BH,0.8325579645221861,False,control,10 µm sulforaphane,1.3000863714358588,0.9609614034804643,Unpaired t-test
103,P07762,-1.8767417620123228,0.10964920129649944,26.749569013687303,27.073511360636434,0.22951803718353295,0.19158020883527302,-0.3239423469491314,t-Test,FDR correction BH,0.8325579645221861,False,control,10 µm sulforaphane,0.7988838408469823,0.9599945274500817,Unpaired t-test
1084,P33920,1.8740042015254075,0.1100661330112039,27.687109859736097,27.079822033820044,0.5472844754632871,0.12458853847280434,0.6072878259160532,t-Test,FDR correction BH,0.8325579645221861,False,control,10 µm sulforaphane,1.5233926349356681,0.9583462914638559,Unpaired t-test
759,P0AFR2,1.8730646242055398,0.11020959432264428,27.47061014694709,26.752629174086138,0.4993951636890786,0.4374979849165148,0.7179809728609534,t-Test,FDR correction BH,0.8325579645221861,False,control,10 µm sulforaphane,1.6448784436252277,0.957780596228267,Unpaired t-test
717,P0AF28,1.8664039235159646,0.11123194254375744,28.166583595359352,27.77598375652187,0.31139859404824094,0.18553835397598023,0.3905998388374812,t-Test,FDR correction BH,0.8325579645221861,False,control,10 µm sulforaphane,1.31093834805083,0.9537704782358114,Unpaired t-test
351,P0A8W8,-1.8658847818676583,0.1113120202760157,30.43364631512822,30.745341725696584,0.2603492310901646,0.12623406979386373,-0.3116954105683618,t-Test,FDR correction BH,0.8325579645221861,False,control,10 µm sulforaphane,0.8056943755649427,0.9534579348776058,Unpaired t-test
1212,P52095,-1.8642208893582293,0.11156906235218059,24.756607467795472,25.040946854191663,0.2057114256511011,0.165752804160415,-0.2843393863961907,t-Test,FDR correction BH,0.8325579645221861,False,control,10 µm sulforaphane,0.8211175144671629,0.9524562168002311,Unpaired t-test
518,P0ABN9,1.864003365441496,0.1116027095240748,28.15894623924622,26.40714891477377,1.3393167635069942,0.9251614922121894,1.7517973244724487,t-Test,FDR correction BH,0.8325579645221861,False,control,10 µm sulforaphane,3.3677786622810846,0.9523252613386762,Unpaired t-test
1196,P45748,1.8613949136133394,0.1120069777546416,26.152184440984385,25.523263868918992,0.13223637748564954,0.5700824592087457,0.6289205720653932,t-Test,FDR correction BH,0.8325579645221861,False,control,10 µm sulforaphane,1.5464075347151767,0.9507549210267667,Unpaired t-test
1051,P31808,-1.8532129474695274,0.11328450838067207,26.48537873907662,26.814097212713104,0.20654381670553698,0.22743811408124207,-0.328718473636485,t-Test,FDR correction BH,0.8325579645221861,False,control,10 µm sulforaphane,0.7962434619358124,0.9458294757040313,Unpaired t-test
339,P0A8Q0,1.850813004459205,0.1136619701145442,29.760138695988026,28.833064752206866,0.7074971191420851,0.5021484172081995,0.9270739437811599,t-Test,FDR correction BH,0.8325579645221861,False,control,10 µm sulforaphane,1.9014156549745937,0.9443848205554093,Unpaired t-test
877,P16926,1.8508007838583953,0.11366389535252608,26.39295257680265,25.88737979307613,0.19610198276032062,0.4305813400364505,0.5055727837265209,t-Test,FDR correction BH,0.8325579645221861,False,control,10 µm sulforaphane,1.4196868932772206,0.9443774644172929,Unpaired t-test
587,P0ACU7,-1.8433306967467131,0.11484680589145949,26.789462897971262,27.27845807039455,0.2555036570614563,0.3818837681700919,-0.48899517242328727,t-Test,FDR correction BH,0.8325579645221861,False,control,10 µm sulforaphane,0.7125211913239099,0.9398810788581905,Unpaired t-test
969,P25665,-1.832419323403287,0.11659660086961558,26.396433902415836,27.19863916367243,0.37655117928738,0.6581608530230196,-0.8022052612565922,t-Test,FDR correction BH,0.8325579645221861,False,control,10 µm sulforaphane,0.5734719148685453,0.9333141103410452,Unpaired t-test
294,P0A850,-1.8294335699966802,0.11707998911089354,31.172031365266406,31.416118265658636,0.20508458428713175,0.10651148976770135,-0.24408690039222947,t-Test,FDR correction BH,0.8325579645221861,False,control,10 µm sulforaphane,0.8443500266692188,0.9315173266301066,Unpaired t-test
155,P0A6F5,1.8216021505466429,0.11835731536450066,32.139059411933545,31.10668495311983,0.7852615667818971,0.5890214872177479,1.0323744588137131,t-Test,FDR correction BH,0.8325579645221861,False,control,10 µm sulforaphane,2.0453878831252537,0.9268048942684693,Unpaired t-test
854,P14081,-1.8199432402236912,0.11862965021224642,26.089281965113393,26.30686480316438,0.1530807460953269,0.13944996099491633,-0.217582838050987,t-Test,FDR correction BH,0.8325579645221861,False,control,10 µm sulforaphane,0.8600051247563965,0.9258067501437028,Unpaired t-test
519,P0ABP3,1.8143577125802404,0.11955115400964383,26.70963052345016,26.304946462001936,0.34098575356296945,0.18159407485702667,0.4046840614482221,t-Test,FDR correction BH,0.8325579645221861,False,control,10 µm sulforaphane,1.323798977375085,0.9224462273474413,Unpaired t-test
480,P0AB26,-1.8142395509103169,0.11957072450712079,27.299681476129713,28.171994275608792,0.7859994064439612,0.2752323913200327,-0.8723127994790794,t-Test,FDR correction BH,0.8325579645221861,False,control,10 µm sulforaphane,0.5462704165009882,0.9223751392551761,Unpaired t-test
1064,P33136,1.8141815993541965,0.11958032387460435,27.920233841126933,27.655205808521355,0.1341793205374152,0.2145227088217552,0.26502803260557783,t-Test,FDR correction BH,0.8325579645221861,False,control,10 µm sulforaphane,1.2016593984091397,0.9223402746592789,Unpaired t-test
266,P0A7T7,-1.814110748968692,0.11959206089775301,29.389600771644858,33.50930437077504,3.931236148961649,0.1289939662914675,-4.119703599130183,t-Test,FDR correction BH,0.8325579645221861,False,control,10 µm sulforaphane,0.05752354512951778,0.922297649969172,Unpaired t-test
618,P0ADG7,1.813343550512083,0.11971922724641544,29.501230855812594,28.84289612240604,0.40097477361740375,0.4843919567305515,0.658334733406555,t-Test,FDR correction BH,0.8325579645221861,False,control,10 µm sulforaphane,1.5782598263095302,0.9218360950702421,Unpaired t-test
342,P0A8R9,-1.8093475423797114,0.12038374200480426,26.20386399623067,26.44999811503649,0.12760648139977565,0.19807305647194307,-0.24613411880581992,t-Test,FDR correction BH,0.8325579645221861,False,control,10 µm sulforaphane,0.8431527236959934,0.9194321612041205,Unpaired t-test
307,P0A8A2,-1.8029152143121596,0.12146104923741917,29.56970106305705,29.888195573865932,0.27095846497819287,0.1421365018905368,-0.3184945108088826,t-Test,FDR correction BH,0.8325579645221861,False,control,10 µm sulforaphane,0.8019062508173475,0.9155629715581518,Unpaired t-test
762,P0AFT5,-1.7955842757402682,0.12270044092774077,24.874407284843844,25.27041138684708,0.26387122682453634,0.27620650284721915,-0.39600410200323566,t-Test,FDR correction BH,0.8325579645221861,False,control,10 µm sulforaphane,0.7599602674087546,0.9111538766198526,Unpaired t-test
684,P0AEJ4,-1.7931171051073018,0.12312034157917902,24.59355909792494,24.928461547174788,0.14608659908689575,0.288633043656889,-0.33490244924984935,t-Test,FDR correction BH,0.8325579645221861,False,control,10 µm sulforaphane,0.7928377441293646,0.9096701882890956,Unpaired t-test
1188,P45464,-1.7917887865920634,0.1233470001275913,27.30325844478024,27.43318086074124,0.09022462055838719,0.08736459388941165,-0.12992241596099774,t-Test,FDR correction BH,0.8325579645221861,False,control,10 µm sulforaphane,0.9138805948090012,0.9088714083459206,Unpaired t-test
1083,P33913,1.7884179155694984,0.12392403457250116,24.847070638721352,24.58913669328854,0.22518791619805234,0.1081325584388348,0.2579339454328107,t-Test,FDR correction BH,0.8325579645221861,False,control,10 µm sulforaphane,1.1957650467779497,0.9068444557713579,Unpaired t-test
373,P0A955,1.7884036303501454,0.12392648559192838,29.534066311834668,28.95745080892553,0.5316761420940357,0.17082951495301624,0.5766155029091387,t-Test,FDR correction BH,0.8325579645221861,False,control,10 µm sulforaphane,1.491346510378599,0.9068358662052629,Unpaired t-test
170,P0A6L2,-1.7840541163380272,0.12467498340743702,29.735621661859113,29.88407192960014,0.0990530966393317,0.10468978652965891,-0.1484502677410262,t-Test,FDR correction BH,0.8325579645221861,False,control,10 µm sulforaphane,0.902219099297796,0.9042206809083483,Unpaired t-test
192,P0A6W3,1.7832170633017967,0.12481953874706661,26.977219583690488,26.109260001063312,0.43176713028380614,0.7240986887608395,0.8679595826271758,t-Test,FDR correction BH,0.8325579645221861,False,control,10 µm sulforaphane,1.8250798464156428,0.9037174266259408,Unpaired t-test
752,P0AFK4,1.7804942657882392,0.12529089333403695,25.42023617514836,24.784669540612555,0.6118875237147302,0.08863785249535987,0.635566634535806,t-Test,FDR correction BH,0.8325579645221861,False,control,10 µm sulforaphane,1.553547803383776,0.9020804941974291,Unpaired t-test
1046,P31663,1.7792881612372986,0.12550024518002223,28.618127112764014,28.152128540649315,0.3055101701537866,0.33532225962559886,0.4659985721146995,t-Test,FDR correction BH,0.8325579645221861,False,control,10 µm sulforaphane,1.381273081049323,0.9013554257349214,Unpaired t-test
311,P0A8D3,-1.7773285787881898,0.12584111575861798,26.01095156728364,26.13902616260468,0.1184640485894349,0.03929723232473582,-0.1280745953210385,t-Test,FDR correction BH,0.8325579645221861,False,control,10 µm sulforaphane,0.9150518536577461,0.9001774397358286,Unpaired t-test
1007,P28249,1.7714843956274393,0.1268631187242658,25.62147285563275,25.173181447772755,0.09149247824798493,0.4286570258841879,0.448291407859994,t-Test,FDR correction BH,0.8325579645221861,False,control,10 µm sulforaphane,1.3644234049342159,0.896664616381006,Unpaired t-test
695,P0AES4,1.7689672671608059,0.1273058060332937,28.470349993143927,28.22851169536864,0.19605715043183458,0.13278462405553862,0.24183829777528842,t-Test,FDR correction BH,0.8325579645221861,False,control,10 µm sulforaphane,1.1824984543202661,0.895151789035106,Unpaired t-test
174,P0A6N8,1.7640694684274145,0.12817152485617447,27.599565558744192,27.24628608882061,0.23983867528771036,0.25058795832462866,0.3532794699235815,t-Test,FDR correction BH,0.8325579645221861,False,control,10 µm sulforaphane,1.277461197078081,0.8922084488534081,Unpaired t-test
300,P0A873,-1.7634330743102498,0.12828443430852582,25.670905316062054,26.321974290375806,0.5089293826846581,0.3872062968094218,-0.6510689743137519,t-Test,FDR correction BH,0.8325579645221861,False,control,10 µm sulforaphane,0.6368082915442519,0.8918260365636806,Unpaired t-test
639,P0ADV1,-1.7619944492592845,0.12854003519199708,27.881279829129728,28.168246633282383,0.2293460927489198,0.16424116558951157,-0.2869668041526552,t-Test,FDR correction BH,0.8325579645221861,False,control,10 µm sulforaphane,0.8196234666352167,0.8909615855234245,Unpaired t-test
1270,P64429,-1.7612440732408865,0.12867355250623586,26.11113779016669,26.539861333877383,0.38940447908570747,0.1616332088643979,-0.4287235437106922,t-Test,FDR correction BH,0.8325579645221861,False,control,10 µm sulforaphane,0.7429188084317616,0.8905107085807283,Unpaired t-test
1205,P46853,-1.7581809402452717,0.1292199972971104,27.723510762871328,27.90103929669383,0.10530126401042035,0.13963592252406037,-0.17752853382250322,t-Test,FDR correction BH,0.8325579645221861,False,control,10 µm sulforaphane,0.8842164417652014,0.8886702723799704,Unpaired t-test
916,P22525,-1.7571810511945178,0.12939886276554663,25.423894800422598,25.653330535708506,0.18890385439889237,0.12434298701012375,-0.22943573528590733,t-Test,FDR correction BH,0.8325579645221861,False,control,10 µm sulforaphane,0.8529684382680253,0.8880695404897144,Unpaired t-test
84,P06993,1.7563926902588687,0.12954005973260532,25.60416856144199,25.02502616704965,0.15345409633080082,0.5501139705029656,0.5791423943923419,t-Test,FDR correction BH,0.8325579645221861,False,control,10 µm sulforaphane,1.4939609041826616,0.8875959070232488,Unpaired t-test
699,P0AET8,1.748609389140788,0.13094217575880632,28.22144394038889,27.64957524497212,0.3363665052052066,0.4557707373608426,0.5718686954167715,t-Test,FDR correction BH,0.8325579645221861,False,control,10 µm sulforaphane,1.486447691613576,0.8829204470386365,Unpaired t-test
632,P0ADS9,1.742013714784826,0.1321419472400496,27.211668828287713,26.97345369681671,0.20237158273540565,0.12306486118080862,0.23821513147100504,t-Test,FDR correction BH,0.8325579645221861,False,control,10 µm sulforaphane,1.179532468402131,0.8789592977291726,Unpaired t-test
909,P22186,-1.7403763021699838,0.13244145622915976,25.846214574613164,26.083315430781056,0.08011441961733376,0.22195028682461498,-0.237100856167892,t-Test,FDR correction BH,0.8325579645221861,False,control,10 µm sulforaphane,0.8484485861459463,0.8779760527099755,Unpaired t-test
1144,P38489,1.7357270996460838,0.1332954848269907,28.94345503856853,28.61659387097906,0.16111687507568415,0.28359740000115985,0.32686116758947037,t-Test,FDR correction BH,0.8325579645221861,False,control,10 µm sulforaphane,1.254281497581732,0.8751845613733414,Unpaired t-test
814,P0C058,-1.7273471911644571,0.13484840095391254,24.79228708581491,25.501743512688485,0.5547699948922811,0.44531288129508656,-0.7094564268735759,t-Test,FDR correction BH,0.8325579645221861,False,control,10 µm sulforaphane,0.6115505131097534,0.8701541990888026,Unpaired t-test
1020,P30128,-1.7236976212822457,0.13553021413786304,26.361097770581985,26.6205958853338,0.19868656618746416,0.1688702613314439,-0.25949811475181406,t-Test,FDR correction BH,0.8325579645221861,False,control,10 µm sulforaphane,0.835378480639009,0.8679638754862782,Unpaired t-test
1254,P62707,-1.7179460722007778,0.13661153469741952,28.992447129736533,29.983371622689795,0.9946171877475405,0.09411672747268164,-0.9909244929532619,t-Test,FDR correction BH,0.8325579645221861,False,control,10 µm sulforaphane,0.503155244945679,0.8645126297617419,Unpaired t-test
1341,P75913,-1.7168810391250824,0.1368126850803846,25.695725002321073,26.34935569519575,0.5565941474763481,0.3535804850887429,-0.6536306928746782,t-Test,FDR correction BH,0.8325579645221861,False,control,10 µm sulforaphane,0.6356785474870488,0.8638736335734357,Unpaired t-test
898,P21365,-1.7102807982915138,0.13806569293263238,25.798151927291723,26.600502597508914,0.4511463041125575,0.6758156627471548,-0.8023506702171908,t-Test,FDR correction BH,0.8325579645221861,False,control,10 µm sulforaphane,0.5734141176553276,0.8599142230942121,Unpaired t-test
841,P12281,1.7082602078971758,0.1384515112476074,27.25866978152178,26.396805901200075,0.646518749801369,0.5879258815631414,0.8618638803217067,t-Test,FDR correction BH,0.8325579645221861,False,control,10 µm sulforaphane,1.8173847527909899,0.8587022994134255,Unpaired t-test
1348,P75959,1.7073621309814264,0.1386233289256155,25.559290785754538,25.28428924228791,0.13982354255443022,0.24140869479682775,0.275001543466626,t-Test,FDR correction BH,0.8325579645221861,False,control,10 µm sulforaphane,1.2099953837316049,0.8581636761377038,Unpaired t-test
880,P17443,1.7002455249132826,0.13999219513562838,27.102696577626656,26.872273979798265,0.13159560154961564,0.19437632354460083,0.23042259782839025,t-Test,FDR correction BH,0.8325579645221861,False,control,10 µm sulforaphane,1.1731785492910258,0.8538961764933036,Unpaired t-test
1165,P39396,-1.6978240055484217,0.14046095243115722,27.841519259672587,28.453254039796704,0.6215517095885185,0.05597263321773955,-0.6117347801241166,t-Test,FDR correction BH,0.8325579645221861,False,control,10 µm sulforaphane,0.6544093289312067,0.8524443910657267,Unpaired t-test
98,P07639,1.6974313537117218,0.14053710512709372,26.297383458686415,25.82517869352796,0.4245705919613627,0.22782721233187098,0.47220476515845533,t-Test,FDR correction BH,0.8325579645221861,False,control,10 µm sulforaphane,1.3872278477263675,0.8522089965813353,Unpaired t-test
938,P23893,-1.69582548806947,0.14084897073647837,28.97144061709743,29.160825198147684,0.14072042178064703,0.13271387148023692,-0.18938458105025546,t-Test,FDR correction BH,0.8325579645221861,False,control,10 µm sulforaphane,0.8769797399672119,0.851246322303349,Unpaired t-test
733,P0AFC7,-1.6951781931333474,0.14097486757457559,28.882828854130402,29.027600743157848,0.11002936241030188,0.09886419550304129,-0.14477188902744587,t-Test,FDR correction BH,0.8325579645221861,False,control,10 µm sulforaphane,0.9045223843392385,0.850858304696042,Unpaired t-test
201,P0A6Z3,1.694577014330535,0.1410918926160047,30.157265164116126,29.849379354499746,0.3082991449478719,0.0631204474122461,0.3078858096163799,t-Test,FDR correction BH,0.8325579645221861,False,control,10 µm sulforaphane,1.237892306864579,0.8504979408402025,Unpaired t-test
1127,P37650,-1.69145425442568,0.14170128226700374,26.07251801871625,26.26136274079529,0.18143283918447864,0.06690933051619968,-0.18884472207903968,t-Test,FDR correction BH,0.8325579645221861,False,control,10 µm sulforaphane,0.8773079687056935,0.8486262197669051,Unpaired t-test
123,P09029,1.6894206731655337,0.1420994940232325,26.06485320302654,25.841219431008888,0.14013210287584676,0.18146864491863282,0.2236337720176529,t-Test,FDR correction BH,0.8325579645221861,False,control,10 µm sulforaphane,1.1676709438430837,0.8474074684716106,Unpaired t-test
1368,P76290,1.6861501637222893,0.14274219118120962,27.20075679146516,27.09341866651733,0.03932608716655625,0.10300848782294596,0.10733812494783024,t-Test,FDR correction BH,0.8325579645221861,False,control,10 µm sulforaphane,1.0772388194530285,0.8454476408381332,Unpaired t-test
516,P0ABN1,1.6840456051664698,0.14315725011811878,27.22466522066326,26.965496742738328,0.25459583550146697,0.07895076627865853,0.2591684779249306,t-Test,FDR correction BH,0.8325579645221861,False,control,10 µm sulforaphane,1.1967887160550361,0.8441866524865386,Unpaired t-test
736,P0AFD6,-1.6753113537182636,0.14489231327722293,27.561174594760246,28.355775527774775,0.44639672452798596,0.689646809483552,-0.7946009330145287,t-Test,FDR correction BH,0.8325579645221861,False,control,10 µm sulforaphane,0.5765026189784024,0.8389546537961478,Unpaired t-test
1128,P37651,-1.6752624150583515,0.1449020919640886,25.805707017194077,26.125654524502405,0.2645646831619748,0.19856897869038279,-0.31994750730832777,t-Test,FDR correction BH,0.8325579645221861,False,control,10 µm sulforaphane,0.8010990251765434,0.8389253445364049,Unpaired t-test
154,P0A6F3,-1.6734596663078263,0.14526275292201035,27.296692672280976,27.52603554644287,0.21999392754646785,0.08915399021698253,-0.22934287416189392,t-Test,FDR correction BH,0.8325579645221861,False,control,10 µm sulforaphane,0.8530233425651155,0.837845729639657,Unpaired t-test
1246,P61887,-1.672879626718698,0.14537898078685496,26.123409568201545,26.414440213542303,0.21270785276938686,0.21342894069577367,-0.29103064534075784,t-Test,FDR correction BH,0.8325579645221861,False,control,10 µm sulforaphane,0.8173179670550483,0.8374983801906151,Unpaired t-test
804,P0AGJ5,-1.6725964984861785,0.1454357463903344,26.921756445073196,27.8032950461278,0.902763905070742,0.13548447232198024,-0.8815386010546042,t-Test,FDR correction BH,0.8325579645221861,False,control,10 µm sulforaphane,0.5427882513002172,0.8373288358975497,Unpaired t-test
815,P0C093,-1.672213954193922,0.14551247833063924,26.332768760352806,26.73409498040436,0.1583909728367173,0.3843278327618632,-0.4013262200515548,t-Test,FDR correction BH,0.8325579645221861,False,control,10 µm sulforaphane,0.7571619302536197,0.8370997624322299,Unpaired t-test
870,P16431,1.6702814508269404,0.1459007035274179,27.51859232485979,27.19880855153898,0.297211008790849,0.1470737691362154,0.31978377332080754,t-Test,FDR correction BH,0.8325579645221861,False,control,10 µm sulforaphane,1.2481434669924636,0.8359426139506964,Unpaired t-test
290,P0A836,-1.6671900865967997,0.14652381364988804,27.406536414283007,27.589440112522208,0.07400573713612615,0.1750158049382517,-0.18290369823920116,t-Test,FDR correction BH,0.8325579645221861,False,control,10 µm sulforaphane,0.8809281752600341,0.8340917862568231,Unpaired t-test
417,P0A9P6,1.661396099718491,0.1476985952049763,27.820383535867656,27.54593538604685,0.2102398518736694,0.19407133367868395,0.274448149820806,t-Test,FDR correction BH,0.8325579645221861,False,control,10 µm sulforaphane,1.2095313387810906,0.830623635342271,Unpaired t-test
444,P0AA53,1.6605681291498071,0.14786721288879562,26.81276236757101,26.220813134865523,0.18903004865724796,0.5877827919923515,0.5919492327054883,t-Test,FDR correction BH,0.8325579645221861,False,control,10 µm sulforaphane,1.5072818685713871,0.8301281129538677,Unpaired t-test
868,P16256,1.6583933365343835,0.14831099682615617,24.96763099553644,24.60434852911812,0.33831707708930914,0.1717536097052084,0.36328246641831896,t-Test,FDR correction BH,0.8325579645221861,False,control,10 µm sulforaphane,1.2863493141399045,0.8288266461135219,Unpaired t-test
944,P24171,1.6487485277572487,0.15029459309280807,27.659402378978477,27.356641406439504,0.2535966101812285,0.19196235471544862,0.30276097253897305,t-Test,FDR correction BH,0.8325579645221861,False,control,10 µm sulforaphane,1.2335027846438273,0.823056643047128,Unpaired t-test
1209,P51024,-1.6484933131171875,0.15034742668456244,26.106245486432616,27.218498196879892,0.7829754067968994,0.8675510535391393,-1.112252710447276,t-Test,FDR correction BH,0.8325579645221861,False,control,10 µm sulforaphane,0.46257118039414485,0.8229040007943169,Unpaired t-test
940,P23908,-1.6475357810920288,0.15054581060112726,25.892328709063925,26.139751062721764,0.15612874773695218,0.20804665806258194,-0.24742235365783927,t-Test,FDR correction BH,0.8325579645221861,False,control,10 µm sulforaphane,0.8424001780134043,0.8223313255589159,Unpaired t-test
825,P0CE47,1.6468634160261089,0.15068526322235734,32.523179344052124,31.892492806421874,0.3301376223464956,0.5753168090189982,0.6306865376302504,t-Test,FDR correction BH,0.8325579645221861,False,control,10 µm sulforaphane,1.548301611060974,0.8219292189140401,Unpaired t-test
1024,P30749,1.646425263397104,0.15077620554629131,26.591075461730973,25.894421891002658,0.35505575575155485,0.6411356672364439,0.6966535707283157,t-Test,FDR correction BH,0.8325579645221861,False,control,10 µm sulforaphane,1.6207410102180098,0.8216671903979885,Unpaired t-test
590,P0ACY3,-1.6444777900920589,0.15118105874247958,25.873770066516784,26.14297142059131,0.17221694388767989,0.22524341769029277,-0.26920135407452506,t-Test,FDR correction BH,0.8325579645221861,False,control,10 µm sulforaphane,0.8297787669374266,0.8205026175578083,Unpaired t-test
190,P0A6V1,-1.6355370838879297,0.15305314308874174,27.816212836818096,28.134609808542592,0.20562623624559712,0.267230338175538,-0.3183969717244963,t-Test,FDR correction BH,0.8325579645221861,False,control,10 µm sulforaphane,0.801960468682802,0.81515774733368,Unpaired t-test
512,P0ABK2,-1.63536893126762,0.15308856458413858,28.398873697296743,28.99582719223387,0.4719258413087513,0.42073709608027626,-0.5969534949371287,t-Test,FDR correction BH,0.8325579645221861,False,control,10 µm sulforaphane,0.6611486142563272,0.8150572490371415,Unpaired t-test
882,P17993,1.6324233191840578,0.15371033662302588,26.532229058305926,25.92458472799142,0.26838200133957957,0.5862139045565544,0.6076443303145069,t-Test,FDR correction BH,0.8325579645221861,False,control,10 µm sulforaphane,1.5237691270336602,0.81329692633632,Unpaired t-test
324,P0A8I5,-1.6304149102366698,0.15413566701809936,26.574573296295984,27.474514064260447,0.9539173251527936,0.06368437581690638,-0.8999407679644627,t-Test,FDR correction BH,0.8325579645221861,False,control,10 µm sulforaphane,0.5359087333632677,0.8120968538395609,Unpaired t-test
335,P0A8N5,1.629413520956093,0.15434815711169422,30.17466888286216,29.519239908158667,0.5804600334231338,0.3853277372305698,0.6554289747034936,t-Test,FDR correction BH,0.8325579645221861,False,control,10 µm sulforaphane,1.5750842231646334,0.8114985515463173,Unpaired t-test
895,P21165,-1.6268505155475153,0.1548932936946132,28.4110263510405,28.663402545451863,0.12486455908909094,0.23792107278396335,-0.2523761944113616,t-Test,FDR correction BH,0.8325579645221861,False,control,10 µm sulforaphane,0.8395125547054432,0.8099673851747708,Unpaired t-test
596,P0AD24,1.6173953907509446,0.15692032684382648,25.27084520180554,24.084961814520355,1.0001599921010085,0.7825927585315628,1.185883387285184,t-Test,FDR correction BH,0.8325579645221861,False,control,10 µm sulforaphane,2.275026558429239,0.8043207959648668,Unpaired t-test
1242,P61316,1.6169431084940953,0.15701792225230526,27.104177475946003,26.658599837867243,0.32902956541579886,0.3457637478746766,0.4455776380787597,t-Test,FDR correction BH,0.8325579645221861,False,control,10 µm sulforaphane,1.3618592797471247,0.8040507737624186,Unpaired t-test
634,P0ADT5,1.613979887254182,0.15765877530808492,27.713831249362556,27.39408409033,0.22681521376704852,0.25748544832497167,0.3197471590325556,t-Test,FDR correction BH,0.8325579645221861,False,control,10 µm sulforaphane,1.2481117906482058,0.8022818513555688,Unpaired t-test
377,P0A988,-1.613561182589983,0.15774952942002687,28.453631514389674,28.917618445440773,0.4892139840652592,0.09344844409822686,-0.46398693105109956,t-Test,FDR correction BH,0.8325579645221861,False,control,10 µm sulforaphane,0.7249799837895444,0.8020319276184743,Unpaired t-test
1401,P77395,-1.6135442095169807,0.15775320938081513,27.803660779760417,28.741730747123597,0.4747193711895311,0.8880444245968687,-0.9380699673631803,t-Test,FDR correction BH,0.8325579645221861,False,control,10 µm sulforaphane,0.5219306506711029,0.8020217965706735,Unpaired t-test
595,P0AD12,-1.607945580495301,0.1589715409786688,26.862680095122723,27.823033311617422,1.0319758379627886,0.07187321568518253,-0.9603532164946991,t-Test,FDR correction BH,0.8325579645221861,False,control,10 µm sulforaphane,0.5139310716565282,0.7986806159447274,Unpaired t-test
1235,P60723,1.605632208098886,0.15947757715073674,32.32266301104659,30.91676740993269,0.6848428530643446,1.3531554103133923,1.4058956011139045,t-Test,FDR correction BH,0.8325579645221861,False,control,10 µm sulforaphane,2.649822275960202,0.7973003709407847,Unpaired t-test
738,P0AFF2,-1.6039200949822139,0.1598530804622633,28.06024201307442,28.310370444784052,0.24455473544064418,0.1146843185815782,-0.2501284317096335,t-Test,FDR correction BH,0.8325579645221861,False,control,10 µm sulforaphane,0.8408215602398517,0.7962789902032271,Unpaired t-test
1434,Q46857,-1.6023299379966773,0.160202591157478,28.523048279702426,28.82339990270379,0.2724575046895246,0.17656675548266137,-0.3003516230013652,t-Test,FDR correction BH,0.8325579645221861,False,control,10 µm sulforaphane,0.8120544530520332,0.7953304638055031,Unpaired t-test
1408,P77504,-1.6017269977890662,0.16033530559195797,24.359986906624503,25.418920204609712,1.07839196139396,0.3851085749419079,-1.0589332979852095,t-Test,FDR correction BH,0.8325579645221861,False,control,10 µm sulforaphane,0.4799868218676423,0.7949708361268943,Unpaired t-test
1143,P38134,-1.5961241330131166,0.16157358377858075,27.3479107822616,27.574532302707617,0.2232509090157738,0.10313112784227509,-0.2266215204460167,t-Test,FDR correction BH,0.8325579645221861,False,control,10 µm sulforaphane,0.8546339178847557,0.7916296420575754,Unpaired t-test
1288,P67095,1.5944147656010135,0.16195317731321734,28.28409587215172,27.36110911014623,0.7506000465391973,0.6647794740249604,0.9229867620054897,t-Test,FDR correction BH,0.8325579645221861,False,control,10 µm sulforaphane,1.896036532376483,0.7906105272705893,Unpaired t-test
112,P08244,1.591626653393283,0.1625741459715278,27.79455735422431,26.90326741516686,0.21476794262445917,0.945849050913216,0.8912899390574509,t-Test,FDR correction BH,0.8325579645221861,False,control,10 µm sulforaphane,1.8548338221856375,0.7889485187337317,Unpaired t-test
212,P0A742,-1.5912863809696756,0.16265008640695586,27.402538496714268,27.772966798073526,0.2517695220161448,0.31492743908524,-0.37042830135925797,t-Test,FDR correction BH,0.8325579645221861,False,control,10 µm sulforaphane,0.7735528135072446,0.7887457016655327,Unpaired t-test
1283,P65556,-1.5905681405269612,0.16281049080301574,25.700280592504246,26.469504109882386,0.7372844609688628,0.397572234056104,-0.7692235173781405,t-Test,FDR correction BH,0.8325579645221861,False,control,10 µm sulforaphane,0.5867331792686058,0.788317614489387,Unpaired t-test
1060,P32680,1.5899804909029611,0.16294184229583586,27.91046228808293,27.050764543168867,0.7589392753688677,0.548699410551866,0.8596977449140617,t-Test,FDR correction BH,0.8325579645221861,False,control,10 µm sulforaphane,1.8146580867611477,0.7879673776633263,Unpaired t-test
104,P07813,1.584493828845816,0.1641730927306232,28.780658842359536,28.59968634872052,0.12135429525543222,0.1562310175576583,0.1809724936390147,t-Test,FDR correction BH,0.8349982234611755,False,control,10 µm sulforaphane,1.1336477984926892,0.7846980203967093,Unpaired t-test
778,P0AG44,-1.5781432762490255,0.16560924224256274,31.624756475424448,32.75313187046484,1.2265243029437554,0.17123422668785646,-1.1283753950403934,t-Test,FDR correction BH,0.8349982234611755,False,control,10 µm sulforaphane,0.45743054331376987,0.7809154299729886,Unpaired t-test
544,P0AC53,-1.576195295087097,0.16605215403908366,28.766596516847045,28.956165517804653,0.18392844486377577,0.09780052444473104,-0.18956900095760787,t-Test,FDR correction BH,0.8349982234611755,False,control,10 µm sulforaphane,0.876867642690167,0.7797554863334658,Unpaired t-test
1090,P36649,-1.5744904710561884,0.1664407010258869,24.605791403946164,25.632053421700093,0.6031042430317892,0.954367678894529,-1.026262017753929,t-Test,FDR correction BH,0.8349982234611755,False,control,10 µm sulforaphane,0.49098061917178015,0.7787404636851875,Unpaired t-test
1102,P37019,1.5732900977945263,0.16671479551719712,25.962345868939476,25.310744272486946,0.3866327688795623,0.6042457204237922,0.6516015964525295,t-Test,FDR correction BH,0.8349982234611755,False,control,10 µm sulforaphane,1.5709111627068824,0.7780258559228118,Unpaired t-test
1153,P39199,-1.5725493420039538,0.1668841539282709,28.725683346200764,28.95768189788972,0.09020369730533774,0.23907904794278348,-0.23199855168895667,t-Test,FDR correction BH,0.8349982234611755,False,control,10 µm sulforaphane,0.8514545625175495,0.7775848987205526,Unpaired t-test
181,P0A6R0,1.5669347554719641,0.168173123291492,28.116943407830703,27.21906419022283,0.4833139260074454,0.8668626329891166,0.8978792176078727,t-Test,FDR correction BH,0.8359362429633747,False,control,10 µm sulforaphane,1.8633248545698806,0.7742434100771319,Unpaired t-test
1025,P30750,-1.5658941291750297,0.1684130586033572,26.043728614202745,26.842876008603614,0.7652688818214204,0.4424046273044358,-0.7991473944008689,t-Test,FDR correction BH,0.8359362429633747,False,control,10 µm sulforaphane,0.5746887073637932,0.7736242367110685,Unpaired t-test
263,P0A7S3,1.5599601912008902,0.1697874381541721,33.029474288826066,30.625483257720532,1.597639795874803,2.138255741330072,2.4039910311055337,t-Test,FDR correction BH,0.8359362429633747,False,control,10 µm sulforaphane,5.292652856356928,0.770094444493342,Unpaired t-test
0,P00350,1.559332958634968,0.16993333196507526,27.773538791144038,27.410000556255483,0.2758118524121717,0.29493461735969906,0.36353823488855497,t-Test,FDR correction BH,0.8359362429633747,False,control,10 µm sulforaphane,1.2865773850438396,0.7697214270832375,Unpaired t-test
1307,P69503,1.557502924054638,0.1703596741997582,28.285763625714896,27.608052541525478,0.2986707122507591,0.6919548407134514,0.6777110841894185,t-Test,FDR correction BH,0.8359362429633747,False,control,10 µm sulforaphane,1.5995998868276529,0.7686331991534808,Unpaired t-test
1014,P29018,-1.5567291528737508,0.17054024320483785,25.630385325203196,25.96991417250915,0.3247356108557698,0.19301513124414338,-0.339528847305953,t-Test,FDR correction BH,0.8359362429633747,False,control,10 µm sulforaphane,0.7902993642373496,0.7681731220115451,Unpaired t-test
147,P0A6B7,1.5479452630810329,0.17260278515779054,28.603173434120425,28.344959684064566,0.23662426462198077,0.16579002603592222,0.2582137500558588,t-Test,FDR correction BH,0.8407630796254827,False,control,10 µm sulforaphane,1.195996982860094,0.7629522006897513,Unpaired t-test
592,P0ACZ4,-1.5452339205955987,0.17324417399287798,26.61882957545165,27.208550465339695,0.44631410497039803,0.4875938399329044,-0.5897208898880457,t-Test,FDR correction BH,0.8407630796254827,False,control,10 µm sulforaphane,0.6644714461751073,0.761341361306563,Unpaired t-test
1439,Q46948,-1.5431630776544811,0.17373556059427464,27.26332614119562,27.521733095362134,0.23478784960847887,0.1702820328328728,-0.2584069541665137,t-Test,FDR correction BH,0.8407630796254827,False,control,10 µm sulforaphane,0.8360105455208522,0.7601112800605256,Unpaired t-test
917,P22634,-1.5422019741689321,0.17396406513041207,26.898541264334433,27.30874563495947,0.398772249449799,0.23070889495548574,-0.41020437062503845,t-Test,FDR correction BH,0.8407630796254827,False,control,10 µm sulforaphane,0.7525167654405244,0.75954045244911,Unpaired t-test
1002,P27830,-1.5386704617236495,0.1748061239923601,25.902400737380685,26.352926500586037,0.3815478642793986,0.33409614178663916,-0.4505257632053521,t-Test,FDR correction BH,0.8407630796254827,False,control,10 µm sulforaphane,0.7317761172636582,0.7574433567731179,Unpaired t-test
1386,P77148,-1.5362194041429187,0.17539281226113412,23.66362560370795,24.160436587637165,0.48963975454234604,0.2720525601766829,-0.4968109839292154,t-Test,FDR correction BH,0.8407630796254827,False,control,10 µm sulforaphane,0.7086715394517537,0.7559882083433459,Unpaired t-test
987,P27128,1.5291783700308705,0.17708848411176076,25.408679602682042,25.204920467174993,0.09869187003919223,0.20862543595078065,0.20375913550704894,t-Test,FDR correction BH,0.8407630796254827,False,control,10 µm sulforaphane,1.1516953455259367,0.7518096796305201,Unpaired t-test
692,P0AEQ6,1.5288996555092877,0.17715592219857704,26.167951629995553,25.255241232315147,0.07067982817934053,1.0315674150894865,0.9127103976804065,t-Test,FDR correction BH,0.8407630796254827,False,control,10 µm sulforaphane,1.8825789878330554,0.7516443249273461,Unpaired t-test
609,P0ADB7,-1.525869266537148,0.17789071757784192,27.47690899887039,28.888947820180025,1.5972142979810526,0.13416329789135856,-1.4120388213096362,t-Test,FDR correction BH,0.8407630796254827,False,control,10 µm sulforaphane,0.3757802575539876,0.7498467130172431,Unpaired t-test
990,P27248,-1.524441957321565,0.17823779592961744,28.78097430267926,29.005065374414027,0.17976126227714473,0.18031026487936,-0.22409107173476528,t-Test,FDR correction BH,0.8407630796254827,False,control,10 µm sulforaphane,0.8561342384112128,0.7490001969143727,Unpaired t-test
141,P09980,1.5235863694119114,0.17844615365150324,24.996618968623963,24.611091589798423,0.3893248342308542,0.20127837781633778,0.38552737882553956,t-Test,FDR correction BH,0.8407630796254827,False,control,10 µm sulforaphane,1.3063372328907294,0.7484928086829942,Unpaired t-test
791,P0AG99,1.5233561449901527,0.17850225826073526,28.859364206801608,28.16559277433296,0.08319159970307144,0.7844166602074145,0.6937714324686475,t-Test,FDR correction BH,0.8407630796254827,False,control,10 µm sulforaphane,1.6175064133610044,0.7483562851877982,Unpaired t-test
713,P0AF18,-1.5121742289073095,0.18124724084025892,28.13016904051874,28.31578978178516,0.13193618544977145,0.1667218949581892,-0.18562074126641903,t-Test,FDR correction BH,0.8463597710414581,False,control,10 µm sulforaphane,0.8792706750733394,0.7417285960506022,Unpaired t-test
264,P0A7S9,-1.5118898696067056,0.18131755956991027,30.923008798530837,31.600954511890567,0.6869127310588624,0.3624417463920123,-0.6779457133597298,t-Test,FDR correction BH,0.8463597710414581,False,control,10 µm sulforaphane,0.6250546708020641,0.741560134928009,Unpaired t-test
1360,P76193,-1.5089218336892916,0.18205304626414556,26.735563689110137,27.05441549153775,0.29328961466486503,0.2189480203019375,-0.3188518024276128,t-Test,FDR correction BH,0.8463597710414581,False,control,10 µm sulforaphane,0.8017076787707424,0.7398020496899923,Unpaired t-test
279,P0A7Z0,1.505743268234933,0.18284379794054226,30.05391058385711,29.78849764438783,0.19288265507518645,0.23665694796324754,0.2654129394692788,t-Test,FDR correction BH,0.8463597710414581,False,control,10 µm sulforaphane,1.2019800404319383,0.7379197663397761,Unpaired t-test
756,P0AFM6,1.5020083027960314,0.18377707276927566,27.999984036097818,27.62877168028082,0.30522066921123125,0.3001346846388255,0.3712123558169971,t-Test,FDR correction BH,0.8463597710414581,False,control,10 µm sulforaphane,1.29343930416892,0.7357086702669355,Unpaired t-test
1266,P63417,-1.4993331605919835,0.1844482581051417,27.470350250361598,28.135495554453748,0.7523146947666345,0.15632807654706446,-0.6651453040921496,t-Test,FDR correction BH,0.8463597710414581,False,control,10 µm sulforaphane,0.6306251864632924,0.7341254418136869,Unpaired t-test
547,P0AC69,1.4983821117829272,0.18468742460542265,29.773164229166913,29.442721929124566,0.3552981078604521,0.14024019262589887,0.3304423000423462,t-Test,FDR correction BH,0.8463597710414581,False,control,10 µm sulforaphane,1.2573988075393305,0.7335626747297808,Unpaired t-test
1197,P45799,1.4964462795704805,0.18517513578597844,26.273719998047095,25.74753522324496,0.5735832843819174,0.20473934461698332,0.526184774802136,t-Test,FDR correction BH,0.8463597710414581,False,control,10 µm sulforaphane,1.440115751160405,0.7324173282150228,Unpaired t-test
214,P0A749,-1.4920287339464247,0.186292590782682,28.688748691376876,28.959271233727172,0.2970487721033503,0.10190204124199842,-0.27052254235029594,t-Test,FDR correction BH,0.8463597710414581,False,control,10 µm sulforaphane,0.8290192216977263,0.7298044174933671,Unpaired t-test
163,P0A6I3,1.4917646575377277,0.1863595899331167,26.326322782337627,26.055897653008053,0.18184705833836212,0.25596391897820536,0.2704251293295741,t-Test,FDR correction BH,0.8463597710414581,False,control,10 µm sulforaphane,1.2061632041186343,0.7296482538472367,Unpaired t-test
1114,P37440,-1.4882956640555909,0.18724180058879775,27.423825315955042,27.605811897366404,0.07708191384469693,0.19726754201005464,-0.18198658141136193,t-Test,FDR correction BH,0.8463597710414581,False,control,10 µm sulforaphane,0.8814883566423871,0.727597191182605,Unpaired t-test
144,P0A6A3,1.4870008528305947,0.1875720842731395,29.894036946583714,29.28933963516519,0.522286409246478,0.47257103294300995,0.6046973114185228,t-Test,FDR correction BH,0.8463597710414581,False,control,10 µm sulforaphane,1.5206596736048708,0.7268317957450672,Unpaired t-test
15,P00864,-1.484158311614448,0.18829907074042496,29.004637890151635,29.136427064043353,0.043102762095185425,0.1476380904011844,-0.1317891738917183,t-Test,FDR correction BH,0.8463597710414581,False,control,10 µm sulforaphane,0.9126988546972403,0.7251518232297586,Unpaired t-test
984,P26647,1.4779446345084126,0.1898973731145615,25.853712089393227,25.562579123418896,0.3277317699010267,0.09487460870214934,0.2911329659743309,t-Test,FDR correction BH,0.8463597710414581,False,control,10 µm sulforaphane,1.223600809091758,0.7214810428972175,Unpaired t-test
349,P0A8W2,1.474129748901977,0.1908848899870721,28.477144131409027,28.27260213991715,0.13954433999616161,0.19566739441164244,0.20454199149187602,t-Test,FDR correction BH,0.8463597710414581,False,control,10 µm sulforaphane,1.1523204646504754,0.7192284480073465,Unpaired t-test
901,P21513,1.470471048028577,0.19183645586998307,28.620223500218394,28.390243257607484,0.2148244551699272,0.165022487368017,0.22998024261091032,t-Test,FDR correction BH,0.8463597710414581,False,control,10 µm sulforaphane,1.1728188876269623,0.7170688576518547,Unpaired t-test
740,P0AFG0,1.4701142446883972,0.19192948961004938,28.66462143273581,28.279778051395766,0.1849124652375877,0.4139931713981525,0.38484338134004403,t-Test,FDR correction BH,0.8463597710414581,False,control,10 µm sulforaphane,1.3057180309290106,0.7168582915961168,Unpaired t-test
603,P0AD65,1.4698127156110994,0.1920081436483151,25.36927823243432,25.13257205017936,0.12856753020372444,0.2475419023945653,0.23670618225495943,t-Test,FDR correction BH,0.8463597710414581,False,control,10 µm sulforaphane,1.1782994121627441,0.716680351158311,Unpaired t-test
626,P0ADP9,1.4681550787530444,0.19244107357234486,30.37368400444141,30.004042503908643,0.383350656726993,0.20787228662916632,0.3696415005327687,t-Test,FDR correction BH,0.8463597710414581,False,control,10 µm sulforaphane,1.2920317300385795,0.7157022289610928,Unpaired t-test
463,P0AAK1,1.4659307886847295,0.19302342060958969,26.64691539555099,26.174871542530852,0.4470633403878056,0.3334741433947042,0.4720438530201392,t-Test,FDR correction BH,0.8463597710414581,False,control,10 µm sulforaphane,1.387073130793935,0.7143899924201861,Unpaired t-test
202,P0A705,-1.4646011283769576,0.19337232220132158,29.561871838598446,30.20979707733811,0.6351561110521918,0.4286071361472807,-0.6479252387396635,t-Test,FDR correction BH,0.8463597710414581,False,control,10 µm sulforaphane,0.6381974553050864,0.7136056873132192,Unpaired t-test
689,P0AEN8,-1.4637943990403748,0.19358429201767893,28.4398299421659,28.68704112586151,0.22792803687877278,0.18334132035384856,-0.24721118369560813,t-Test,FDR correction BH,0.8463597710414581,False,control,10 µm sulforaphane,0.8425234907221785,0.7131298854925538,Unpaired t-test
317,P0A8G0,-1.4632773757991098,0.19372025414727803,25.1227152799739,25.353881848223168,0.2686704457597734,0.051845372772548456,-0.23116656824926807,t-Test,FDR correction BH,0.8463597710414581,False,control,10 µm sulforaphane,0.8519457268844117,0.7128249698614675,Unpaired t-test
597,P0AD33,-1.4629358535358423,0.19381011312487878,29.925896887772858,30.130784545639056,0.13195914491089641,0.2035455652414316,-0.20488765786619823,t-Test,FDR correction BH,0.8463597710414581,False,control,10 µm sulforaphane,0.8676062447018191,0.7126235649543083,Unpaired t-test
124,P09030,1.4581237941233287,0.1950803398606716,26.85868427783277,26.28951580183679,0.6462412465838976,0.19868397080493888,0.5691684759959799,t-Test,FDR correction BH,0.8463597710414581,False,control,10 µm sulforaphane,1.4836681845097879,0.7097864964704358,Unpaired t-test
346,P0A8U2,-1.456802496280694,0.1954304654758826,25.66563816577994,25.971596619224336,0.2632577600793835,0.251040313591255,-0.3059584534443971,t-Test,FDR correction BH,0.8463597710414581,False,control,10 µm sulforaphane,0.8089046427634402,0.7090077335715574,Unpaired t-test
687,P0AEM9,-1.4553491917179637,0.19581624239327636,26.560598935779076,26.964038412633503,0.3336109132236712,0.3453148450692413,-0.4034394768544267,t-Test,FDR correction BH,0.8463597710414581,False,control,10 µm sulforaphane,0.7560536528759169,0.7081512875624468,Unpaired t-test
1033,P30958,1.4523829237279686,0.1966058190777579,26.52283284555994,26.387313213297464,0.1515887580060119,0.056038037353130066,0.13551963226247565,t-Test,FDR correction BH,0.8463597710414581,False,control,10 µm sulforaphane,1.0984883978918143,0.7064036322009325,Unpaired t-test
106,P07913,-1.4487456268924839,0.1975780297586835,28.626946061082478,28.938036825237887,0.2768409045420133,0.24836962198185888,-0.31109076415540926,t-Test,FDR correction BH,0.8463597710414581,False,control,10 µm sulforaphane,0.8060321200647705,0.7042613496524903,Unpaired t-test
1151,P39173,1.447744445715245,0.19784641311176265,29.316619452801145,28.39222329654046,0.8634345597704831,0.6910553424255326,0.9243961562606842,t-Test,FDR correction BH,0.8463597710414581,False,control,10 µm sulforaphane,1.897889708991223,0.7036718189379559,Unpaired t-test
912,P22259,1.4470522048720782,0.19803217662626946,28.32559432719624,27.95866201050159,0.39458065484358035,0.19288027291472917,0.36693231669464765,t-Test,FDR correction BH,0.8463597710414581,False,control,10 µm sulforaphane,1.28960774794394,0.7032642390520925,Unpaired t-test
303,P0A887,1.438339475607692,0.20038404547384625,28.57296449312909,28.069959294554597,0.4561750559264715,0.3984980267329105,0.5030051985744919,t-Test,FDR correction BH,0.8463597710414581,False,control,10 µm sulforaphane,1.417162503070142,0.6981368598432337,Unpaired t-test
232,P0A7C6,1.427404252295022,0.20337224905350265,26.865675007628095,26.563741612767117,0.347892612938604,0.11489441895663674,0.3019333948609777,t-Test,FDR correction BH,0.8463597710414581,False,control,10 µm sulforaphane,1.2327954094817444,0.691708308567508,Unpaired t-test
538,P0AC30,1.4264783964681795,0.20362712455913437,26.51045045487072,26.214524836542036,0.3310300615294049,0.139742405799551,0.2959256183286847,t-Test,FDR correction BH,0.8463597710414581,False,control,10 µm sulforaphane,1.2276723866308694,0.6911643714151957,Unpaired t-test
515,P0ABM9,1.4248905858875485,0.20406491045241523,25.612650230193317,25.30172537289351,0.17072176397324762,0.3371949230795197,0.31092485729980623,t-Test,FDR correction BH,0.8463597710414581,False,control,10 µm sulforaphane,1.2405026845114517,0.6902316670478947,Unpaired t-test
93,P07024,-1.4238792679556989,0.20434419814773264,27.33611501470233,27.689111716863714,0.4271776017630623,0.04359264175609446,-0.35299670216138423,t-Test,FDR correction BH,0.8463597710414581,False,control,10 µm sulforaphane,0.7829560860040574,0.6896376885038666,Unpaired t-test
649,P0AE06,1.4188506242161165,0.20573813584011855,29.053721593342114,28.664766145097857,0.11631624737327799,0.46034679503433407,0.388955448244257,t-Test,FDR correction BH,0.8463597710414581,False,control,10 µm sulforaphane,1.3094449855882666,0.6866851995554498,Unpaired t-test
334,P0A8N3,1.4185248958757892,0.20582872771168637,28.880862583337702,28.324918062439508,0.6209925298564704,0.2741640206026717,0.5559445208981941,t-Test,FDR correction BH,0.8463597710414581,False,control,10 µm sulforaphane,1.4701308011530239,0.6864940104484207,Unpaired t-test
1206,P46859,1.417927870571276,0.20599486791961105,28.704824517552513,28.372584473672255,0.17595536748422688,0.36571649657361277,0.3322400438802582,t-Test,FDR correction BH,0.8463597710414581,False,control,10 µm sulforaphane,1.2589666301719735,0.6861435993490871,Unpaired t-test
1404,P77444,-1.4123524486917498,0.20755234037209352,24.794911997939323,25.110266892250024,0.08036378998864098,0.3782963481733412,-0.3153548943107012,t-Test,FDR correction BH,0.8463597710414581,False,control,10 µm sulforaphane,0.8036532725496232,0.6828723651283659,Unpaired t-test
354,P0A8Y5,-1.4107751157675128,0.20799491533553943,27.302451727498696,27.508473437258942,0.07194652144043581,0.24249091442010456,-0.2060217097602468,t-Test,FDR correction BH,0.8463597710414581,False,control,10 µm sulforaphane,0.8669245178851459,0.681947281713723,Unpaired t-test
244,P0A7I0,1.4089422564926195,0.2085102719016026,26.456542360332136,25.961146442294364,0.13455949524066663,0.5939521204953274,0.4953959180377723,t-Test,FDR correction BH,0.8463597710414581,False,control,10 µm sulforaphane,1.4097075673660981,0.680872545389023,Unpaired t-test
523,P0ABS1,-1.4056398785957818,0.20944177159323452,28.590286224903224,29.378782712009514,0.8624101559304109,0.4474931599099104,-0.7884964871062898,t-Test,FDR correction BH,0.8463597710414581,False,control,10 µm sulforaphane,0.5789471307336362,0.6789366972356804,Unpaired t-test
890,P19930,1.404752490842881,0.20969272425353586,28.653402189216926,27.49531262770828,0.7680844933672353,1.2037413199799654,1.1580895615086462,t-Test,FDR correction BH,0.8463597710414581,False,control,10 µm sulforaphane,2.2316171775982006,0.6784166380676024,Unpaired t-test
44,P04693,-1.403830709075226,0.20995369449323562,27.568595892130475,27.85962853619589,0.1895697605658547,0.30495835980497626,-0.29103264406541385,t-Test,FDR correction BH,0.8463597710414581,False,control,10 µm sulforaphane,0.8173168347350538,0.6778764788069006,Unpaired t-test
107,P08178,1.4033901479158117,0.21007852875466498,27.2692670636951,26.639038970133235,0.6277075087766877,0.45933606761862605,0.6302280935618647,t-Test,FDR correction BH,0.8463597710414581,False,control,10 µm sulforaphane,1.5478096866392077,0.6776183327433998,Unpaired t-test
156,P0A6F9,-1.3999375192366523,0.21105919109460197,31.289893528993304,31.943878402803954,0.7846306932440273,0.19761117103948822,-0.65398487381065,t-Test,FDR correction BH,0.8463597710414581,False,control,10 µm sulforaphane,0.6355225078651706,0.6755957306701792,Unpaired t-test
1155,P39285,1.396297858606046,0.21209749988540832,25.671027627769973,24.441052776571095,1.4135203396078835,0.574303133381247,1.2299748511988788,t-Test,FDR correction BH,0.8463597710414581,False,control,10 µm sulforaphane,2.345629009523306,0.6734644507308245,Unpaired t-test
1324,P75777,-1.3886157552087954,0.2143043267102546,27.241854498290344,27.69720424703169,0.4111550166533858,0.39184035432294995,-0.4553497487413445,t-Test,FDR correction BH,0.8463597710414581,False,control,10 µm sulforaphane,0.7293333403346653,0.6689690606547674,Unpaired t-test
1015,P29131,-1.383519005734097,0.2157799777881568,27.252173283944614,27.40333253826308,0.12261271379975296,0.14414386778180607,-0.15115925431846478,t-Test,FDR correction BH,0.8463597710414581,False,control,10 µm sulforaphane,0.9005265682213994,0.6659888559438203,Unpaired t-test
213,P0A744,-1.383455677897339,0.21579837094888102,27.4165637755444,27.776029169833073,0.42496406772478823,0.14813102471557468,-0.35946539428867297,t-Test,FDR correction BH,0.8463597710414581,False,control,10 µm sulforaphane,0.7794533607332701,0.6659518381080761,Unpaired t-test
51,P04994,-1.3809814318998612,0.21651811624735587,25.14735118617167,25.408858793716693,0.2838931993176138,0.16425700554189498,-0.261507607545024,t-Test,FDR correction BH,0.8463597710414581,False,control,10 µm sulforaphane,0.8342157134349004,0.6645057600168596,Unpaired t-test
1279,P64604,-1.3759697579406527,0.2179826722046277,26.166457341393436,27.234168738324627,0.943400154088722,0.9572799792882385,-1.067711396931191,t-Test,FDR correction BH,0.8463597710414581,False,control,10 µm sulforaphane,0.47707520195284775,0.6615780277945125,Unpaired t-test
206,P0A720,1.3729526882325536,0.21886867687617417,26.396847013269134,25.972304139376725,0.1619141618355223,0.5105220134648842,0.42454287389240974,t-Test,FDR correction BH,0.8463597710414581,False,control,10 µm sulforaphane,1.3421471684551871,0.6598163875102244,Unpaired t-test
403,P0A9J8,-1.3667884054994361,0.2206890610731943,26.037610143266747,26.196643118523745,0.13446912674389155,0.1501121931798715,-0.15903297525699855,t-Test,FDR correction BH,0.8463597710414581,False,control,10 µm sulforaphane,0.8956251988146684,0.6562191930426378,Unpaired t-test
979,P26459,1.3654199744818425,0.2210950298803486,27.31660566904781,27.013610668193785,0.33461855690287023,0.18909614748554768,0.3029950008540254,t-Test,FDR correction BH,0.8463597710414581,False,control,10 µm sulforaphane,1.2337028948439832,0.6554210200617195,Unpaired t-test
795,P0AGB6,-1.359639357925196,0.2228174154895595,26.523908249564364,27.10714515402066,0.3651346555070038,0.6470765769339127,-0.583236904456296,t-Test,FDR correction BH,0.8463597710414581,False,control,10 µm sulforaphane,0.6674645385262079,0.652050867558333,Unpaired t-test
33,P02930,-1.3582839225375762,0.22322303080063105,28.81084432626428,29.321855538281586,0.5705246604413541,0.3148366975646497,-0.5110112120173049,t-Test,FDR correction BH,0.8463597710414581,False,control,10 µm sulforaphane,0.7017304094456056,0.6512609995479467,Unpaired t-test
138,P09549,1.356890130518131,0.22364081983378106,26.402115070341043,26.102527346955164,0.3178356372966817,0.21266201490368625,0.2995877233858799,t-Test,FDR correction BH,0.8463597710414581,False,control,10 µm sulforaphane,1.230792641474402,0.6504489243518615,Unpaired t-test
57,P05458,1.3548513689859167,0.22425321022094943,25.39127381236696,25.226729734146826,0.09864435665828031,0.1857907128053082,0.1645440782201355,t-Test,FDR correction BH,0.8463597710414581,False,control,10 µm sulforaphane,1.1208118220987504,0.6492613312436696,Unpaired t-test
502,P0ABD8,-1.3526415080625027,0.2249187032713671,27.308671563071854,29.385096449397203,1.2546696424016113,2.3442050566084256,-2.0764248863253485,t-Test,FDR correction BH,0.8463597710414581,False,control,10 µm sulforaphane,0.23710124010971018,0.6479744290027254,Unpaired t-test
474,P0AAX8,-1.3507198444645332,0.22549885406349363,28.171852702695702,28.420596147258678,0.29998220649600643,0.10840296383532003,-0.24874344456297592,t-Test,FDR correction BH,0.8463597710414581,False,control,10 µm sulforaphane,0.8416291364582529,0.6468556607712351,Unpaired t-test
291,P0A840,-1.3498558916049377,0.225760121053977,25.976077683795765,26.38463520588571,0.43652081581404895,0.29029716307282855,-0.40855752208994645,t-Test,FDR correction BH,0.8463597710414581,False,control,10 µm sulforaphane,0.7533762601305269,0.6463527707182704,Unpaired t-test
721,P0AF63,-1.3492624120147496,0.22593975259164334,26.97288354168728,27.250025389530492,0.06411320106732588,0.34994290372797515,-0.27714184784321105,t-Test,FDR correction BH,0.8463597710414581,False,control,10 µm sulforaphane,0.8252242672915937,0.6460073511410312,Unpaired t-test
680,P0AEH1,-1.3488234643992463,0.2260726939915827,26.01370365848165,26.225056284042235,0.14746072650355968,0.22784736106707762,-0.2113526255605862,t-Test,FDR correction BH,0.8463597710414581,False,control,10 µm sulforaphane,0.8637270482121905,0.6457518903964817,Unpaired t-test
1400,P77374,-1.3461831857451618,0.2268738270355202,26.44023490141364,26.676330372162017,0.038071291990344,0.30137429666431625,-0.23609547074837778,t-Test,FDR correction BH,0.8463597710414581,False,control,10 µm sulforaphane,0.8490400591240562,0.6442156029677699,Unpaired t-test
731,P0AFB8,-1.3454873755526424,0.22708538020569094,24.884807119532997,25.165435518023827,0.31423280145497734,0.17821944621712688,-0.28062839849082977,t-Test,FDR correction BH,0.8463597710414581,False,control,10 µm sulforaphane,0.8232323616680546,0.643810824830793,Unpaired t-test
393,P0A9E5,-1.3453789420297892,0.22711836417510384,27.813390433734263,28.08650438494267,0.3393113937594758,0.09217706998509805,-0.2731139512084084,t-Test,FDR correction BH,0.8463597710414581,False,control,10 µm sulforaphane,0.8275314509592244,0.6437477484862684,Unpaired t-test
920,P23256,1.345034789153421,0.22722307926296423,25.26950370303586,24.95499322445132,0.2543036093652521,0.3152143994451192,0.3145104785845376,t-Test,FDR correction BH,0.8463597710414581,False,control,10 µm sulforaphane,1.2435896188249178,0.6435475590195497,Unpaired t-test
806,P0AGJ9,1.3445261616066728,0.22737791849164113,28.46054205468064,28.128331729550695,0.18901276450991664,0.38395969557382825,0.33221032512994597,t-Test,FDR correction BH,0.8463597710414581,False,control,10 µm sulforaphane,1.2589406963962886,0.6432517135395394,Unpaired t-test
1075,P33591,1.3437371910393214,0.22761828921705826,28.02300440958836,27.56117434560148,0.42284045489932603,0.41901787172852634,0.46183006398688065,t-Test,FDR correction BH,0.8463597710414581,False,control,10 µm sulforaphane,1.3772878051769664,0.6427928451463407,Unpaired t-test
577,P0ACN4,-1.3430845897832435,0.2278172859284475,26.552950838760573,26.92428559911051,0.43788392682503186,0.19385477266221476,-0.3713347603499386,t-Test,FDR correction BH,0.8463597710414581,False,control,10 µm sulforaphane,0.7730669355874916,0.6424133263564639,Unpaired t-test
1409,P77522,-1.3415208401035292,0.2282947547500995,25.47128281798669,25.74716616711633,0.29004065720590705,0.20676509873043863,-0.2758833491296393,t-Test,FDR correction BH,0.8463597710414581,False,control,10 µm sulforaphane,0.8259444449832133,0.6415040666493048,Unpaired t-test
469,P0AAS7,1.3397599903751871,0.22883348239017953,29.573831324297664,29.220609081493606,0.07497875945482738,0.45045053484626635,0.35322224280405834,t-Test,FDR correction BH,0.8463597710414581,False,control,10 µm sulforaphane,1.2774105252641292,0.6404804302573996,Unpaired t-test
943,P23930,1.337212360066292,0.22961494635152882,25.69749612942643,25.284339249214938,0.4505469774232407,0.2887776900469376,0.413156880211492,t-Test,FDR correction BH,0.8463597710414581,False,control,10 µm sulforaphane,1.331596404590052,0.6389998457743888,Unpaired t-test
686,P0AEK4,1.3356145375653203,0.23010628737416206,30.82849481630957,30.641653292737537,0.09640854745171788,0.22229381510702254,0.18684152357203132,t-Test,FDR correction BH,0.8463597710414581,False,control,10 µm sulforaphane,1.1382689862169753,0.6380715146012431,Unpaired t-test
396,P0A9G6,-1.3354204414615785,0.2301660374826765,24.657481338976247,24.931385263279093,0.3024357863610762,0.18638426850338258,-0.2739039243028465,t-Test,FDR correction BH,0.8463597710414581,False,control,10 µm sulforaphane,0.827078445566421,0.637958758994767,Unpaired t-test
431,P0A9W6,-1.3351222499697704,0.23025785922211553,28.542008442405514,29.20550198103184,0.8446462358879385,0.1657129295260636,-0.6634935386263265,t-Test,FDR correction BH,0.8463597710414581,False,control,10 µm sulforaphane,0.6313476131724952,0.6377855374240744,Unpaired t-test
1116,P37617,-1.3337166511905039,0.23069112652220422,26.147095039733923,26.45409435059821,0.3407948986950764,0.20691037439696194,-0.30699931086428833,t-Test,FDR correction BH,0.8463597710414581,False,control,10 µm sulforaphane,0.8083212549182897,0.6369691101887327,Unpaired t-test
1104,P37095,-1.3294753391335141,0.23200292251882362,28.07705225157571,28.2611110458179,0.16401491273204713,0.17492827281107529,-0.18405879424218696,t-Test,FDR correction BH,0.8463597710414581,False,control,10 µm sulforaphane,0.8802231410428969,0.6345065443082205,Unpaired t-test
203,P0A707,-1.3251032883828102,0.2333621500464331,29.30392667441323,29.713676780251053,0.43875671563370344,0.30715778309763114,-0.4097501058378228,t-Test,FDR correction BH,0.8463597710414581,False,control,10 µm sulforaphane,0.7527537494756568,0.6319695825621884,Unpaired t-test
866,P15977,-1.3245385096137363,0.23353825338998926,25.26230703079531,25.8101850944168,0.439778923499908,0.5655802923277952,-0.5478780636214893,t-Test,FDR correction BH,0.8463597710414581,False,control,10 µm sulforaphane,0.6840254632424287,0.631641972162133,Unpaired t-test
332,P0A8M6,-1.32238833154479,0.23420978820134533,29.947923070791852,30.16920006079652,0.2449601526413537,0.15489944907350736,-0.22127699000466805,t-Test,FDR correction BH,0.8463597710414581,False,control,10 µm sulforaphane,0.8578058203255592,0.6303949586530591,Unpaired t-test
1377,P76502,1.3213376419453196,0.2345385632866936,25.237546800015703,25.1034217431951,0.14978177832913606,0.09206763269233842,0.13412505682060427,t-Test,FDR correction BH,0.8463597710414581,False,control,10 µm sulforaphane,1.097427061487784,0.6297857395344637,Unpaired t-test
344,P0A8T1,1.3183630539285431,0.23547159185404384,27.681782106407255,27.291314338729187,0.4591944656378676,0.22869516401947956,0.3904677676780679,t-Test,FDR correction BH,0.8463597710414581,False,control,10 µm sulforaphane,1.3108183440181116,0.6280614802345345,Unpaired t-test
243,P0A7G6,1.31819873976072,0.23552322827223857,29.29340186107379,28.998301621268805,0.14899700472034996,0.3579779574539301,0.29510023980498445,t-Test,FDR correction BH,0.8463597710414581,False,control,10 µm sulforaphane,1.226970225334617,0.6279662545096696,Unpaired t-test
449,P0AAB8,1.317995026934931,0.23558725993404267,30.663877384104033,29.7232100386305,0.01901539134703633,1.2360371876518381,0.9406673454735319,t-Test,FDR correction BH,0.8463597710414581,False,control,10 µm sulforaphane,1.91941589492124,0.6278481989865767,Unpaired t-test
261,P0A7R5,1.3171595242526282,0.2358500405515565,33.415752136564365,33.265781344975956,0.14974900333663474,0.12832388854208168,0.14997079158840876,t-Test,FDR correction BH,0.8463597710414581,False,control,10 µm sulforaphane,1.1095470082533565,0.6273640447465995,Unpaired t-test
1050,P31802,-1.3148937878908944,0.23656397368967044,25.739406661383022,25.87488818051399,0.1544972784008766,0.08933028932999176,-0.13548151913096973,t-Test,FDR correction BH,0.8463597710414581,False,control,10 µm sulforaphane,0.9103659358422217,0.6260513933475018,Unpaired t-test
306,P0A8A0,-1.3139270951257287,0.2368691652880404,28.543220627184414,30.046497262245172,1.9033923297515578,0.5514146677068362,-1.5032766350607574,t-Test,FDR correction BH,0.8463597710414581,False,control,10 µm sulforaphane,0.3527513147211746,0.6254914703740441,Unpaired t-test
323,P0A8I3,-1.3128814764998635,0.2371996699423905,26.538271481936093,26.91088918521727,0.4820029061601422,0.09658662264694155,-0.3726177032811755,t-Test,FDR correction BH,0.8463597710414581,False,control,10 µm sulforaphane,0.772379777266085,0.6248859196176327,Unpaired t-test
621,P0ADK8,1.3111005850548643,0.23776353086959356,27.698146759988692,27.36053006372165,0.20735664823312763,0.39488193944639516,0.33761669626704105,t-Test,FDR correction BH,0.8463597710414581,False,control,10 µm sulforaphane,1.2636673152581237,0.6238547584503283,Unpaired t-test
1067,P33224,-1.3081527504538255,0.23869949344434924,27.302740825833695,28.05225634393226,0.6856515824325435,0.7174410893874344,-0.7495155180985655,t-Test,FDR correction BH,0.8463597710414581,False,control,10 µm sulforaphane,0.5948032691726489,0.6221485026294303,Unpaired t-test
14,P00805,1.3076484110148856,0.23885995410460514,29.5287995208454,29.281444983345924,0.30189964624947296,0.12728281747027304,0.24735453749947567,t-Test,FDR correction BH,0.8463597710414581,False,control,10 µm sulforaphane,1.1870284701078428,0.6218566554791254,Unpaired t-test
169,P0A6L0,1.3060084780765133,0.23938237977758867,29.093826360016433,28.795592571898354,0.10919896840680367,0.3801497552093764,0.298233788118079,t-Test,FDR correction BH,0.8463597710414581,False,control,10 µm sulforaphane,1.2296381134438226,0.6209078198735937,Unpaired t-test
50,P04993,1.3009320096924688,0.24100602134799354,25.27145095107413,25.005434040903353,0.3168476606715058,0.1582591898613646,0.26601691017077655,t-Test,FDR correction BH,0.8463597710414581,False,control,10 µm sulforaphane,1.202483343408068,0.6179721067797391,Unpaired t-test
835,P10908,1.2982239221502445,0.241876168143627,25.838046081614205,25.547179326674154,0.2922586180195875,0.25530331314409865,0.2908667549400512,t-Test,FDR correction BH,0.8463597710414581,False,control,10 µm sulforaphane,1.2233750469059974,0.6164069202019489,Unpaired t-test
1013,P28904,-1.297661473054104,0.24205724080761346,25.97375980061364,26.26898075860112,0.2746512208681021,0.28255722257228727,-0.2952209579874818,t-Test,FDR correction BH,0.8463597710414581,False,control,10 µm sulforaphane,0.8149475084125685,0.6160819215099465,Unpaired t-test
993,P27278,1.2929408795838482,0.2435817223853133,26.353154137891213,26.175815857969788,0.11232225315496777,0.20933551812158066,0.17733827992142537,t-Test,FDR correction BH,0.8463597710414581,False,control,10 µm sulforaphane,1.1307956824957734,0.6133553029234388,Unpaired t-test
1314,P69805,1.292858519764392,0.24360839537128556,30.538010807631423,29.473191609604093,0.5176788783278968,1.329300351734375,1.0648191980273296,t-Test,FDR correction BH,0.8463597710414581,False,control,10 µm sulforaphane,2.0919077003102218,0.6133077488774391,Unpaired t-test
216,P0A759,-1.290865538282964,0.24425463130157618,29.265890620020713,29.477083572600453,0.17715888440191674,0.22116780790785673,-0.21119295257974002,t-Test,FDR correction BH,0.8463597710414581,False,control,10 µm sulforaphane,0.863822648114274,0.6121571928920966,Unpaired t-test
1012,P28903,1.2881095768151984,0.2451507724082299,28.625305152930867,28.290553562108123,0.2906696810751515,0.343687596587784,0.3347515908227443,t-Test,FDR correction BH,0.8463597710414581,False,control,10 µm sulforaphane,1.2611602383682516,0.6105667340633115,Unpaired t-test
409,P0A9M0,-1.2842651232714752,0.24640571853111795,28.310295523961756,28.54196328926931,0.2675809242904621,0.16131154314029553,-0.23166776530755584,t-Test,FDR correction BH,0.8463597710414581,False,control,10 µm sulforaphane,0.8516498095080552,0.6083492173773755,Unpaired t-test
921,P23305,1.2841277687328598,0.24645066026540102,25.575256306876376,25.35790500804242,0.16771650215398934,0.240453499441567,0.21735129883395743,t-Test,FDR correction BH,0.8463597710414581,False,control,10 µm sulforaphane,1.1625971675525677,0.6082700139903439,Unpaired t-test
18,P00946,1.2833884691534903,0.24669268010874193,28.906941890336903,28.65683163727099,0.07833859947794435,0.328330478833674,0.2501102530659125,t-Test,FDR correction BH,0.8463597710414581,False,control,10 µm sulforaphane,1.1892979995880326,0.607843736750818,Unpaired t-test
275,P0A7X6,-1.2826100100340192,0.24694774666000166,27.55691005171784,27.825738771937047,0.29749054575504746,0.20806162779344053,-0.2688287202192079,t-Test,FDR correction BH,0.8463597710414581,False,control,10 µm sulforaphane,0.8299931182644785,0.6073949323191649,Unpaired t-test
683,P0AEI4,1.2817072660717812,0.2472438279879742,26.680561171184152,26.139282596806137,0.5997547289269342,0.41872785094645976,0.5412785743780155,t-Test,FDR correction BH,0.8463597710414581,False,control,10 µm sulforaphane,1.4552616574111046,0.6068745410016482,Unpaired t-test
229,P0A7B5,1.2744228272872602,0.24964447803436637,28.438403532341987,28.11478204148167,0.1839185077695844,0.39952978271159856,0.3236214908603152,t-Test,FDR correction BH,0.8463597710414581,False,control,10 µm sulforaphane,1.251468077231174,0.602678035800446,Unpaired t-test
1150,P39172,-1.272975798877445,0.25012380183941113,24.830859750031987,25.222269139779407,0.5052467122950188,0.1683747662160316,-0.39140938974741957,t-Test,FDR correction BH,0.8463597710414581,False,control,10 µm sulforaphane,0.7623844561139873,0.6018449787386547,Unpaired t-test
986,P27127,1.272816924284908,0.25017647800851806,25.801800091924676,25.327004177522166,0.09686327816503472,0.6388007536429707,0.47479591440250957,t-Test,FDR correction BH,0.8463597710414581,False,control,10 µm sulforaphane,1.3897216140319335,0.601753525782992,Unpaired t-test
1213,P52108,1.271528411895188,0.25060405644937794,25.90152002774697,25.464375733532435,0.38306496156849584,0.45590011764574034,0.4371442942145336,t-Test,FDR correction BH,0.8463597710414581,False,control,10 µm sulforaphane,1.3539216876394582,0.6010119034962068,Unpaired t-test
1338,P75876,1.2689372444775697,0.25146585761230716,27.632356231473594,27.22595265127881,0.313750434872748,0.4574722633493506,0.40640358019478384,t-Test,FDR correction BH,0.8463597710414581,False,control,10 µm sulforaphane,1.3253777269852698,0.5995209722666728,Unpaired t-test
220,P0A786,1.2670398784825656,0.25209856132978237,27.76307414363928,27.391045810638566,0.4077090597243498,0.3039926848597022,0.3720283330007135,t-Test,FDR correction BH,0.8463597710414581,False,control,10 µm sulforaphane,1.2941710703807152,0.5984296327381499,Unpaired t-test
470,P0AAT4,1.2652374294300264,0.25270091171579245,26.309986009863657,26.107559982362275,0.2641640781927406,0.08371537782369164,0.2024260275013816,t-Test,FDR correction BH,0.8463597710414581,False,control,10 µm sulforaphane,1.150631624431064,0.5973931911927745,Unpaired t-test
1437,Q46893,-1.260561098036169,0.25426957779730697,28.20600457136397,28.527814451666405,0.4168651021176821,0.14745827464132746,-0.3218098803024354,t-Test,FDR correction BH,0.8463597710414581,False,control,10 µm sulforaphane,0.8000655547707403,0.5947055980827064,Unpaired t-test
1410,P77536,-1.2599220186847293,0.25448461933846156,26.670876504972686,28.02081811445574,0.31514860480233675,1.828848623848552,-1.3499416094830536,t-Test,FDR correction BH,0.8463597710414581,False,control,10 µm sulforaphane,0.3923079265929445,0.5943384606289381,Unpaired t-test
1420,P77748,1.25867297572896,0.2549053668080535,25.635233269128598,25.396659496539414,0.048507618368837165,0.32469627369210735,0.23857377258918433,t-Test,FDR correction BH,0.8463597710414581,False,control,10 µm sulforaphane,1.1798257261013407,0.5936210207465556,Unpaired t-test
341,P0A8R7,-1.255885339037944,0.2558466027910448,25.52208332587586,26.17037660955266,0.6846270470403177,0.5750531516516844,-0.6482932836768001,t-Test,FDR correction BH,0.8463597710414581,False,control,10 µm sulforaphane,0.6380346659577254,0.5920203453477106,Unpaired t-test
89,P07004,1.2557832383808514,0.25588113457617884,28.53601837454255,28.407785894154948,0.061631868358825066,0.1657801015690841,0.12823248038760227,t-Test,FDR correction BH,0.8463597710414581,False,control,10 µm sulforaphane,1.0929538469098827,0.5919617322897831,Unpaired t-test
221,P0A790,-1.2552132079550251,0.2560740015434797,28.72978339424981,29.45490379883845,0.3852858531880258,0.9234293503979671,-0.7251204045886404,t-Test,FDR correction BH,0.8463597710414581,False,control,10 µm sulforaphane,0.604946554812027,0.5916345119624803,Unpaired t-test
1056,P32162,-1.2551883783247924,0.25608240542442473,29.642665254790522,29.954620718850855,0.41381656442451015,0.11858114307890792,-0.3119554640603326,t-Test,FDR correction BH,0.8463597710414581,False,control,10 µm sulforaphane,0.8055491579360288,0.5916202594448053,Unpaired t-test
884,P18196,-1.2551123038017353,0.25610815524994573,26.86942239760046,27.069136639549015,0.21715406179916535,0.16971217989921847,-0.19971424194855558,t-Test,FDR correction BH,0.8463597710414581,False,control,10 µm sulforaphane,0.8707230124029326,0.5915765920756588,Unpaired t-test
1028,P30855,-1.2550841851457943,0.25611767347240394,25.06459672393158,25.291461328899132,0.19325428773878373,0.2463158546630353,-0.22686460496755245,t-Test,FDR correction BH,0.8463597710414581,False,control,10 µm sulforaphane,0.8544899298831261,0.5915604518841268,Unpaired t-test
438,P0AA10,1.2545726932647518,0.2562908687038891,32.18608448228606,31.60661703292437,0.5228980308237826,0.6054659456867683,0.5794674493616938,t-Test,FDR correction BH,0.8463597710414581,False,control,10 µm sulforaphane,1.4942975478349572,0.5912668668635847,Unpaired t-test
309,P0A8B5,-1.2537329048551504,0.2565754506105045,29.601411644498874,30.221384124803738,0.6205488379163359,0.5903503865031104,-0.6199724803048632,t-Test,FDR correction BH,0.8463597710414581,False,control,10 µm sulforaphane,0.6506833395168361,0.5907848996931049,Unpaired t-test
611,P0ADC3,-1.2510425609836513,0.2574890032621411,25.715828792830987,26.111469475520344,0.2768606531680773,0.4726394501533121,-0.3956406826893577,t-Test,FDR correction BH,0.8463597710414581,False,control,10 µm sulforaphane,0.7601517278490263,0.5892413139026021,Unpaired t-test
420,P0A9Q7,1.2499898617635663,0.25784724077523524,31.825273822553225,31.426159511681853,0.501536046040267,0.2330400036876463,0.39911431087137217,t-Test,FDR correction BH,0.8463597710414581,False,control,10 µm sulforaphane,1.3186980964184958,0.5886375116200789,Unpaired t-test
1272,P64463,1.2477231066358832,0.25862010872420926,33.68643224695958,33.42361468888663,0.35960211671364184,0.06157168760633809,0.26281755807295326,t-Test,FDR correction BH,0.8463597710414581,False,control,10 µm sulforaphane,1.1998196446578673,0.5873377100494501,Unpaired t-test
1200,P46122,-1.2450814053898809,0.2595233759794771,25.530705474630057,25.823868828887967,0.3318689031432178,0.23703012325098954,-0.29316335425790996,t-Test,FDR correction BH,0.8463597710414581,False,control,10 µm sulforaphane,0.8161106339008977,0.5858235179632288,Unpaired t-test
111,P08201,1.2450643709775848,0.25952920944014424,27.73313354229478,27.56068206120205,0.11593312351682897,0.21003090077450837,0.1724514810927289,t-Test,FDR correction BH,0.8463597710414581,False,control,10 µm sulforaphane,1.1269718510980506,0.5858137561785873,Unpaired t-test
681,P0AEH5,1.2419782939709796,0.2605879353926106,30.12181695704789,28.92427928644803,0.5035647504452392,1.5923475970243781,1.1975376705998606,t-Test,FDR correction BH,0.8463597710414581,False,control,10 µm sulforaphane,2.2934789570861693,0.5840456949691903,Unpaired t-test
648,P0AE01,-1.241569512855538,0.2607284568070283,27.882252446324575,28.03698306373722,0.07351462422336888,0.2029526596580522,-0.15473061741264615,t-Test,FDR correction BH,0.8463597710414581,False,control,10 µm sulforaphane,0.8983000894177753,0.5838115658404615,Unpaired t-test
120,P08622,1.240069839005975,0.2612445475340862,28.638960270819247,28.537228904071267,0.09297525660342393,0.10745098164976546,0.10173136674798045,t-Test,FDR correction BH,0.8463597710414581,False,control,10 µm sulforaphane,1.0730604613769588,0.5829527649979044,Unpaired t-test
63,P05852,1.2359228980509653,0.26267630310047174,26.694076064683298,26.53739370761759,0.19749642352460833,0.09596757917518457,0.15668235706570854,t-Test,FDR correction BH,0.8463597710414581,False,control,10 µm sulforaphane,1.1147207599538314,0.5805791045907912,Unpaired t-test
907,P21893,-1.2357629977907645,0.26273164643626945,25.483556362335083,25.63022996317564,0.10230139817262375,0.17831681211645214,-0.14667360084055758,t-Test,FDR correction BH,0.8463597710414581,False,control,10 µm sulforaphane,0.9033308590085233,0.5804876126160041,Unpaired t-test
472,P0AAT9,-1.2350570011155122,0.26297612168446205,28.011190451082825,28.569427863421872,0.6418391333702637,0.4482590622723204,-0.5582374123390466,t-Test,FDR correction BH,0.8463597710414581,False,control,10 µm sulforaphane,0.6791313740693569,0.580083683797203,Unpaired t-test
1257,P63177,-1.2345618121620714,0.26314771598041237,27.21241464183419,27.665940412103637,0.6200518190808295,0.14279618188752244,-0.4535257702694473,t-Test,FDR correction BH,0.8463597710414581,False,control,10 µm sulforaphane,0.7302560090626502,0.5798003951371398,Unpaired t-test
1117,P37624,-1.2335164042004778,0.2635102943768718,25.249208105505065,25.73737994680282,0.2917715648457948,0.6202728518896228,-0.48817184129775626,t-Test,FDR correction BH,0.8463597710414581,False,control,10 µm sulforaphane,0.7129279358434176,0.5792024138338245,Unpaired t-test
165,P0A6J8,-1.230446102744382,0.2645776839872725,28.662647386280256,28.923417544687297,0.2542690627667424,0.26474892188457416,-0.2607701584070412,t-Test,FDR correction BH,0.8463597710414581,False,control,10 µm sulforaphane,0.8346422408014228,0.577446789513227,Unpaired t-test
1317,P69874,-1.230019458911604,0.26472630424301286,26.5406028136558,27.12098680308859,0.7576567631944261,0.30640153939612524,-0.5803839894327929,t-Test,FDR correction BH,0.8463597710414581,False,control,10 µm sulforaphane,0.6687857488893789,0.5772029033529164,Unpaired t-test
720,P0AF52,-1.2262807520443562,0.26603178449076165,26.599187356380064,27.17872862826063,0.6570396182290152,0.4882146103537879,-0.579541271880565,t-Test,FDR correction BH,0.8463597710414581,False,control,10 µm sulforaphane,0.6691765190186747,0.5750664723753244,Unpaired t-test
1100,P36938,-1.2246409825664546,0.26660612298441044,28.179605401783384,28.430763158202765,0.29519915571719296,0.197583656946048,-0.25115775641938143,t-Test,FDR correction BH,0.8463597710414581,False,control,10 µm sulforaphane,0.8402218702780966,0.5741298806243122,Unpaired t-test
1365,P76270,-1.2194444907029383,0.26843334691331383,27.41895012039732,27.576202376901954,0.16768095847802195,0.1475483171846516,-0.15725225650463415,t-Test,FDR correction BH,0.8463597710414581,False,control,10 µm sulforaphane,0.8967313516829897,0.5711635336563782,Unpaired t-test
1019,P30011,1.2185331040310197,0.26875493266051204,26.754583618453715,26.497344109551328,0.30960501312653116,0.19452973924089342,0.2572395089023871,t-Test,FDR correction BH,0.8463597710414581,False,control,10 µm sulforaphane,1.1951896076950057,0.5706435560713805,Unpaired t-test
1217,P52697,-1.2185261772382106,0.2687573780811806,29.058555888434007,29.383199314819322,0.43970975579017507,0.13999646578874128,-0.3246434263853146,t-Test,FDR correction BH,0.8463597710414581,False,control,10 µm sulforaphane,0.7984957165706429,0.5706396044122981,Unpaired t-test
745,P0AFH8,-1.213541032848911,0.2705223346854722,27.546805206598762,27.919328827245053,0.44460966003208,0.2915792165766176,-0.37252362064629096,t-Test,FDR correction BH,0.8463597710414581,False,control,10 µm sulforaphane,0.7724301481982684,0.5677968731443651,Unpaired t-test
1214,P52119,1.209118734384485,0.2720964141061821,26.6036675096343,26.035973687462928,0.5455566130207004,0.6030655293654733,0.5676938221713712,t-Test,FDR correction BH,0.8463597710414581,False,control,10 µm sulforaphane,1.48215242469925,0.5652771816460402,Unpaired t-test
843,P12295,1.2063957394725888,0.2730695769904757,27.343159126017028,26.72231828124075,0.8587476863533589,0.23888834832514413,0.6208408447762785,t-Test,FDR correction BH,0.8463597710414581,False,control,10 µm sulforaphane,1.537771178080031,0.5637266824349453,Unpaired t-test
773,P0AG20,-1.206082635780703,0.27318166877922584,26.13614565846732,26.53402501543642,0.4255768386276662,0.3812799449269876,-0.39787935696909926,t-Test,FDR correction BH,0.8463597710414581,False,control,10 µm sulforaphane,0.7589730917261733,0.563548446334319,Unpaired t-test
142,P0A698,-1.204982922763855,0.27357568345999367,26.99636271676136,27.100806721202037,0.10372405110870095,0.10853524117725756,-0.10444400444067625,t-Test,FDR correction BH,0.8463597710414581,False,control,10 µm sulforaphane,0.930163346179731,0.5629225071290488,Unpaired t-test
436,P0A9Z1,-1.2039723838762633,0.2739381807361124,27.212280398585268,27.617210042872703,0.405031797217188,0.4186870527320317,-0.40492964428743505,t-Test,FDR correction BH,0.8463597710414581,False,control,10 µm sulforaphane,0.7552731241849089,0.5623474327792599,Unpaired t-test
1055,P32157,1.2027902643012383,0.27436275314985076,27.20577721469918,26.994032904123035,0.19125027254514093,0.23748277336190438,0.21174431057614385,t-Test,FDR correction BH,0.8463597710414581,False,control,10 µm sulforaphane,1.1580875396837962,0.5616748477737895,Unpaired t-test
1278,P64599,-1.2022900068148032,0.27454259759590965,25.899931377921554,26.565691758394617,0.7565942037201681,0.5894583020920545,-0.6657603804730634,t-Test,FDR correction BH,0.8463597710414581,False,control,10 µm sulforaphane,0.6303563839974116,0.5613902615397036,Unpaired t-test
1047,P31677,-1.2016447046056273,0.2747747364109858,25.862017546541825,25.94651194700224,0.04856561599074696,0.11168815072751073,-0.08449440046041445,t-Test,FDR correction BH,0.8463597710414581,False,control,10 µm sulforaphane,0.9431149972766363,0.5610232000756524,Unpaired t-test
864,P15640,-1.2006699627147968,0.2751257078252894,26.72061451391698,26.86182570495397,0.17020441896342187,0.111924194113281,-0.14121119103698732,t-Test,FDR correction BH,0.8463597710414581,False,control,10 µm sulforaphane,0.90675758217394,0.5604688271129368,Unpaired t-test
134,P09373,-1.198281321988961,0.27598741107062197,30.952380635190643,31.29271325623482,0.49020222137997005,0.0412220282636382,-0.34033262104417616,t-Test,FDR correction BH,0.8463597710414581,False,control,10 µm sulforaphane,0.7898591846169349,0.5591107274538156,Unpaired t-test
105,P07862,1.1977956447765157,0.2761629036641012,27.550058350967088,27.407343344405508,0.13320936455505303,0.15761990163650685,0.14271500656158054,t-Test,FDR correction BH,0.8463597710414581,False,control,10 µm sulforaphane,1.1039807426177604,0.5588346596313571,Unpaired t-test
92,P07023,-1.196111255736446,0.27677227896841694,25.271066421662706,25.590176892298675,0.42008656267165945,0.19250434678922285,-0.31911047063596953,t-Test,FDR correction BH,0.8463597710414581,False,control,10 µm sulforaphane,0.8015639493661577,0.557877410219385,Unpaired t-test
314,P0A8F0,1.195827087617103,0.2768751989053049,30.097390150389185,29.913724794470024,0.1220812372252193,0.23635673325747703,0.18366535591916033,t-Test,FDR correction BH,0.8463597710414581,False,control,10 µm sulforaphane,1.1357657847229015,0.5577159444384704,Unpaired t-test
887,P18843,-1.194378325351508,0.2774004236684821,28.682885221539635,28.8626997747887,0.14099884277396657,0.21935339467285347,-0.17981455324906648,t-Test,FDR correction BH,0.8463597710414581,False,control,10 µm sulforaphane,0.8828164678971321,0.5568928799723827,Unpaired t-test
1436,Q46868,1.1931662505238763,0.2778404999679635,29.344900555913366,28.801542988694276,0.4833551881224649,0.6233069515304404,0.5433575672190898,t-Test,FDR correction BH,0.8463597710414581,False,control,10 µm sulforaphane,1.4573602710884943,0.5562044481930747,Unpaired t-test
1152,P39176,1.186950775576112,0.2801066400551998,26.28621519246276,25.888467132006312,0.1057836995479647,0.5706901857956356,0.39774806045644695,t-Test,FDR correction BH,0.8463597710414581,False,control,10 µm sulforaphane,1.3174498638145073,0.5526765959063412,Unpaired t-test
40,P04036,1.1869223168865564,0.28011705240151585,28.582533288178468,28.436675477376426,0.1566635958465748,0.14408492364231215,0.14585781080204185,t-Test,FDR correction BH,0.8463597710414581,False,control,10 µm sulforaphane,1.1063883042539457,0.5526604522672551,Unpaired t-test
175,P0A6P1,1.186137234577511,0.280404426085601,32.447175164266895,32.356985867862115,0.11719946785012876,0.06007302498908042,0.09018929640478035,t-Test,FDR correction BH,0.8463597710414581,False,control,10 µm sulforaphane,1.0645098479141668,0.5522151354650721,Unpaired t-test
1282,P65294,1.1851223779453675,0.2807762819413501,27.651660352535416,27.015202436260488,0.30041211023907577,0.880333964968423,0.636457916274928,t-Test,FDR correction BH,0.8463597710414581,False,control,10 µm sulforaphane,1.5545078653147693,0.5516395812183145,Unpaired t-test
225,P0A7A5,-1.184423813213732,0.28103249039199596,26.032628915584546,26.273838711171486,0.2259768941841392,0.2708437861645381,-0.2412097955869399,t-Test,FDR correction BH,0.8463597710414581,False,control,10 µm sulforaphane,0.8460355578238483,0.5512434680583719,Unpaired t-test
761,P0AFT2,1.178895185891524,0.28306727269087584,25.484631633125744,24.888084359820652,0.47885251113440025,0.7340817584402033,0.5965472733050916,t-Test,FDR correction BH,0.8463597710414581,False,control,10 µm sulforaphane,1.5120934184866652,0.5481103394352342,Unpaired t-test
208,P0A725,1.177908481898535,0.28343174792416925,26.084048253769648,25.789761916006317,0.329815412472721,0.280140895579126,0.2942863377633316,t-Test,FDR correction BH,0.8463597710414581,False,control,10 µm sulforaphane,1.2262782205071228,0.5475515049141129,Unpaired t-test
1069,P33226,1.1744064309551703,0.2847286025013966,28.79830373064354,28.5558578965333,0.18538638182580378,0.3057544042209287,0.24244583411023868,t-Test,FDR correction BH,0.8463597710414581,False,control,10 µm sulforaphane,1.1829965235889797,0.5455689034727115,Unpaired t-test
508,P0ABH7,-1.1739899347689964,0.2848831735113747,26.972910211388736,27.2255090780217,0.3081810466612694,0.20954576977237147,-0.25259886663296527,t-Test,FDR correction BH,0.8463597710414581,False,control,10 µm sulforaphane,0.8393829904560545,0.5453332013992279,Unpaired t-test
153,P0A6F1,-1.173539286761855,0.28505049980721703,26.165526650861356,26.51788581377084,0.360160547874919,0.37515422894956885,-0.3523591629094831,t-Test,FDR correction BH,0.8463597710414581,False,control,10 µm sulforaphane,0.783302157441284,0.5450781931677389,Unpaired t-test
56,P05194,1.171878932375131,0.28566771687447845,26.609773695740845,26.09988938222746,0.6540833124516404,0.3743134817726782,0.5098843135133855,t-Test,FDR correction BH,0.8463597710414581,False,control,10 µm sulforaphane,1.4239360087771284,0.5441388361851954,Unpaired t-test
1118,P37626,-1.1700762940929093,0.28633911840261755,27.25553175410782,27.40289336065441,0.16187455391888034,0.146221404471747,-0.14736160654658903,t-Test,FDR correction BH,0.8463597710414581,False,control,10 µm sulforaphane,0.9029001729669005,0.5431193165055769,Unpaired t-test
428,P0A9V1,-1.1700664668499146,0.2863427822969722,27.183096324510007,27.436806869101893,0.34424816220023635,0.15014841069958323,-0.25371054459188613,t-Test,FDR correction BH,0.8463597710414581,False,control,10 µm sulforaphane,0.8387364476155503,0.5431137594621342,Unpaired t-test
319,P0A8G6,-1.170010409355103,0.2863636829971141,30.09449121418448,30.803853767137618,0.7298500818836293,0.7550311530590382,-0.709362552953138,t-Test,FDR correction BH,0.8463597710414581,False,control,10 µm sulforaphane,0.611590307044279,0.5430820606450485,Unpaired t-test
1112,P37342,-1.169763932320176,0.28645559592990816,27.765569947608853,28.291906948282307,0.7499975323429593,0.21183171863789124,-0.526337000673454,t-Test,FDR correction BH,0.8463597710414581,False,control,10 µm sulforaphane,0.694315363072243,0.5429426893587141,Unpaired t-test
132,P09323,-1.169718733947547,0.2864724534368677,26.609662866050275,26.99755977589147,0.467178247432403,0.3341423119485272,-0.38789690984119574,t-Test,FDR correction BH,0.8463597710414581,False,control,10 µm sulforaphane,0.7642428686689094,0.5429171324942479,Unpaired t-test
425,P0A9S5,1.1683195392755013,0.28699472597832215,29.24011329363413,29.120105750639517,0.15544288768424153,0.086547802843569,0.12000754299461391,t-Test,FDR correction BH,0.8463597710414581,False,control,10 µm sulforaphane,1.0867405444313893,0.5421260841007036,Unpaired t-test
400,P0A9J0,-1.1653004647852372,0.2881244128591181,26.684835033257386,26.843386204829315,0.18656223181121534,0.14398533922885068,-0.15855117157192922,t-Test,FDR correction BH,0.8463597710414581,False,control,10 µm sulforaphane,0.8959243525316135,0.5404199422721071,Unpaired t-test
967,P25539,-1.1643518280821705,0.2884801584378019,26.91486943053563,27.107127401990105,0.24388012959843527,0.14938706008793087,-0.19225797145447387,t-Test,FDR correction BH,0.8463597710414581,False,control,10 µm sulforaphane,0.8752348130506626,0.5398840521003054,Unpaired t-test
299,P0A870,1.1639020968506044,0.28864894159654786,30.065833445028645,29.829354371364495,0.23148131074556744,0.2650661512133403,0.23647907366414955,t-Test,FDR correction BH,0.8463597710414581,False,control,10 µm sulforaphane,1.1781139392459699,0.5396300306116402,Unpaired t-test
1148,P39160,-1.163813300973572,0.28868227643925626,25.60830640104929,26.231625595119326,0.7162615811496686,0.5895068993866562,-0.6233191940700351,t-Test,FDR correction BH,0.8463597710414581,False,control,10 µm sulforaphane,0.649175656354376,0.5395798786787213,Unpaired t-test
348,P0A8V2,1.1634441824527857,0.28882088229843816,29.843153177034107,29.678607806137048,0.1946596428929531,0.1487096647707758,0.16454537089705923,t-Test,FDR correction BH,0.8463597710414581,False,control,10 µm sulforaphane,1.1208128263638142,0.5393714096511594,Unpaired t-test
1325,P75800,1.157983376127791,0.29087807005066085,24.98170820124019,24.659225034036957,0.4183027875319316,0.2401824099879614,0.3224831672032309,t-Test,FDR correction BH,0.8463597710414581,False,control,10 µm sulforaphane,1.2504810260441233,0.5362890199526567,Unpaired t-test
245,P0A7I4,1.1573545269491927,0.2911157674536849,27.51441873283994,27.298606508081594,0.23277873557683856,0.22389184492383227,0.21581222475834494,t-Test,FDR correction BH,0.8463597710414581,False,control,10 µm sulforaphane,1.1613575645732395,0.5359342716045348,Unpaired t-test
55,P05055,1.156680780376901,0.29137061868045244,29.708388956893046,29.555066695817228,0.17022907013046948,0.1540567274485227,0.15332226107581803,t-Test,FDR correction BH,0.8463597710414581,False,control,10 µm sulforaphane,1.1121275505492707,0.5355542438779182,Unpaired t-test
977,P25906,1.1555705823096423,0.2917909754534124,25.56673591549814,24.98771051200312,0.516727465390251,0.697291662136809,0.5790254034950202,t-Test,FDR correction BH,0.8463597710414581,False,control,10 µm sulforaphane,1.4938397609504697,0.5349281441471336,Unpaired t-test
102,P07658,1.1546477365034546,0.29214078653330594,28.56911279848464,28.294111022513505,0.40831032032672804,0.05879364833758096,0.27500177597113407,t-Test,FDR correction BH,0.8463597710414581,False,control,10 µm sulforaphane,1.2099955787342882,0.5344078058138907,Unpaired t-test
1322,P75728,1.1539716923202465,0.29239727165587137,27.02684502320471,26.383384490741086,0.5394340101473322,0.8011125906286677,0.6434605324636244,t-Test,FDR correction BH,0.8463597710414581,False,control,10 µm sulforaphane,1.562071545082959,0.5340266840750798,Unpaired t-test
750,P0AFJ7,-1.151940174502506,0.2931691616798759,27.669092006887844,28.093081371078412,0.6197181749964987,0.14955227250498845,-0.4239893641905681,t-Test,FDR correction BH,0.8463597710414581,False,control,10 µm sulforaphane,0.745360688313349,0.5328817148516235,Unpaired t-test
1417,P77721,1.1499590586302277,0.2939235650250484,25.410218802312443,25.146374235890207,0.22087950441093915,0.33036032332308723,0.26384456642223597,t-Test,FDR correction BH,0.8463597710414581,False,control,10 µm sulforaphane,1.2006740618787737,0.5317655934099437,Unpaired t-test
171,P0A6L7,1.1490535708574672,0.29426891979988434,26.33063149094106,26.100617239195284,0.2806081821460598,0.20364602675171117,0.23001425174577506,t-Test,FDR correction BH,0.8463597710414581,False,control,10 µm sulforaphane,1.172846535206474,0.5312556049482917,Unpaired t-test
1088,P36562,1.1485390490788485,0.29446531255255054,25.71092482047573,25.39770929521784,0.3997583389658456,0.25159860360916836,0.3132155252578883,t-Test,FDR correction BH,0.8463597710414581,False,control,10 µm sulforaphane,1.2424738819944512,0.5309658569185511,Unpaired t-test
896,P21170,-1.1480397244713167,0.2946560107090421,27.87405649306542,28.50180620866785,0.9141530078247494,0.2475874679320004,-0.6277497156024303,t-Test,FDR correction BH,0.8463597710414581,False,control,10 µm sulforaphane,0.6471850937128751,0.5306846952742653,Unpaired t-test
130,P09158,1.147069892224044,0.29502670036451234,27.297707934044613,26.812209426818708,0.3485150152916659,0.6449508304601537,0.4854985072259055,t-Test,FDR correction BH,0.8463597710414581,False,control,10 µm sulforaphane,1.400069560487916,0.530138677932898,Unpaired t-test
312,P0A8E1,-1.145577677602767,0.2955978263133408,28.495917485857085,28.863731500049685,0.427467653679618,0.355717499129294,-0.36781401419260007,t-Test,FDR correction BH,0.8463597710414581,False,control,10 µm sulforaphane,0.7749558283674275,0.5292987638617599,Unpaired t-test
763,P0AFU4,1.1454471086339375,0.295647844398831,25.410393246125764,25.158387701836062,0.32902552138912494,0.1922250789859701,0.2520055442897018,t-Test,FDR correction BH,0.8463597710414581,False,control,10 µm sulforaphane,1.1908614258470838,0.5292252831424866,Unpaired t-test
430,P0A9W3,1.1430177538599742,0.2965797833355616,28.19664045823378,27.881535950543007,0.3583530227641863,0.3155593401564787,0.3151045076907728,t-Test,FDR correction BH,0.8463597710414581,False,control,10 µm sulforaphane,1.2441017717853815,0.5278584564264824,Unpaired t-test
9,P00562,1.1402885133083585,0.2976297245043228,26.859451347668056,26.553773301930846,0.2477288353519934,0.39270379922708615,0.3056780457372099,t-Test,FDR correction BH,0.8463597710414581,False,control,10 µm sulforaphane,1.2359994024266785,0.526323697643773,Unpaired t-test
710,P0AF03,1.139868871044443,0.29779143945240244,28.02422810753222,27.399334082562213,0.17416461825442178,0.9334281370853644,0.6248940249700077,t-Test,FDR correction BH,0.8463597710414581,False,control,10 µm sulforaphane,1.5420975444779474,0.5260877909761212,Unpaired t-test
24,P00961,1.1398680962834007,0.2977917380858978,28.970757705352433,28.686347724500955,0.2725326419025043,0.33540071427136225,0.2844099808514784,t-Test,FDR correction BH,0.8463597710414581,False,control,10 µm sulforaphane,1.217912072176175,0.5260873554538162,Unpaired t-test
1387,P77150,1.1384940068846638,0.2983217822285745,27.86472623079031,27.482505415797853,0.5117276509244228,0.2761674979669564,0.38222081499245775,t-Test,FDR correction BH,0.8463597710414581,False,control,10 µm sulforaphane,1.303346620798616,0.5253150350847912,Unpaired t-test
1179,P41407,-1.1373722165387767,0.2987550942620266,26.54781710602612,27.152132636424785,0.9011574008001989,0.1866482636130764,-0.6043155303986651,t-Test,FDR correction BH,0.8463597710414581,False,control,10 µm sulforaphane,0.6577833836311346,0.5246846805508357,Unpaired t-test
224,P0A799,1.1351248783084997,0.2996247672953255,31.31843660344088,31.058650216955883,0.2724255380620444,0.28795327707150264,0.25978638648499697,t-Test,FDR correction BH,0.8463597710414581,False,control,10 µm sulforaphane,1.1973014123350403,0.5234222902545611,Unpaired t-test
755,P0AFL6,-1.1349842587391354,0.2996792550298939,26.286294906395547,26.45937411801662,0.19486327509307044,0.1783039748657865,-0.1730792116210722,t-Test,FDR correction BH,0.8463597710414581,False,control,10 µm sulforaphane,0.88694760568038,0.5233433195764473,Unpaired t-test
789,P0AG93,-1.1329468431257124,0.3004696571395363,28.128133524405023,28.473035493709496,0.5230261398138157,0.06689437967285312,-0.34490196930447325,t-Test,FDR correction BH,0.846937863983956,False,control,10 µm sulforaphane,0.7873614757277916,0.5221993785771071,Unpaired t-test
315,P0A8F4,-1.1312742571716714,0.3011198379146404,27.24554446568339,27.377935754005883,0.17681173276915724,0.09911909549702519,-0.13239128832249136,t-Test,FDR correction BH,0.8471192327326266,False,control,10 µm sulforaphane,0.9123180157302396,0.5212606320227501,Unpaired t-test
886,P18775,-1.126730766076461,0.30289199920493887,24.560060686542926,24.890624147148312,0.3357803514182994,0.38140793137327433,-0.33056346060538644,t-Test,FDR correction BH,0.8501833880462238,False,control,10 µm sulforaphane,0.7952258387937552,0.5187121982651537,Unpaired t-test
217,P0A763,1.1216467324525292,0.3048853789810299,26.93723644669609,26.443681891007483,0.5571926352248641,0.520006696448949,0.4935545556886076,t-Test,FDR correction BH,0.8501833880462238,False,control,10 µm sulforaphane,1.407909455828486,0.515863402069882,Unpaired t-test
254,P0A7L8,-1.1198684405440336,0.3055852164783538,30.907635314758945,31.620192903849876,1.0008182178443803,0.46146056397795615,-0.712557589090931,t-Test,FDR correction BH,0.8501833880462238,False,control,10 µm sulforaphane,0.610237359317281,0.5148676597729636,Unpaired t-test
350,P0A8W5,1.119826863423631,0.30560159503727924,26.920040779266998,26.628591385807482,0.3973177706690699,0.21295288095200338,0.2914493934595157,t-Test,FDR correction BH,0.8501833880462238,False,control,10 µm sulforaphane,1.2238692118930263,0.5148443833617893,Unpaired t-test
1263,P63284,1.1186555897273542,0.3060632996732042,30.944068250788135,30.798151031570043,0.19861972138335995,0.10767467680192602,0.14591721921809153,t-Test,FDR correction BH,0.8501833880462238,False,control,10 µm sulforaphane,1.1064338649082508,0.5141887439243517,Unpaired t-test
608,P0ADB1,-1.1161120415741155,0.30706795427449,28.798550193485504,30.02539644929952,1.639422142758114,0.9680448911088246,-1.2268462558140172,t-Test,FDR correction BH,0.8501833880462238,False,control,10 µm sulforaphane,0.427250398961291,0.5127655043252106,Unpaired t-test
559,P0ACC3,-1.1137723198938634,0.3079945374621928,29.595697563574692,29.846089339279917,0.13701033736004103,0.36448919261915824,-0.250391775705225,t-Test,FDR correction BH,0.8501833880462238,False,control,10 µm sulforaphane,0.84066809391804,0.511456986003012,Unpaired t-test
429,P0A9W0,-1.1134740691400147,0.30811281947619384,24.938826133818807,25.324822921041978,0.4027145739243334,0.4453540043757628,-0.38599678722317066,t-Test,FDR correction BH,0.8501833880462238,False,control,10 µm sulforaphane,0.7652500890656753,0.5112902318617356,Unpaired t-test
252,P0A7L0,1.1132282492863028,0.30821033669556536,32.228091127501735,31.59967343546237,0.6268608815067814,0.750351408251824,0.6284176920393634,t-Test,FDR correction BH,0.8501833880462238,False,control,10 µm sulforaphane,1.5458685975725104,0.5111528000933754,Unpaired t-test
65,P06149,-1.1124692316220965,0.30851160337364897,26.993382972840053,27.14226207921501,0.09676318032123753,0.21063328378311913,-0.14887910637495594,t-Test,FDR correction BH,0.8501833880462238,False,control,10 µm sulforaphane,0.9019509560678357,0.5107284971530076,Unpaired t-test
408,P0A9L8,-1.108979724929175,0.3098998146969578,29.196404090484354,29.482124512285893,0.3340876252908716,0.29584555023158327,-0.285720421801539,t-Test,FDR correction BH,0.8501833880462238,False,control,10 µm sulforaphane,0.8203318669552228,0.5087786834448498,Unpaired t-test
925,P23721,-1.1073427039735384,0.31055285699053425,28.558139935189324,28.758729384206347,0.1343194038174849,0.2835466247752324,-0.20058944901702347,t-Test,FDR correction BH,0.8501833880462238,False,control,10 µm sulforaphane,0.8701949508178015,0.507864471024721,Unpaired t-test
433,P0A9X4,1.1069216801641848,0.31072099781348744,28.86045787252918,28.582106143310725,0.16903566432709322,0.401410552398114,0.27835172921845697,t-Test,FDR correction BH,0.8501833880462238,False,control,10 µm sulforaphane,1.212808465865688,0.5076293971267629,Unpaired t-test
209,P0A731,-1.1049995635682315,0.3114895826281381,26.070333242522125,26.88932648356824,1.0731101032150043,0.7045824924144588,-0.8189932410461154,t-Test,FDR correction BH,0.8501833880462238,False,control,10 µm sulforaphane,0.5668373619875924,0.506556473187052,Unpaired t-test
846,P13024,1.103987365966006,0.3118949604403298,28.04978225267806,27.54824953080758,0.31912626247136355,0.719237320378727,0.501532721870479,t-Test,FDR correction BH,0.8501833880462238,False,control,10 µm sulforaphane,1.415716823860798,0.5059916424619582,Unpaired t-test
616,P0ADF6,1.1039195531458361,0.31192213469017277,27.925153385233976,27.453935817160378,0.33004098265870624,0.6615873134758363,0.47121756807359816,t-Test,FDR correction BH,0.8501833880462238,False,control,10 µm sulforaphane,1.386278930033646,0.5059538056445441,Unpaired t-test
765,P0AFW4,-1.1032157725808147,0.3122042732036963,26.198468785994393,26.695370509849955,0.5060606571064972,0.5937303838431741,-0.49690172385556153,t-Test,FDR correction BH,0.8501833880462238,False,control,10 µm sulforaphane,0.7086269681603498,0.5055611569555848,Unpaired t-test
115,P08373,1.0972145202063863,0.3146187554550451,26.834965833340902,26.286997385176818,0.44681546336919176,0.740682334944484,0.5479684481640845,t-Test,FDR correction BH,0.8519631738408743,False,control,10 µm sulforaphane,1.4620254734566338,0.5022153912237296,Unpaired t-test
188,P0A6U5,1.0942362314323093,0.3158227611138482,27.562707067694504,27.25280922497231,0.33124993371703837,0.3617954543470749,0.3098978427221937,t-Test,FDR correction BH,0.8519631738408743,False,control,10 µm sulforaphane,1.239619919308608,0.5005565739162793,Unpaired t-test
477,P0AB10,-1.0915435211436422,0.3169146084902867,26.30996230062649,26.645411617806154,0.29842525534591285,0.44076369088628636,-0.33544931717966264,t-Test,FDR correction BH,0.8519631738408743,False,control,10 µm sulforaphane,0.7925372680356902,0.49905774111739015,Unpaired t-test
1318,P69908,1.0913752057646684,0.316982961301081,32.50745717158442,31.57824241426288,0.2422944463869294,1.4546556637151968,0.9292147573215388,t-Test,FDR correction BH,0.8519631738408743,False,control,10 µm sulforaphane,1.9042392579682093,0.4989640816680398,Unpaired t-test
960,P25516,-1.0873260833469263,0.3186309945658359,25.79728477292254,26.265630850066913,0.6829896074269369,0.30019196809749615,-0.46834607714437126,t-Test,FDR correction BH,0.8519631738408743,False,control,10 µm sulforaphane,0.7227927412199662,0.49671198084437346,Unpaired t-test
70,P06616,-1.0869563611244673,0.3187818281020198,27.848110712703974,28.03710313056356,0.29467705591265975,0.062136506146852226,-0.1889924178595841,t-Test,FDR correction BH,0.8519631738408743,False,control,10 µm sulforaphane,0.8772181589751744,0.49650644317288717,Unpaired t-test
1030,P30864,-1.0837297767297338,0.32010066926387476,25.62276019092478,25.920223907992742,0.39638728963050396,0.2624829719206152,-0.2974637170679628,t-Test,FDR correction BH,0.8519631738408743,False,control,10 µm sulforaphane,0.8136816060921986,0.49471341783554934,Unpaired t-test
751,P0AFK0,-1.0829654171294474,0.32041375537434563,27.656636267946723,27.8209245732315,0.24124899412249173,0.10411365553007697,-0.1642883052847779,t-Test,FDR correction BH,0.8519631738408743,False,control,10 µm sulforaphane,0.8923686244963451,0.49428884790944955,Unpaired t-test
961,P25519,-1.080044147482934,0.3216126564408581,26.784819428885637,26.91085703507573,0.12081557201056377,0.1620431078818441,-0.12603760619009208,t-Test,FDR correction BH,0.8519631738408743,False,control,10 µm sulforaphane,0.9163447583491836,0.4926668687722513,Unpaired t-test
1344,P75931,1.0794791161745723,0.32184497455857136,25.382640286069726,24.952881067121325,0.10343687192604976,0.6817571145243452,0.4297592189484014,t-Test,FDR correction BH,0.8519631738408743,False,control,10 µm sulforaphane,1.3470087467803094,0.4923532677639104,Unpaired t-test
511,P0ABJ9,-1.0789002581075806,0.3220831212798917,28.948374552737583,29.147223907572364,0.24408616015224824,0.20574171731505872,-0.19884935483478117,t-Test,FDR correction BH,0.8519631738408743,False,control,10 µm sulforaphane,0.8712451621778253,0.49203203372446835,Unpaired t-test
1042,P31473,-1.0743952211764203,0.3239414994888093,26.253642275390288,26.519337954673396,0.3910936545049032,0.1746840110963401,-0.2656956792831089,t-Test,FDR correction BH,0.8519631738408743,False,control,10 µm sulforaphane,0.8317975384506484,0.48953341184009336,Unpaired t-test
318,P0A8G3,-1.0733973737470248,0.32435431553443456,25.889081189624235,26.145404826009123,0.2998464544826571,0.28489216033244436,-0.256323636384888,t-Test,FDR correction BH,0.8519631738408743,False,control,10 µm sulforaphane,0.8372186551496885,0.48898031940687575,Unpaired t-test
758,P0AFQ7,1.0727091020513289,0.3246393103754592,26.244628313854708,25.796176352652274,0.12652053051944495,0.7129542819468256,0.4484519612024336,t-Test,FDR correction BH,0.8519631738408743,False,control,10 µm sulforaphane,1.3645752561029219,0.48859889287249236,Unpaired t-test
1308,P69739,-1.0721310340542103,0.3248788320273129,27.986967346942524,28.370681833506673,0.45744569845435584,0.41835181173115726,-0.3837144865641484,t-Test,FDR correction BH,0.8519631738408743,False,control,10 µm sulforaphane,0.7664616500274246,0.48827858484837167,Unpaired t-test
817,P0C0L2,-1.0719796621288011,0.3249415767878393,27.52971311227693,27.896667877569357,0.576594763901826,0.13812040561601505,-0.36695476529242654,t-Test,FDR correction BH,0.8519631738408743,False,control,10 µm sulforaphane,0.7754175186471282,0.48819471643494544,Unpaired t-test
800,P0AGE6,-1.0718518273760678,0.3249945729846338,27.929277149502788,28.16427968123284,0.342291684912323,0.16445937318411843,-0.23500253173005348,t-Test,FDR correction BH,0.8519631738408743,False,control,10 µm sulforaphane,0.8496835080604253,0.4881238911519118,Unpaired t-test
766,P0AFX9,1.068066827372502,0.3265669366331906,27.00261993019034,26.532949225690686,0.6088262890001914,0.457648202194257,0.4696707044996522,t-Test,FDR correction BH,0.8519631738408743,False,control,10 µm sulforaphane,1.384793352609917,0.4860277876478399,Unpaired t-test
401,P0A9J4,-1.0664915565804363,0.3272231746030798,26.03424259309419,26.406594473590125,0.47673991591125436,0.3720341582424623,-0.37235188049593404,t-Test,FDR correction BH,0.8519631738408743,False,control,10 µm sulforaphane,0.7725221046840021,0.48515594630318476,Unpaired t-test
20,P00956,-1.0660002590746025,0.3274280643056107,29.329124342751555,29.44147978061439,0.15224815904452016,0.10073425974824102,-0.11235543786283486,t-Test,FDR correction BH,0.8519631738408743,False,control,10 µm sulforaphane,0.9250764881696473,0.4848840993568269,Unpaired t-test
1353,P76046,-1.0656791930406229,0.327562017906293,25.703933260864147,25.877384505505617,0.2151538225442962,0.18216057747203726,-0.17345124464146977,t-Test,FDR correction BH,0.8519631738408743,False,control,10 µm sulforaphane,0.8867189147615027,0.48470646213147534,Unpaired t-test
772,P0AG18,-1.0655848364537601,0.3276013934495772,26.304154587692537,26.78503175248152,0.771465266645092,0.12570743286768746,-0.480877164788982,t-Test,FDR correction BH,0.8519631738408743,False,control,10 µm sulforaphane,0.7165418310246772,0.4846542596400222,Unpaired t-test
1354,P76049,-1.0626725363482592,0.3288186236448654,25.483010680193953,25.87698165701715,0.5962250617786085,0.23843499036827068,-0.3939709768231978,t-Test,FDR correction BH,0.8519631738408743,False,control,10 µm sulforaphane,0.7610320001999846,0.4830435928438326,Unpaired t-test
3,P00393,-1.0626254020421977,0.3288383544350469,26.258289057832712,26.588463523065524,0.48538246641267807,0.232458000691644,-0.3301744652328118,t-Test,FDR correction BH,0.8519631738408743,False,control,10 µm sulforaphane,0.795440285277693,0.48301753374741124,Unpaired t-test
376,P0A972,1.0623531645192927,0.3289523341854769,30.10683158972325,28.074487938111737,2.413340452638687,2.2704989000000446,2.0323436516115123,t-Test,FDR correction BH,0.8519631738408743,False,control,10 µm sulforaphane,4.090688413062855,0.48286702758181105,Unpaired t-test
31,P02918,1.0619149675540414,0.329135865430605,25.754823220389788,25.57409554416094,0.16383573765547912,0.24505532669494987,0.1807276762288481,t-Test,FDR correction BH,0.8519631738408743,False,control,10 µm sulforaphane,1.1334554410205222,0.48262479072319875,Unpaired t-test
231,P0A7C2,-1.0603742545153712,0.32978183266203026,27.036333408030927,27.41991381573112,0.3968775215501403,0.4848267677384845,-0.38358040770019386,t-Test,FDR correction BH,0.8519631738408743,False,control,10 µm sulforaphane,0.7665328855137196,0.48177327286358124,Unpaired t-test
7,P00550,-1.0594232484748538,0.33018107424312304,26.52087026795058,26.89957157861171,0.5988530053576584,0.1571870932045816,-0.37870131066112833,t-Test,FDR correction BH,0.8519631738408743,False,control,10 µm sulforaphane,0.769129636424354,0.4812478238271224,Unpaired t-test
258,P0A7N9,1.0593055934264577,0.3302304944667541,32.30052899672682,31.76893552432579,0.804572995687474,0.32888971163187497,0.5315934724010276,t-Test,FDR correction BH,0.8519631738408743,False,control,10 µm sulforaphane,1.4455249121417488,0.48118282517635863,Unpaired t-test
113,P08312,1.0583187123312796,0.3306452657264506,29.34128351339705,29.107899031253766,0.20367821294356395,0.32312141260944244,0.23338448214328622,t-Test,FDR correction BH,0.8519631738408743,False,control,10 µm sulforaphane,1.1755895844904605,0.4806376912681742,Unpaired t-test
200,P0A6Z1,1.0571841857878979,0.33112261666567866,27.5719476974932,27.264147276728814,0.3381632554125743,0.37410244260192455,0.3078004207643872,t-Test,FDR correction BH,0.8519631738408743,False,control,10 µm sulforaphane,1.2378190418488,0.48001115462198884,Unpaired t-test
412,P0A9M8,1.054526283551645,0.332243132947789,29.914337509853297,29.379167861207833,0.7782077411193805,0.4087229077355009,0.5351696486454642,t-Test,FDR correction BH,0.852141278727002,False,control,10 µm sulforaphane,1.4491125478258888,0.4785439866190977,Unpaired t-test
1398,P77338,-1.0515348524238735,0.33350796065525723,25.842841580291672,25.984490457870272,0.23272963500220964,0.016573154645291698,-0.1416488775786,t-Test,FDR correction BH,0.852141278727002,False,control,10 µm sulforaphane,0.9064825307023753,0.4768937952485157,Unpaired t-test
1141,P37908,-1.051529417090073,0.3335102623777643,23.94940739620809,24.36771420062659,0.17848765806048147,0.6655041306860497,-0.4183068044184992,t-Test,FDR correction BH,0.852141278727002,False,control,10 µm sulforaphane,0.7483023420360738,0.47689079795294215,Unpaired t-test
1390,P77202,1.0514377666538908,0.33354907590558996,26.760473517330116,26.45940927806599,0.3749522388311144,0.3246156693951803,0.3010642392641252,t-Test,FDR correction BH,0.852141278727002,False,control,10 µm sulforaphane,1.2320529321715625,0.4768402582182904,Unpaired t-test
962,P25522,1.0463326612430248,0.3357168868527342,26.738954528257267,26.60942106938789,0.07791374806099091,0.19976730376104748,0.1295334588693784,t-Test,FDR correction BH,0.8536236052845085,False,control,10 µm sulforaphane,1.093939883949015,0.4740268128106526,Unpaired t-test
1230,P60584,1.045692484276158,0.33598953681080646,26.149336173089083,25.90620415365546,0.24380827144441058,0.32052712648787607,0.24313201943362373,t-Test,FDR correction BH,0.8536236052845085,False,control,10 µm sulforaphane,1.1835593230068286,0.4736742469437395,Unpaired t-test
1018,P29745,-1.0445683422114163,0.33646874243622305,29.106958273727134,29.25947906994665,0.23189234063271533,0.10092339273657819,-0.15252079621951609,t-Test,FDR correction BH,0.8536236052845085,False,control,10 µm sulforaphane,0.899677098142557,0.4730552750298914,Unpaired t-test
1132,P37665,1.043300907242019,0.33700969836173883,27.72550848964027,27.419573055519784,0.23655922046559713,0.4494499373818429,0.3059354341204852,t-Test,FDR correction BH,0.8536236052845085,False,control,10 µm sulforaphane,1.2362199343195819,0.4723576009554238,Unpaired t-test
114,P08331,-1.0427725364377824,0.33723542187997546,26.922655424337847,27.070836206846323,0.19789808674676077,0.1463416235939478,-0.14818078250847577,t-Test,FDR correction BH,0.8536236052845085,False,control,10 µm sulforaphane,0.9023876431869976,0.4720668150702159,Unpaired t-test
732,P0AFC3,-1.0417530473211336,0.3376713016754764,28.318268465146595,28.85196436195023,0.8600186020676776,0.21849260661767442,-0.5336958968036356,t-Test,FDR correction BH,0.8536236052845085,False,control,10 µm sulforaphane,0.6907828176439398,0.4715058480219657,Unpaired t-test
1320,P69924,1.036554316892052,0.3399011245730203,26.96682978070165,26.459815246799334,0.18682713790097136,0.8263494765909418,0.5070145339023178,t-Test,FDR correction BH,0.854925247304624,False,control,10 µm sulforaphane,1.4211063595243087,0.4686473985383017,Unpaired t-test
145,P0A6A8,-1.035394794020168,0.34040008863549154,31.664576440804222,32.34789218538651,0.8882977099521857,0.7194134877160853,-0.6833157445822913,t-Test,FDR correction BH,0.854925247304624,False,control,10 µm sulforaphane,0.622732403233261,0.4680103355031376,Unpaired t-test
585,P0ACU0,1.0335778721431614,0.34118313689229,25.46362040305012,25.143306822511175,0.5003922749517201,0.19425660818337886,0.32031358053894365,t-Test,FDR correction BH,0.854925247304624,False,control,10 µm sulforaphane,1.2486019123573782,0.467012442145804,Unpaired t-test
819,P0C0L9,1.033538093190709,0.34120029693668164,28.502991326133973,28.365175937808264,0.22436771846849043,0.05477627499189451,0.13781538832570916,t-Test,FDR correction BH,0.854925247304624,False,control,10 µm sulforaphane,1.1002378105591524,0.4669905995505105,Unpaired t-test
1303,P69423,-1.0322925316094085,0.34173796706198223,25.87333716509875,26.106004816561324,0.3675237461362695,0.1316330268972692,-0.23266765146257384,t-Test,FDR correction BH,0.854925247304624,False,control,10 µm sulforaphane,0.851059762543621,0.466306768437052,Unpaired t-test
1,P00363,1.0314017615379076,0.3421229050514667,30.040141398007588,29.833670247968186,0.2806423694801742,0.203622075487376,0.20647115003940186,t-Test,FDR correction BH,0.854925247304624,False,control,10 µm sulforaphane,1.1538623676632718,0.4658178489237958,Unpaired t-test
439,P0AA16,1.0300834903491034,0.34269322711108,28.325546982839157,28.112931639891116,0.18295758175934965,0.30714288152746516,0.21261534294804108,t-Test,FDR correction BH,0.854925247304624,False,control,10 µm sulforaphane,1.1587869503575527,0.46509447875469995,Unpaired t-test
565,P0ACE7,-1.029568871998384,0.3429160742992268,29.687635170069107,29.851102666699173,0.04659427702665628,0.2710264675741039,-0.16346749663006577,t-Test,FDR correction BH,0.854925247304624,False,control,10 µm sulforaphane,0.8928764742313064,0.4648121567169768,Unpaired t-test
613,P0ADE4,1.0264667648482615,0.34426187299016675,25.493547406304664,25.316199151998532,0.23731747723946633,0.18230326501587701,0.177348254306132,t-Test,FDR correction BH,0.8568032157380053,False,control,10 µm sulforaphane,1.1308035005237225,0.46311107275529456,Unpaired t-test
161,P0A6H8,-1.0228077367327917,0.3458547582475273,24.924458681714587,25.326252507428418,0.38580565336745065,0.5604552142338899,-0.40179382571383115,t-Test,FDR correction BH,0.8592886261613822,False,control,10 µm sulforaphane,0.7569165590391703,0.4611062449486389,Unpaired t-test
922,P23331,-1.020348800277566,0.3469285404131189,28.029322545715722,28.194674724097133,0.27746774022795817,0.04238746006941778,-0.16535217838141136,t-Test,FDR correction BH,0.8595023572591259,False,control,10 µm sulforaphane,0.8917108160270482,0.45975997103117816,Unpaired t-test
739,P0AFF6,1.0194937728512328,0.3473025468448235,29.678138566693693,29.503042167219014,0.21486717656415877,0.2057294583981607,0.17509639947467903,t-Test,FDR correction BH,0.8595023572591259,False,control,10 µm sulforaphane,1.129039843626229,0.45929203190202916,Unpaired t-test
353,P0A8X2,1.0181542825828858,0.34788911929247435,25.32114252859945,24.91763953379388,0.6404377335776865,0.2470229136766594,0.4035029948055673,t-Test,FDR correction BH,0.8595023572591259,False,control,10 µm sulforaphane,1.3227156888323242,0.4585591541932963,Unpaired t-test
128,P09148,-1.01717517193217,0.34831838267900955,26.885714160005907,27.052774274270575,0.2514634020754699,0.13300292179723056,-0.16706011426466816,t-Test,FDR correction BH,0.8595023572591259,False,control,10 µm sulforaphane,0.8906557879586575,0.45802360482575394,Unpaired t-test
43,P04425,-1.0143942896533236,0.3495399034685652,27.758705744278362,28.16066112463772,0.670800293301288,0.1451654401540344,-0.4019553803593574,t-Test,FDR correction BH,0.8610471898050176,False,control,10 µm sulforaphane,0.7568318034002712,0.45650323803852577,Unpaired t-test
672,P0AED5,-1.008982370172038,0.35192697859417965,27.373194887603404,27.658760962541464,0.4396425839211326,0.21684533042056806,-0.2855660749380604,t-Test,FDR correction BH,0.8639398394939989,False,control,10 µm sulforaphane,0.8204196349313524,0.4535474390316085,Unpaired t-test
1166,P39401,-1.0061902954955473,0.3531635959804719,24.734814965338995,24.88707299934158,0.05983924676498427,0.25517382598702393,-0.15225803400258542,t-Test,FDR correction BH,0.8639398394939989,False,control,10 µm sulforaphane,0.899840973855475,0.45202406975930765,Unpaired t-test
624,P0ADN2,1.0035559845826811,0.3543335233362014,29.52667828717064,29.261030306958,0.34693169462719725,0.2997453755919433,0.26564798021264124,t-Test,FDR correction BH,0.8639398394939989,False,control,10 µm sulforaphane,1.202175880362595,0.4505877573162857,Unpaired t-test
1277,P64596,1.0014583110210158,0.355267336509569,28.365442996683107,28.076703064971262,0.15707165158395764,0.47403887024230157,0.2887399317118451,t-Test,FDR correction BH,0.8639398394939989,False,control,10 µm sulforaphane,1.2215728742564216,0.44944471996845126,Unpaired t-test
1094,P36680,-1.0007374367881767,0.35558869842009216,26.61459595814678,26.919384310398957,0.15364414321980546,0.5046491069795902,-0.30478835225217793,t-Test,FDR correction BH,0.8639398394939989,False,control,10 µm sulforaphane,0.8095609728917623,0.44905205054712244,Unpaired t-test
829,P0DTT0,-1.000548088842397,0.35567314717849546,28.310515740287098,28.744537104996024,0.499243585523784,0.5614806411504016,-0.4340213647089257,t-Test,FDR correction BH,0.8639398394939989,False,control,10 µm sulforaphane,0.7401956874440081,0.44894892219804133,Unpaired t-test
524,P0ABS5,0.9967150712158485,0.3573861054419535,24.740849759652008,24.55649699758548,0.2765697328534882,0.16167921637925978,0.18435276206652773,t-Test,FDR correction BH,0.8639398394939989,False,control,10 µm sulforaphane,1.1363070761178238,0.4468623361258104,Unpaired t-test
575,P0ACL2,0.9965335424335282,0.3574673925463269,26.530278568620396,26.127058107303263,0.3812247945492237,0.5880706950678453,0.40322046131713307,t-Test,FDR correction BH,0.8639398394939989,False,control,10 µm sulforaphane,1.3224566771380655,0.4467635675218075,Unpaired t-test
794,P0AGB0,-0.9955139216526098,0.3579242439697463,26.23009597487019,26.536557969356203,0.45731861046033845,0.27415621595366046,-0.3064619944860141,t-Test,FDR correction BH,0.8639398394939989,False,control,10 µm sulforaphane,0.8086223616155621,0.44620888371203266,Unpaired t-test
858,P15034,0.9941910168521898,0.35851767726843103,26.900359147767176,26.412407659732583,0.6417299695186395,0.5575339278850956,0.487951488034593,t-Test,FDR correction BH,0.8639398394939989,False,control,10 µm sulforaphane,1.4024520910908018,0.4454894259072969,Unpaired t-test
386,P0A9C0,-0.9931303831579739,0.35899402509216743,27.037825098246607,27.236682875173347,0.10643796128883494,0.3300773959003501,-0.19885777692674012,t-Test,FDR correction BH,0.8639398394939989,False,control,10 µm sulforaphane,0.8712400760818391,0.44491277953058134,Unpaired t-test
787,P0AG86,-0.9916597018473153,0.35965536429202366,30.22552918561157,31.021487235826488,1.3895486197441933,0.04367276324902514,-0.7959580502149173,t-Test,FDR correction BH,0.8639398394939989,False,control,10 µm sulforaphane,0.5759605683527739,0.4441134577737291,Unpaired t-test
379,P0A993,0.9904296103382564,0.3602092575671881,28.629918937317232,28.384704361087493,0.37190398350326287,0.21349710909220085,0.2452145762297384,t-Test,FDR correction BH,0.8639398394939989,False,control,10 µm sulforaphane,1.1852690463450861,0.44344512977667266,Unpaired t-test
619,P0ADI7,-0.989337583347197,0.3607015496302546,26.43788430702812,26.704292706540183,0.29757986153365584,0.35913881335404035,-0.26640839951206274,t-Test,FDR correction BH,0.8639398394939989,False,control,10 µm sulforaphane,0.8313867153021581,0.4428519918806308,Unpaired t-test
1261,P63228,-0.9874681948867027,0.36154551976671756,27.337283617938574,27.79385709522782,0.7759963616837505,0.19794327257749553,-0.4565734772892469,t-Test,FDR correction BH,0.8639398394939989,False,control,10 µm sulforaphane,0.7287149645943272,0.4418370158273735,Unpaired t-test
378,P0A991,-0.9868337753554012,0.36183229587848054,30.534300275786336,30.76359787312291,0.37429109005269867,0.147903045972732,-0.22929759733657562,t-Test,FDR correction BH,0.8639398394939989,False,control,10 µm sulforaphane,0.8530501138465265,0.44149267214773225,Unpaired t-test
496,P0ABB0,0.9862938175192371,0.36207651455798107,31.35840761037119,31.24626161682518,0.1773439739327738,0.08564589319163224,0.11214599354601162,t-Test,FDR correction BH,0.8639398394939989,False,control,10 µm sulforaphane,1.0808347715961368,0.44119964400004447,Unpaired t-test
706,P0AEY3,-0.9858018972207968,0.3622991199280064,25.99774266837623,26.33751260746182,0.4233610263067754,0.42088506808841497,-0.33976993908559194,t-Test,FDR correction BH,0.8639398394939989,False,control,10 µm sulforaphane,0.7901673066955028,0.44093272092233515,Unpaired t-test
1269,P64426,-0.9808667802348208,0.3645383769159762,24.867880737661487,25.002911145177727,0.1841423976764157,0.1514794171374089,-0.13503040751623985,t-Test,FDR correction BH,0.8639398394939989,False,control,10 µm sulforaphane,0.9106506397116717,0.43825674442281337,Unpaired t-test
468,P0AAR3,0.9793044160497135,0.3652495592741688,27.643188543433606,27.05829381088059,0.6942446157181168,0.7669198260541719,0.5848947325530176,t-Test,FDR correction BH,0.8639398394939989,False,control,10 µm sulforaphane,1.4999295416828278,0.4374102994317546,Unpaired t-test
1440,Q47147,-0.9786880527784265,0.36553042682328757,26.50042200206437,26.654022016608437,0.11673228760007252,0.24549663355675871,-0.15360001454406813,t-Test,FDR correction BH,0.8639398394939989,False,control,10 µm sulforaphane,0.8990043399287766,0.43707646644493325,Unpaired t-test
1428,Q2M7R5,-0.9780824006344032,0.3658065795580982,26.120094475470758,26.34253079791159,0.37990190315834116,0.10409256067701475,-0.22243632244083145,t-Test,FDR correction BH,0.8639398394939989,False,control,10 µm sulforaphane,0.8571167747453645,0.4367484873777063,Unpaired t-test
504,P0ABF1,0.9775153541015457,0.3660652789510857,27.546921924685762,27.438779841717853,0.11346264847718586,0.15441152442182887,0.10814208296790895,t-Test,FDR correction BH,0.8639398394939989,False,control,10 µm sulforaphane,1.0778392901818366,0.43644146170861076,Unpaired t-test
600,P0AD57,-0.9774402842850888,0.36609953831107506,27.330542633958117,27.55392370402202,0.38964549997733955,0.06973940507250012,-0.22338107006390118,t-Test,FDR correction BH,0.8639398394939989,False,control,10 µm sulforaphane,0.8565556762903567,0.4364008188078404,Unpaired t-test
1008,P28306,0.975389681584728,0.3670363435964023,25.521607696582144,25.15386423078954,0.3062101273281552,0.5767775558609605,0.36774346579260353,t-Test,FDR correction BH,0.8639398394939989,False,control,10 µm sulforaphane,1.2903330282419037,0.4352909301841654,Unpaired t-test
867,P16095,-0.9748169734916107,0.3672983191557878,27.484970226853353,27.761194105848492,0.4850476008330991,0.074880188858002,-0.27622387899513967,t-Test,FDR correction BH,0.8639398394939989,False,control,10 µm sulforaphane,0.8257495142794806,0.43498105908469964,Unpaired t-test
411,P0A9M5,0.9704162365094938,0.36931627889131297,30.282643398342955,30.08581931115068,0.24652178784693227,0.25028027318932683,0.19682408719227595,t-Test,FDR correction BH,0.8639398394939989,False,control,10 µm sulforaphane,1.1461724204308603,0.43260154889694225,Unpaired t-test
1037,P31119,-0.9703182060301514,0.369361329935048,25.750808249799654,25.967066330971683,0.2541958772977325,0.29052033140897354,-0.21625808117202894,t-Test,FDR correction BH,0.8639398394939989,False,control,10 µm sulforaphane,0.8607951884314695,0.43254857471852237,Unpaired t-test
52,P04995,0.9702575592871236,0.369389203012965,25.726620643990124,25.301026869655477,0.48937221714839024,0.5811454016793066,0.4255937743346472,t-Test,FDR correction BH,0.8639398394939989,False,control,10 µm sulforaphane,1.3431251831072881,0.43251580283302415,Unpaired t-test
913,P22333,-0.968553329399136,0.3701731388140794,26.668461817006172,26.85855160807879,0.2990892245360917,0.16155940105006103,-0.19008979107261936,t-Test,FDR correction BH,0.8639398394939989,False,control,10 µm sulforaphane,0.8765511644510253,0.4315950985168402,Unpaired t-test
1391,P77212,0.9665096910982133,0.3711149234214326,25.792311904479725,25.282991757785933,0.7063261376947829,0.5780923253352618,0.509320146693792,t-Test,FDR correction BH,0.8639398394939989,False,control,10 µm sulforaphane,1.4233792865494412,0.4304915812770157,Unpaired t-test
982,P26616,0.9649523379184873,0.3718338717316337,28.71120523525308,28.56131772718378,0.19252142425834534,0.18793386973142887,0.1498875080692983,t-Test,FDR correction BH,0.8639398394939989,False,control,10 µm sulforaphane,1.1094829584648183,0.4296510512609669,Unpaired t-test
446,P0AA97,0.9645829378592319,0.37200456458332704,26.988050821061208,26.509636008656713,0.7800176310198754,0.3599499402466686,0.4784148124044947,t-Test,FDR correction BH,0.8639398394939989,False,control,10 µm sulforaphane,1.3932120078288042,0.42945173119017516,Unpaired t-test
1049,P31680,0.9644386472456374,0.37207125526150836,26.636919115157593,26.411410161943696,0.3262833985276308,0.2399170833933009,0.22550895321389675,t-Test,FDR correction BH,0.8639398394939989,False,control,10 µm sulforaphane,1.1691896419350483,0.42937388053884734,Unpaired t-test
16,P00934,0.963745337740901,0.3723918315331916,26.731136746170975,26.540480473948776,0.10300255973597457,0.3268008436777803,0.19065627222219916,t-Test,FDR correction BH,0.8639398394939989,False,control,10 µm sulforaphane,1.1412827596175728,0.4289998538963016,Unpaired t-test
1357,P76177,0.9603276861611574,0.37397526841604606,28.67458301396902,28.536763617377265,0.11160843145726689,0.22210673635940012,0.13781939659175535,t-Test,FDR correction BH,0.8639398394939989,False,control,10 µm sulforaphane,1.100240867374252,0.4271571174401213,Unpaired t-test
1342,P75914,-0.9596204788117465,0.37430358284973864,27.505898958817216,27.761739401784446,0.3551273832360052,0.29516198152026724,-0.2558404429672301,t-Test,FDR correction BH,0.8639398394939989,False,control,10 µm sulforaphane,0.8374991068628157,0.4267760157805184,Unpaired t-test
532,P0AC02,-0.959194939869847,0.3745012439784585,28.81871580502832,28.96421135729942,0.18837292754463314,0.1831412629360777,-0.14549555227110034,t-Test,FDR correction BH,0.8639398394939989,False,control,10 µm sulforaphane,0.9040687850380904,0.42654673536883286,Unpaired t-test
1415,P77717,-0.9581569041920719,0.3749837498182669,26.78957482920942,27.209172406405663,0.7477952382746296,0.12699681052501424,-0.41959757719624236,t-Test,FDR correction BH,0.8639398394939989,False,control,10 µm sulforaphane,0.7476331387005579,0.42598755231807395,Unpaired t-test
719,P0AF50,-0.9581052551676305,0.3750077703082411,28.042348320844212,28.263116981177,0.3751389987713995,0.1362123900783641,-0.2207686603327872,t-Test,FDR correction BH,0.8639398394939989,False,control,10 µm sulforaphane,0.8581081191260929,0.42595973342686777,Unpaired t-test
426,P0A9T0,0.9576696908154958,0.3752103867235348,28.105048247267536,27.789770270953895,0.3815900475100498,0.4237145313946988,0.3152779763136415,t-Test,FDR correction BH,0.8639398394939989,False,control,10 µm sulforaphane,1.2442513706888512,0.42572514781355036,Unpaired t-test
1442,Q57261,0.954315360491296,0.37677362539345055,27.57825291721242,27.192993208425413,0.5407131669360463,0.4433474197877751,0.3852597087870073,t-Test,FDR correction BH,0.8661600354831948,False,control,10 µm sulforaphane,1.3060948844443547,0.4239195059507803,Unpaired t-test
471,P0AAT6,0.9510211778514084,0.37831377425494905,27.224886907278997,26.446866122064655,0.7415107349580957,1.2074663152111451,0.7780207852143413,t-Test,FDR correction BH,0.866219587035158,False,control,10 µm sulforaphane,1.714776778244186,0.4221478459290039,Unpaired t-test
1070,P33355,-0.9504256197305893,0.3785927419801573,25.39393469167457,25.672266355839167,0.48681732615657786,0.1424477928626164,-0.27833166416459676,t-Test,FDR correction BH,0.866219587035158,False,control,10 µm sulforaphane,0.8245439706907309,0.42182771617301906,Unpaired t-test
963,P25524,-0.946632023742562,0.3803734753320642,26.594957911697783,26.873446535827018,0.4477325446074983,0.24326297945446204,-0.2784886241292348,t-Test,FDR correction BH,0.866219587035158,False,control,10 µm sulforaphane,0.8244542681903161,0.41978977543219465,Unpaired t-test
1224,P60340,0.9451256485364992,0.3810823791185977,26.790837170126675,26.619932742543956,0.21638636338305775,0.22643403865488518,0.17090442758271962,t-Test,FDR correction BH,0.866219587035158,False,control,10 µm sulforaphane,1.125764006583786,0.41898113212125226,Unpaired t-test
1096,P36767,0.9449720509259254,0.38115472013984275,27.723893689343335,27.66488123272351,0.08039208775918641,0.07236507577874987,0.05901245661982557,t-Test,FDR correction BH,0.866219587035158,False,control,10 µm sulforaphane,1.041752423742039,0.4188986976491783,Unpaired t-test
1313,P69801,-0.9449616841611705,0.381159603037117,27.854465595555734,28.37508606020809,0.8191031507984963,0.4895775051406218,-0.5206204646523567,t-Test,FDR correction BH,0.866219587035158,False,control,10 µm sulforaphane,0.6970719766373243,0.41889313402462747,Unpaired t-test
908,P22106,-0.944411938801929,0.3814186107054576,28.005897196758312,28.106001574192277,0.139238549387752,0.11965956749645859,-0.10010437743396494,t-Test,FDR correction BH,0.866219587035158,False,control,10 µm sulforaphane,0.9329654900456104,0.41859812007476827,Unpaired t-test
849,P13035,-0.9432666604019164,0.3819586372940474,28.015479517293173,28.224964616454574,0.37033751737324583,0.10399506447312086,-0.20948509916140168,t-Test,FDR correction BH,0.866219587035158,False,control,10 µm sulforaphane,0.864845841499124,0.41798366475207416,Unpaired t-test
988,P27129,0.9427743875723621,0.3821909381247792,26.09091597031809,25.854434119720047,0.22781593281058993,0.3699407358082273,0.23648185059804305,t-Test,FDR correction BH,0.866219587035158,False,control,10 µm sulforaphane,1.1781162069100182,0.41771961442663647,Unpaired t-test
542,P0AC47,0.9413887157328855,0.38284541737654953,30.965291179329746,30.791620675679514,0.08094704451679502,0.3091113842991869,0.17367050365023218,t-Test,FDR correction BH,0.8663450289929431,False,control,10 µm sulforaphane,1.1279245019624966,0.41697654700281916,Unpaired t-test
1184,P43329,0.9397644949612061,0.38361367339976654,26.00998007944757,25.86456267093108,0.25873415573444497,0.06991645810730296,0.1454174085164901,t-Test,FDR correction BH,0.8667271433375976,False,control,10 µm sulforaphane,1.1060506157190102,0.41610592137563074,Unpaired t-test
1185,P43671,-0.9373746596681453,0.3847462349374821,26.624997160632994,26.69051177767787,0.09405281347170884,0.07621401806933925,-0.06551461704487593,t-Test,FDR correction BH,0.8679298841179394,False,control,10 µm sulforaphane,0.9556043875904828,0.41482562140909224,Unpaired t-test
1441,Q47710,0.9358523768628325,0.3854690041761469,26.965688934733812,26.41609131762476,0.22771587438170976,0.9913637587334955,0.549597617109054,t-Test,FDR correction BH,0.8682058879107608,False,control,10 µm sulforaphane,1.46367740391609,0.41401053812265765,Unpaired t-test
1250,P62517,0.9317772698690516,0.38740900009010615,26.2068880649919,26.113010768583173,0.13731633689266007,0.10768653080259435,0.09387729640872777,t-Test,FDR correction BH,0.8704890228855039,False,control,10 µm sulforaphane,1.0672345641209404,0.41183029418978606,Unpaired t-test
793,P0AGA6,-0.9302442995277433,0.3881407329778994,26.279224657836068,26.427899749215186,0.220751995160094,0.1670311574917383,-0.14867509137911838,t-Test,FDR correction BH,0.8704890228855039,False,control,10 µm sulforaphane,0.9020785121532888,0.4110107783389162,Unpaired t-test
1280,P64612,-0.928019228497885,0.3892047206903876,24.93824916957902,25.103710570414655,0.19607677184224398,0.23858219876317888,-0.16546140083563543,t-Test,FDR correction BH,0.8704890228855039,False,control,10 µm sulforaphane,0.8916433096210717,0.40982190078458824,Unpaired t-test
660,P0AE63,-0.927221683368118,0.3895866382241267,25.54327193095693,26.102902931125293,0.8884613989941257,0.5508892472125332,-0.5596310001683626,t-Test,FDR correction BH,0.8704890228855039,False,control,10 µm sulforaphane,0.6784756760661997,0.4093959466728928,Unpaired t-test
1370,P76316,-0.9271651960182963,0.38961369904859616,26.667394154512,26.954183732603997,0.4683440619137273,0.2601693759932249,-0.286789578091998,t-Test,FDR correction BH,0.8704890228855039,False,control,10 µm sulforaphane,0.8197241584352989,0.40936578147355857,Unpaired t-test
149,P0A6D3,-0.9261617187221117,0.39009466585740427,27.494198133400538,27.71919850649637,0.35073073338310623,0.23247656039894699,-0.2250003730958312,t-Test,FDR correction BH,0.8704890228855039,False,control,10 µm sulforaphane,0.8555948044169245,0.40882998817714333,Unpaired t-test
304,P0A894,0.9223521337872501,0.39192475705427865,26.11906947248843,25.614977493191933,0.6208294228292046,0.7145991355769621,0.5040919792964971,t-Test,FDR correction BH,0.8732252676432772,False,control,10 µm sulforaphane,1.4182304523491676,0.4067973021956192,Unpaired t-test
455,P0AAH0,0.9185152376508684,0.3937746217190265,26.250288308051765,25.88487684922053,0.4492128611408857,0.52250372506733,0.36541145883123605,t-Test,FDR correction BH,0.8740794665067648,False,control,10 µm sulforaphane,1.2882489877025283,0.404752277031179,Unpaired t-test
790,P0AG96,0.9177483312584422,0.39414516765161395,26.90514128334308,26.728129930652283,0.25875001325075203,0.21130910699299751,0.1770113526907977,t-Test,FDR correction BH,0.8740794665067648,False,control,10 µm sulforaphane,1.1305394634014214,0.4043437936605384,Unpaired t-test
1233,P60664,0.9166597733463657,0.39467158416102044,26.210272326852852,25.851823503670317,0.47556935138273887,0.4822509640265718,0.3584488231825347,t-Test,FDR correction BH,0.8740794665067648,False,control,10 µm sulforaphane,1.282046707528039,0.403764141114794,Unpaired t-test
528,P0ABU5,0.9152010652158181,0.39537784512388235,27.951777177894392,27.75718980952132,0.3023038023240281,0.2103104031342613,0.194587368373071,t-Test,FDR correction BH,0.8740794665067648,False,control,10 µm sulforaphane,1.1443967997660407,0.4029876698984612,Unpaired t-test
467,P0AAQ2,-0.9151994756189824,0.39537861528391344,27.187794859053206,27.377461174952455,0.06918446760427505,0.35222049042335796,-0.18966631589924887,t-Test,FDR correction BH,0.8740794665067648,False,control,10 µm sulforaphane,0.8768084968255621,0.40298682393319013,Unpaired t-test
964,P25526,-0.911114378565896,0.397361635518767,26.25048566210617,26.41864550492042,0.2720755456891148,0.16783216743073529,-0.16815984281425145,t-Test,FDR correction BH,0.8740794665067648,False,control,10 µm sulforaphane,0.8899771231340285,0.40081406547681087,Unpaired t-test
1265,P63389,-0.9104661691106201,0.3976769911132418,26.153119667643768,26.32090433324839,0.2314013228754365,0.2198535695588685,-0.16778466560462135,t-Test,FDR correction BH,0.8740794665067648,False,control,10 µm sulforaphane,0.8902085944732451,0.400469535797088,Unpaired t-test
826,P0CG19,-0.9104398740220967,0.39768978777013336,26.961210383879088,27.826808961988554,1.633559207969182,0.2079606752989095,-0.8655985781094664,t-Test,FDR correction BH,0.8740794665067648,False,control,10 µm sulforaphane,0.5488186532920628,0.4004555610683896,Unpaired t-test
1176,P40710,-0.9086339474036436,0.3985694038518869,27.198284941034846,27.346912500322254,0.2377351340260169,0.15411012258177023,-0.14862755928740867,t-Test,FDR correction BH,0.8740794665067648,False,control,10 µm sulforaphane,0.9021082331849006,0.39949604293682583,Unpaired t-test
185,P0A6T3,-0.9085571385785176,0.39860684811461444,27.769717297113445,27.949197269047666,0.32862782823240677,0.0952606679361354,-0.17947997193422083,t-Test,FDR correction BH,0.8740794665067648,False,control,10 µm sulforaphane,0.8830212292219836,0.3994552443388913,Unpaired t-test
1163,P39377,0.9078382561642467,0.3989574328454113,29.189891680830087,28.956615056586813,0.30431745437569746,0.32476710800645897,0.233276624243274,t-Test,FDR correction BH,0.8740794665067648,False,control,10 µm sulforaphane,1.1755016990533877,0.39907343931711237,Unpaired t-test
1425,P77804,-0.9061849439613808,0.3997646113892245,28.835078274878036,28.93261243042178,0.1641791579581296,0.08831139446808084,-0.09753415554374456,t-Test,FDR correction BH,0.874522886639665,False,control,10 µm sulforaphane,0.9346290887490223,0.39819565383627403,Unpaired t-test
343,P0A8S1,-0.9012516945911927,0.4021805003910196,26.527983450540106,26.730275241200175,0.2058287490087254,0.32981308619690275,-0.20229179066006964,t-Test,FDR correction BH,0.8784788573495685,False,control,10 µm sulforaphane,0.8691687495652547,0.395578989875215,Unpaired t-test
372,P0A953,0.8995564949645629,0.4030132196371498,29.289578397858275,28.710050183535888,1.0574624150137577,0.3562301407205171,0.5795282143223872,t-Test,FDR correction BH,0.8789700084393947,False,control,10 µm sulforaphane,1.4943604875702696,0.3946807079003192,Unpaired t-test
369,P0A940,0.893549649112688,0.4059744317083877,28.57518163500632,28.454267287758164,0.13992453312821926,0.1880290223539099,0.12091434724815642,t-Test,FDR correction BH,0.8836416118811484,False,control,10 µm sulforaphane,1.0874238286254159,0.3915013174514318,Unpaired t-test
12,P00634,0.889661497466172,0.4078999336279384,24.917709785691315,24.750187369889247,0.1173479380696074,0.30430093559353183,0.16752241580206828,t-Test,FDR correction BH,0.8836416118811484,False,control,10 µm sulforaphane,1.1231280455126793,0.38944636534979055,Unpaired t-test
930,P23839,-0.8878765871420053,0.40878616531378675,29.0066029049599,29.122365812166905,0.09170438997422997,0.20636983930648936,-0.115762907207003,t-Test,FDR correction BH,0.8836416118811484,False,control,10 µm sulforaphane,0.9228941488017691,0.3885038105972944,Unpaired t-test
675,P0AEE1,0.8839970235430008,0.41071741937882134,29.04206587970976,28.689046281212256,0.47128632965990663,0.5062785397185251,0.35301959849750375,t-Test,FDR correction BH,0.8836416118811484,False,control,10 µm sulforaphane,1.2772311098065616,0.3864568774247226,Unpaired t-test
271,P0A7V8,0.8830488050288893,0.4111904858409544,32.581898962561986,32.182533028694294,0.35137577251437097,0.7001050691488305,0.39936593386769204,t-Test,FDR correction BH,0.8836416118811484,False,control,10 µm sulforaphane,1.3189281129464105,0.3859569426377217,Unpaired t-test
1036,P31069,0.8825591676920421,0.41143492622162897,27.475115543706305,27.209614206410954,0.3310384907264341,0.40238260166785744,0.2655013372953512,t-Test,FDR correction BH,0.8836416118811484,False,control,10 µm sulforaphane,1.2020536912554305,0.38569884433429197,Unpaired t-test
1199,P46118,-0.8820795850101093,0.41167445280578435,25.056754949731957,25.206136109664136,0.27222530548413737,0.10923727386991866,-0.14938115993217949,t-Test,FDR correction BH,0.8836416118811484,False,control,10 µm sulforaphane,0.9016371344417108,0.3854460830868692,Unpaired t-test
1234,P60716,-0.8801547572406175,0.41263685716128934,28.477233499865925,28.60501645082499,0.22852725998675782,0.10492402243012275,-0.127782950959066,t-Test,FDR correction BH,0.8836416118811484,False,control,10 µm sulforaphane,0.9152368523459447,0.3844319829870302,Unpaired t-test
642,P0ADY1,0.8798530395612331,0.41278786737261314,28.851506746099748,28.755082185422623,0.06999947765198718,0.17643999851258504,0.09642456067712502,t-Test,FDR correction BH,0.8836416118811484,False,control,10 µm sulforaphane,1.0691205689685233,0.3842730759413085,Unpaired t-test
1093,P36677,-0.8795282503940293,0.412950471206589,24.580511814259477,24.86702286407917,0.32740686841165056,0.45951542298599285,-0.2865110498196941,t-Test,FDR correction BH,0.8836416118811484,False,control,10 µm sulforaphane,0.8198824305496842,0.3841020339890447,Unpaired t-test
725,P0AF93,0.8777655603241573,0.41383378921420344,31.90597266506274,31.68356569763735,0.2627501836683481,0.351517302747282,0.22240696742539257,t-Test,FDR correction BH,0.8836416118811484,False,control,10 µm sulforaphane,1.1666784297365977,0.3831740524083691,Unpaired t-test
25,P00962,0.8758882164439865,0.4147761175849165,28.436807605031344,28.29827345941158,0.26122986186935176,0.0825026497081096,0.13853414561976507,t-Test,FDR correction BH,0.8836416118811484,False,control,10 µm sulforaphane,1.100786090655025,0.38218625782707705,Unpaired t-test
845,P13009,-0.8732397048344531,0.41610825977677396,26.042006867400023,26.216152083621644,0.14313145256228105,0.3143621171389279,-0.17414521622162127,t-Test,FDR correction BH,0.8836416118811484,False,control,10 µm sulforaphane,0.8862924838584603,0.38079366334699116,Unpaired t-test
779,P0AG48,-0.8720076804456076,0.4167290286260351,33.07767210936093,33.31020721898542,0.44945979386678353,0.10638951202476714,-0.23253510962448587,t-Test,FDR correction BH,0.8836416118811484,False,control,10 µm sulforaphane,0.8511379538479392,0.38014624628377286,Unpaired t-test
949,P24193,0.8702239108825366,0.41762902462641927,27.99833509710864,27.841825144762133,0.11506333418863228,0.2894800896060228,0.15650995234650722,t-Test,FDR correction BH,0.8836416118811484,False,control,10 µm sulforaphane,1.1145875567254984,0.3792093261047884,Unpaired t-test
1181,P42596,0.8645794092407971,0.4204864855300181,25.83116462133451,25.671114384621813,0.25600347617973385,0.19305325578783109,0.1600502367126957,t-Test,FDR correction BH,0.8836416118811484,False,control,10 µm sulforaphane,1.1173260442919113,0.37624795790187693,Unpaired t-test
906,P21889,-0.8620661328341624,0.42176346797431336,29.40838198842683,29.538544219882,0.18344309623971441,0.18639039432081048,-0.13016223145517003,t-Test,FDR correction BH,0.8836416118811484,False,control,10 µm sulforaphane,0.9137286954083462,0.3749310403961271,Unpaired t-test
1256,P63020,0.8612044254319176,0.422201958875915,29.630699595652583,29.574337353525543,0.1044384963947364,0.044068947721664656,0.05636224212704022,t-Test,FDR correction BH,0.8836416118811484,False,control,10 µm sulforaphane,1.0398404929430207,0.3744797560425096,Unpaired t-test
586,P0ACU5,-0.8604853688652386,0.4225681187690581,26.32673059830177,26.825024340066243,0.670001610390265,0.746400981570195,-0.49829374176447416,t-Test,FDR correction BH,0.8836416118811484,False,control,10 µm sulforaphane,0.7079435626798785,0.374103271990214,Unpaired t-test
823,P0C960,0.8590937319240645,0.4232774403549377,26.38241928396245,25.890134394284665,0.25225483844139424,0.9599225331986623,0.4922848896777836,t-Test,FDR correction BH,0.8836416118811484,False,control,10 µm sulforaphane,1.4066709484717197,0.3733748777354197,Unpaired t-test
151,P0A6E4,0.8581704593556049,0.4237485216313304,27.21803808321394,27.04296532713131,0.1364549951121942,0.3259395144124808,0.1750727560826313,t-Test,FDR correction BH,0.8836416118811484,False,control,10 µm sulforaphane,1.1290213406771183,0.37289180394750543,Unpaired t-test
85,P06996,0.8562886491604061,0.42470987883239675,34.10904799237692,33.437782978362364,0.8798401691380222,1.0341618065516278,0.6712650140145584,t-Test,FDR correction BH,0.8836416118811484,False,control,10 µm sulforaphane,1.5924686971857573,0.3719076371197507,Unpaired t-test
995,P27302,0.855714613488098,0.4250034563033452,29.750805317221424,29.447943837973167,0.5426075753461912,0.28525847644596236,0.3028614792482571,t-Test,FDR correction BH,0.8836416118811484,False,control,10 µm sulforaphane,1.2335887207708618,0.37160753807353086,Unpaired t-test
1169,P39411,-0.854680716029429,0.42553259794562937,26.034217994916386,26.55488217577299,0.21867996523219022,1.0322411175169834,-0.5206641808566026,t-Test,FDR correction BH,0.8836416118811484,False,control,10 µm sulforaphane,0.6970508544470154,0.3710671651548542,Unpaired t-test
760,P0AFR4,-0.8537693931550328,0.42599941017851795,27.234275416387966,27.529266226814556,0.5517183044985985,0.23184133753199287,-0.29499081042659014,t-Test,FDR correction BH,0.8836416118811484,False,control,10 µm sulforaphane,0.8150775242073214,0.37059100220336627,Unpaired t-test
1068,P33225,0.8531886969803265,0.42629706073474183,28.585905118123463,28.40242150790932,0.33494743378192926,0.1629658306020395,0.18348361021414306,t-Test,FDR correction BH,0.8836416118811484,False,control,10 µm sulforaphane,1.1356227139103576,0.3702876617490281,Unpaired t-test
447,P0AAA1,0.8526413985654794,0.4265777329077339,29.936359103651995,29.82281632273149,0.1413164445752464,0.18228865460802152,0.11354278092050407,t-Test,FDR correction BH,0.8836416118811484,False,control,10 µm sulforaphane,1.0818817201086883,0.37000181819669603,Unpaired t-test
1029,P30859,0.8516422339621149,0.4270904881642766,26.737974333070373,26.359297114668305,0.7011737093144724,0.31855778829976655,0.3786772184020677,t-Test,FDR correction BH,0.8836416118811484,False,control,10 µm sulforaphane,1.3001492249172295,0.36948010074308385,Unpaired t-test
1385,P76658,0.8500892702858873,0.42788834608922477,28.06647607386212,27.922437352792276,0.2731281637147765,0.10737906114764025,0.14403872106984394,t-Test,FDR correction BH,0.8836416118811484,False,control,10 µm sulforaphane,1.1049941417821227,0.36866954174244054,Unpaired t-test
1406,P77488,-0.8456218450674586,0.43018967103388966,26.675795330272592,26.885893496928,0.39122003017955015,0.17926272099720966,-0.21009816665540626,t-Test,FDR correction BH,0.8836416118811484,False,control,10 µm sulforaphane,0.8644784067893561,0.3663400213470635,Unpaired t-test
1443,Q59385,-0.8448034351492071,0.43061224642416324,27.506046209446488,27.621638973384144,0.15280671579164787,0.18115135077544736,-0.11559276393765572,t-Test,FDR correction BH,0.8836416118811484,False,control,10 µm sulforaphane,0.9230029961207972,0.3659136231915661,Unpaired t-test
955,P24251,0.8445092246376297,0.43076423268817954,26.657004207160785,26.410134078478546,0.43258772673836715,0.26311107067175477,0.24687012868223945,t-Test,FDR correction BH,0.8836416118811484,False,control,10 µm sulforaphane,1.1866299724921612,0.36576036431331027,Unpaired t-test
540,P0AC38,0.8418939226943274,0.4321170029059788,32.629055306075195,32.477636542589494,0.2928619234750449,0.10618507294768643,0.15141876348570094,t-Test,FDR correction BH,0.8836416118811484,False,control,10 µm sulforaphane,1.1106611726093187,0.3643986447673091,Unpaired t-test
389,P0A9C9,-0.8407647734678051,0.4327020193150104,27.70618073109447,27.868521979770577,0.2867236384894356,0.1721569458248431,-0.1623412486761069,t-Test,FDR correction BH,0.8836416118811484,False,control,10 µm sulforaphane,0.8935737753861861,0.3638110780499008,Unpaired t-test
28,P02358,0.8404456355566584,0.43286747097439765,33.16516724262094,32.33428560951161,0.23451818656146614,1.696205067531112,0.8308816331093283,t-Test,FDR correction BH,0.8836416118811484,False,control,10 µm sulforaphane,1.7787720405332583,0.3636450492229265,Unpaired t-test
67,P06610,-0.8397305036034004,0.43323838726983566,27.329170730645174,27.517477612902784,0.34407075869467735,0.1802087714026844,-0.18830688225760994,t-Test,FDR correction BH,0.8836416118811484,False,control,10 µm sulforaphane,0.8776350919800846,0.36327306949626514,Unpaired t-test
481,P0AB28,-0.839017558834871,0.43360840068550865,26.8467191192783,27.099549473197172,0.47223401779607505,0.22229293533918243,-0.25283035391887054,t-Test,FDR correction BH,0.8836416118811484,False,control,10 µm sulforaphane,0.8392483182648274,0.36290231241058557,Unpaired t-test
443,P0AA47,0.8375793597679692,0.4343555196149542,25.747902324895634,25.48647684674684,0.5221830152380295,0.139935869967701,0.26142547814879435,t-Test,FDR correction BH,0.8836416118811484,False,control,10 µm sulforaphane,1.198662477530698,0.36215465527661705,Unpaired t-test
195,P0A6X3,-0.83731323264822,0.43449387107529647,31.636424036404552,31.758457216601325,0.19642241067272,0.15856219207650765,-0.12203318019677312,t-Test,FDR correction BH,0.8836416118811484,False,control,10 µm sulforaphane,0.9188917498653498,0.3620163452842489,Unpaired t-test
362,P0A912,-0.8371196399424348,0.4345945343188676,29.914998628382474,30.20566667805255,0.4896213192730396,0.34923420729408533,-0.2906680496700744,t-Test,FDR correction BH,0.8836416118811484,False,control,10 µm sulforaphane,0.8175234111669626,0.3619157398886699,Unpaired t-test
223,P0A796,0.8369889072502804,0.43466252160784197,31.99597529053048,31.870430977475706,0.12191511259530992,0.22941747860868256,0.12554431305477465,t-Test,FDR correction BH,0.8836416118811484,False,control,10 µm sulforaphane,1.0909192469268625,0.3618478048531127,Unpaired t-test
238,P0A7E5,-0.8348692947065804,0.43576590659957287,29.993536162468196,30.11718674946686,0.11589668366526532,0.22885726577999305,-0.12365058699866438,t-Test,FDR correction BH,0.8836416118811484,False,control,10 µm sulforaphane,0.9178621566850516,0.3607467510399175,Unpaired t-test
918,P22939,-0.834196634268625,0.4361164935733949,25.670238888229214,26.498443284818737,1.3924419449881598,1.0090395259270932,-0.8282043965895234,t-Test,FDR correction BH,0.8836416118811484,False,control,10 µm sulforaphane,0.5632298119308374,0.3603974883495962,Unpaired t-test
929,P23837,0.8331394092746922,0.43666792926288894,25.285249127079986,25.027920255428015,0.131942085245685,0.5184465944601546,0.25732887165197127,t-Test,FDR correction BH,0.8836416118811484,False,control,10 µm sulforaphane,1.1952636418702856,0.35984870332852537,Unpaired t-test
1140,P37903,-0.8326851313759545,0.4369050311694769,27.850238230123377,28.540090749183747,1.1911153486862007,0.8001994271467275,-0.6898525190603699,t-Test,FDR correction BH,0.8836416118811484,False,control,10 µm sulforaphane,0.6199172183864996,0.35961295415387723,Unpaired t-test
283,P0A809,0.8321717082461915,0.43717311576287904,27.512381944688478,27.234041231853766,0.5776154812936733,0.044509856273929053,0.2783407128347122,t-Test,FDR correction BH,0.8836416118811484,False,control,10 µm sulforaphane,1.2127992049255176,0.35934655311489194,Unpaired t-test
131,P09169,0.8317809460163196,0.4373772331063438,26.92887410832486,26.368539589748305,0.7884252196730117,0.8601304079838924,0.5603345185765534,t-Test,FDR correction BH,0.8836416118811484,False,control,10 µm sulforaphane,1.4746110966254926,0.3591438271365609,Unpaired t-test
975,P25888,-0.8312127218508869,0.4376741727662339,26.03779951810942,26.161898655454785,0.22878287406408832,0.12053577422460375,-0.1240991373453646,t-Test,FDR correction BH,0.8836416118811484,False,control,10 µm sulforaphane,0.9175768272278151,0.3588490804283493,Unpaired t-test
1146,P38521,0.8307569260234106,0.43791246628322433,30.266697519891572,29.990196592369443,0.17287796505294792,0.54994624817373,0.27650092752212885,t-Test,FDR correction BH,0.8836416118811484,False,control,10 µm sulforaphane,1.211253578172639,0.3586126913437244,Unpaired t-test
499,P0ABC7,0.8296796781646554,0.43847603495251936,29.27391719466784,29.090071143441577,0.23818275821251797,0.3009502975014728,0.1838460512262614,t-Test,FDR correction BH,0.8836416118811484,False,control,10 µm sulforaphane,1.1359080465275107,0.35805413815266685,Unpaired t-test
1300,P69222,0.829263140577547,0.43869409048407954,28.224970394960327,27.268448487547296,1.645998618111318,1.1322980358051682,0.9565219074130304,t-Test,FDR correction BH,0.8836416118811484,False,control,10 µm sulforaphane,1.9406257318631084,0.3578382158057706,Unpaired t-test
45,P04805,0.829192855526715,0.4387308921636423,29.006688641441183,28.874450217572047,0.1656337220393169,0.22105572983401717,0.1322384238691363,t-Test,FDR correction BH,0.8836416118811484,False,control,10 µm sulforaphane,1.0959928783694095,0.3578017847337488,Unpaired t-test
1422,P77756,0.8280268665136966,0.4393417386368694,26.38541105529431,25.996589041431076,0.5834124511698191,0.5666889537961135,0.38882201386323345,t-Test,FDR correction BH,0.8836416118811484,False,control,10 µm sulforaphane,1.3093238810607635,0.3571975356406726,Unpaired t-test
1004,P27836,0.8250126707613147,0.4409236992275892,26.285535011584784,25.96240035050426,0.6536493939642528,0.18156042029773123,0.32313466108052324,t-Test,FDR correction BH,0.8836416118811484,False,control,10 µm sulforaphane,1.2510458472183588,0.3556365576328339,Unpaired t-test
1276,P64585,-0.8224108647421791,0.4422925415525358,27.06788108193832,27.233444660353094,0.14761395251534898,0.3159006386418238,-0.16556357841477265,t-Test,FDR correction BH,0.8836416118811484,False,control,10 µm sulforaphane,0.8915801620215608,0.35429038414359626,Unpaired t-test
219,P0A784,-0.8215415996500156,0.44275055788089435,27.923923888688712,28.116468685112682,0.2969227806264773,0.2768120482032911,-0.19254479642397015,t-Test,FDR correction BH,0.8836416118811484,False,control,10 µm sulforaphane,0.8750608232341717,0.3538408829115944,Unpaired t-test
606,P0ADA3,-0.8207919744024594,0.44314581145260745,28.726973411416594,28.943225902544192,0.35451063432844476,0.28734736535824346,-0.21625249112759803,t-Test,FDR correction BH,0.8836416118811484,False,control,10 µm sulforaphane,0.860798523781308,0.3534533512262197,Unpaired t-test
1191,P45527,-0.8200954593073729,0.443513290419098,27.313858274232242,27.572123152470557,0.23640574651768306,0.49156596824189136,-0.25826487823831457,t-Test,FDR correction BH,0.8836416118811484,False,control,10 µm sulforaphane,0.8360928794997007,0.3530933614710514,Unpaired t-test
897,P21179,0.8196553150815443,0.44374562257747574,25.41010038431016,25.13945372908058,0.22042968106930177,0.527729422911752,0.2706466552295801,t-Test,FDR correction BH,0.8836416118811484,False,control,10 µm sulforaphane,1.2063484247625216,0.35286591810546714,Unpaired t-test
1063,P33030,0.8187167756699272,0.44424132866942223,26.396131645448598,26.07373188238189,0.613461569776728,0.2981086321258961,0.32239976306670926,t-Test,FDR correction BH,0.8836416118811484,False,control,10 µm sulforaphane,1.250408736147374,0.3523810406138812,Unpaired t-test
1087,P35340,0.8183845570227157,0.444416891618904,29.548267707629407,29.431544173548318,0.18149383555185672,0.16759224853771768,0.11672353408108904,t-Test,FDR correction BH,0.8836416118811484,False,control,10 µm sulforaphane,1.0842696086433516,0.35220944253615494,Unpaired t-test
491,P0AB89,0.8181237806551707,0.44455473556444214,26.454275481327763,26.270800250837674,0.19670829799332107,0.3349448900782628,0.18347523049008885,t-Test,FDR correction BH,0.8836416118811484,False,control,10 µm sulforaphane,1.1356161177988677,0.3520747591254359,Unpaired t-test
631,P0ADS6,0.8179360253717213,0.44465400036317543,29.132538737499637,29.03241258509755,0.15185178779558844,0.14797295935789662,0.10012615240208689,t-Test,FDR correction BH,0.8836416118811484,False,control,10 µm sulforaphane,1.071867184843864,0.3519777961677537,Unpaired t-test
133,P09372,-0.8177925525148435,0.4447298641638222,30.302232519911648,30.593210061773945,0.5469097211844053,0.2840577829271834,-0.2909775418622971,t-Test,FDR correction BH,0.8836416118811484,False,control,10 µm sulforaphane,0.8173480518786794,0.3519037061569246,Unpaired t-test
1077,P33594,0.8173146927636095,0.44498260831259245,28.317081043400666,28.22262618246667,0.18748774380943053,0.07011245067790181,0.0944548609339968,t-Test,FDR correction BH,0.8836416118811484,False,control,10 µm sulforaphane,1.0676619033760615,0.35165696264035606,Unpaired t-test
556,P0ACB2,-0.815223151575994,0.44609006206144153,28.85615506531715,28.972976054352863,0.23860585577394705,0.06834764290178734,-0.11682098903571259,t-Test,FDR correction BH,0.8836416118811484,False,control,10 µm sulforaphane,0.9222175404377406,0.3505774518087143,Unpaired t-test
182,P0A6R3,0.8151466737510759,0.44613059405987265,30.331399446970615,29.9631831768439,0.751089561697275,0.219115059640792,0.368216270126716,t-Test,FDR correction BH,0.8836416118811484,False,control,10 µm sulforaphane,1.29075596934147,0.35053799335603114,Unpaired t-test
685,P0AEK2,0.8126249584722548,0.44746854838805683,29.895077615800492,29.672065667475774,0.3822787702528457,0.2824979019840426,0.22301194832471793,t-Test,FDR correction BH,0.8836416118811484,False,control,10 µm sulforaphane,1.1671677682007249,0.34923748491017614,Unpaired t-test
462,P0AAJ8,0.8101342372936687,0.44879288978332876,27.170253832059373,26.86010253130486,0.28908255078590644,0.5967656863872393,0.31015130075451225,t-Test,FDR correction BH,0.8836416118811484,False,control,10 µm sulforaphane,1.2398377194794399,0.3479540322160802,Unpaired t-test
273,P0A7W7,0.8071236867710511,0.450397384775007,32.15181473962183,31.74086646921267,0.7750686216534655,0.42068338754855367,0.4109482704091576,t-Test,FDR correction BH,0.8836416118811484,False,control,10 µm sulforaphane,1.3295594343513788,0.34640413987314184,Unpaired t-test
1236,P60752,-0.8058010133466095,0.4511036123715001,26.836090585501136,27.051871345201185,0.4009390362277382,0.23318015057680225,-0.21578075970004917,t-Test,FDR correction BH,0.8836416118811484,False,control,10 µm sulforaphane,0.8610800331091456,0.3457236951219136,Unpaired t-test
871,P16432,0.8047629424017737,0.4516584347718997,26.59547061910507,26.318086207782898,0.30287986676469086,0.5144641921777409,0.2773844113221706,t-Test,FDR correction BH,0.8836416118811484,False,control,10 µm sulforaphane,1.2119955580185895,0.34518987485769287,Unpaired t-test
1074,P33590,0.8033224261398272,0.4524291628219278,29.15255987512948,28.975399783822397,0.31014781921638584,0.2229671898771592,0.17716009130708343,t-Test,FDR correction BH,0.8836416118811484,False,control,10 µm sulforaphane,1.130656025487773,0.34444940895338877,Unpaired t-test
337,P0A8P6,-0.8030456345903634,0.4525773639391443,24.759828283918367,25.300837445786446,0.7107695903636099,0.9254232321404272,-0.5410091618680788,t-Test,FDR correction BH,0.8836416118811484,False,control,10 µm sulforaphane,0.6872899831212912,0.34430717146428536,Unpaired t-test
926,P23827,0.8007394008276497,0.4538135283028597,28.805330024793072,28.596805973102008,0.37405842056464117,0.25204610737920063,0.20852405169106447,t-Test,FDR correction BH,0.8836416118811484,False,control,10 µm sulforaphane,1.1555054398483187,0.34312256182325346,Unpaired t-test
278,P0A7Y8,0.7995317769818998,0.45446178760280587,26.144440737371912,25.63861926649377,1.080006327563978,0.18523888137134153,0.5058214708781428,t-Test,FDR correction BH,0.8836416118811484,False,control,10 µm sulforaphane,1.4199316354513596,0.3425026275815451,Unpaired t-test
1072,P33363,0.7991308136608952,0.4546771729907888,26.884636072169805,26.798622049546704,0.10726937621139844,0.15247563464175704,0.08601402262310032,t-Test,FDR correction BH,0.8836416118811484,False,control,10 µm sulforaphane,1.0614335257593221,0.342296848946401,Unpaired t-test
1017,P29680,0.7985287336845223,0.4550007288709913,26.56616852288559,25.907335976749238,0.9922531096693973,1.0283948846345234,0.6588325461363524,t-Test,FDR correction BH,0.8836416118811484,False,control,10 µm sulforaphane,1.5788045106522335,0.34198790764091835,Unpaired t-test
13,P00803,0.7974986018366133,0.45555469902381895,27.221432841073415,26.925797144723926,0.33269690929700807,0.5491598172691133,0.29563569634948905,t-Test,FDR correction BH,0.8836416118811484,False,control,10 µm sulforaphane,1.2274257000914925,0.34145946927720117,Unpaired t-test
630,P0ADS2,0.7964355180835204,0.4561268931623028,28.096285503055892,27.964146970316392,0.198076427675639,0.20819824166264592,0.13213853273949994,t-Test,FDR correction BH,0.8836416118811484,False,control,10 µm sulforaphane,1.095916995266243,0.34091432107704,Unpaired t-test
776,P0AG30,0.7961017839913094,0.4563066276565295,29.656532217576935,29.475888352549017,0.19548617485875477,0.3409549817424816,0.18064386502791763,t-Test,FDR correction BH,0.8836416118811484,False,control,10 µm sulforaphane,1.1333895965421386,0.34074322324190154,Unpaired t-test
1081,P33643,0.7957631262268525,0.4564890653409611,27.07041257177909,26.804471035676183,0.3522784433233398,0.45930656109745943,0.2659415361029076,t-Test,FDR correction BH,0.8836416118811484,False,control,10 µm sulforaphane,1.2024205209189385,0.34056962101896665,Unpaired t-test
1275,P64581,0.7949045091999453,0.4569518418499916,31.445961540178978,31.10718033207351,0.2635522232434647,0.6895337014599613,0.3387812081054662,t-Test,FDR correction BH,0.8836416118811484,False,control,10 µm sulforaphane,1.2646877316110305,0.34012956780952586,Unpaired t-test
1289,P67553,0.7945297740252273,0.4571539207673615,25.647097469346917,25.0681767370109,1.251894129845706,0.15962421887399275,0.5789207323360159,t-Test,FDR correction BH,0.8836416118811484,False,control,10 µm sulforaphane,1.493731383044797,0.33993755116606633,Unpaired t-test
1383,P76576,-0.794249593373693,0.45730505190986714,28.28462061685324,28.483675377938038,0.10546779377775102,0.4210790440626456,-0.19905476108479903,t-Test,FDR correction BH,0.8836416118811484,False,control,10 µm sulforaphane,0.8711211259419431,0.3397940008837845,Unpaired t-test
1412,P77611,-0.7923320933727264,0.45834031601142144,24.815784162450434,25.1229247620093,0.5021758753106559,0.44566421888554514,-0.30714059955886697,t-Test,FDR correction BH,0.8836416118811484,False,control,10 µm sulforaphane,0.8082420967736339,0.33881194015600813,Unpaired t-test
749,P0AFJ1,0.7908863458960946,0.4591219788321911,28.734986461592637,28.25118910655316,0.4817066796262911,0.9436873716866454,0.48379735503947785,t-Test,FDR correction BH,0.8836416118811484,False,control,10 µm sulforaphane,1.3984196430276319,0.3380719164322752,Unpaired t-test
1343,P75915,0.7908782300706525,0.459126369429543,28.382206218272685,28.019203330752628,0.11807050496051255,0.7861722253673457,0.36300288752005727,t-Test,FDR correction BH,0.8836416118811484,False,control,10 µm sulforaphane,1.2861000575269232,0.33806776328088467,Unpaired t-test
1369,P76291,0.7901092332653555,0.45954252568092924,26.41575398071767,26.173641914861975,0.4119891473690757,0.33460484507962557,0.24211206585569656,t-Test,FDR correction BH,0.8836416118811484,False,control,10 µm sulforaphane,1.1827228683790105,0.33767429317013803,Unpaired t-test
1399,P77348,0.788547651278256,0.4603884258736616,25.90551239825909,25.794332220599713,0.14438779905712723,0.19695114912934136,0.11118017765937793,t-Test,FDR correction BH,0.8840925150243222,False,control,10 µm sulforaphane,1.0801114461357493,0.3368756030317875,Unpaired t-test
529,P0ABU9,0.7853090843406655,0.46214625108252194,27.49472075376941,27.395081517649537,0.19116083071841414,0.10840841011062231,0.09963923611987369,t-Test,FDR correction BH,0.8862389235093016,False,control,10 µm sulforaphane,1.0715054857277422,0.33522056559779356,Unpaired t-test
1135,P37690,-0.7833915807666596,0.46318926359065826,25.697128413232605,25.839179265191444,0.13680303822459514,0.28270920038876285,-0.14205085195883882,t-Test,FDR correction BH,0.8862389235093016,False,control,10 µm sulforaphane,0.9062299950074754,0.3342415158120796,Unpaired t-test
37,P03018,-0.7831058417974115,0.46334483137830706,26.029949427793188,26.276941854798665,0.510463334301349,0.19457827500668928,-0.24699242700547686,t-Test,FDR correction BH,0.8862389235093016,False,control,10 µm sulforaphane,0.8426512527363316,0.33409567718025907,Unpaired t-test
74,P06846,0.780703973251956,0.46465396176855067,25.614930579157246,25.414102454091626,0.22097991982367732,0.38689120125072407,0.20082812506561964,t-Test,FDR correction BH,0.8864053208475418,False,control,10 µm sulforaphane,1.1493579115527668,0.3328703555830195,Unpaired t-test
956,P24255,-0.7806968692846827,0.4646578376227086,26.57122954427382,26.6561210813531,0.06593555907553765,0.17642126012301268,-0.08489153707927954,t-Test,FDR correction BH,0.8864053208475418,False,control,10 µm sulforaphane,0.9428554178478642,0.33286673298385616,Unpaired t-test
505,P0ABF6,-0.7791373007968501,0.46550927377841034,29.144893780558004,29.279677054334133,0.23447898318921098,0.18653858187245054,-0.13478327377612942,t-Test,FDR correction BH,0.886859565064007,False,control,10 µm sulforaphane,0.9108066475781995,0.33207166267260263,Unpaired t-test
375,P0A962,0.7778899850740566,0.4661910270186679,26.67119893458037,26.364263835407105,0.5098808915067268,0.45506835392319933,0.3069350991732662,t-Test,FDR correction BH,0.8869897698276233,False,control,10 µm sulforaphane,1.237076826513691,0.33143608978966205,Unpaired t-test
1286,P67080,-0.7755112748330406,0.46749311779853386,27.45229455812937,27.56815188670224,0.19727282423801606,0.1674509622836699,-0.11585732857286857,t-Test,FDR correction BH,0.8882983552387385,False,control,10 µm sulforaphane,0.9228337492910781,0.33022477821204216,Unpaired t-test
288,P0A825,0.7727017893413519,0.469034295959079,30.04756948310787,29.766050174542297,0.26809390430953817,0.5712592704900384,0.2815193085655743,t-Test,FDR correction BH,0.8892473633681346,False,control,10 µm sulforaphane,1.215474231954372,0.32879540035268007,Unpaired t-test
728,P0AFA7,-0.7723591426964699,0.46922250224750117,26.910756111449853,26.97809170815958,0.05830902782546071,0.13929110867477143,-0.06733559670972866,t-Test,FDR correction BH,0.8892473633681346,False,control,10 µm sulforaphane,0.9543989780173461,0.3286211688336039,Unpaired t-test
838,P11557,-0.7701699667069719,0.4704262034175527,27.684631112471425,28.16753871104374,0.7531659175951528,0.7824205876785029,-0.48290759857231436,t-Test,FDR correction BH,0.8901967846844763,False,control,10 µm sulforaphane,0.7155340869201631,0.32750849542957294,Unpaired t-test
160,P0A6H5,0.7681169378284965,0.47155700482333096,30.315759844798613,30.274164885298106,0.06514144214800818,0.06748232179872891,0.0415949595005074,t-Test,FDR correction BH,0.8901967846844763,False,control,10 µm sulforaphane,1.0292510778676047,0.32646579946160664,Unpaired t-test
948,P24186,-0.7675883021685758,0.4718484825244037,27.041045483544007,27.34220927501225,0.4436104883580282,0.5148076342756785,-0.30116379146824457,t-Test,FDR correction BH,0.8901967846844763,False,control,10 µm sulforaphane,0.8115974337958886,0.3261974373142599,Unpaired t-test
703,P0AEW9,-0.7669764792540693,0.4721859846839511,28.63291614252848,28.885004388428772,0.568118319845674,0.03645724650959084,-0.25208824590029266,t-Test,FDR correction BH,0.8901967846844763,False,control,10 µm sulforaphane,0.8396801303254264,0.3258869076951452,Unpaired t-test
723,P0AF70,-0.7645635794241065,0.47351866220630756,26.85041534941309,27.264069635130745,0.32913292303791253,0.8773951868134182,-0.41365428571765506,t-Test,FDR correction BH,0.8913221029878379,False,control,10 µm sulforaphane,0.7507194227606162,0.3246629000112815,Unpaired t-test
904,P21645,0.7636648771047515,0.4740156965405583,28.1010075007182,27.82291948388724,0.1205404609940706,0.6190994236958447,0.27808801683096007,t-Test,FDR correction BH,0.8913221029878379,False,control,10 µm sulforaphane,1.2125867950499678,0.3242072768742682,Unpaired t-test
1119,P37631,-0.7602548848291837,0.4759049190240786,25.78058646716197,25.954978603238608,0.26370576497808235,0.2971761094323975,-0.17439213607663717,t-Test,FDR correction BH,0.8917987515137799,False,control,10 µm sulforaphane,0.8861408062836593,0.32247980624563616,Unpaired t-test
1268,P64423,0.7589803784837343,0.4766123681159654,25.585922851454356,25.4059097655256,0.24174331364431825,0.3321440983925268,0.1800130859287563,t-Test,FDR correction BH,0.8917987515137799,False,control,10 µm sulforaphane,1.1328941611369336,0.32183469187873476,Unpaired t-test
48,P04951,0.7585367066268023,0.47685881116661244,28.012937879010522,27.679309170195328,0.30566204934285546,0.6978017258943191,0.33362870881519413,t-Test,FDR correction BH,0.8917987515137799,False,control,10 µm sulforaphane,1.2601790308790723,0.32161018827189614,Unpaired t-test
416,P0A9P4,0.7585084948678896,0.4768744847252889,29.1497210945368,28.974812060880783,0.07265765650614232,0.3927396422599638,0.17490903365601795,t-Test,FDR correction BH,0.8917987515137799,False,control,10 µm sulforaphane,1.1288932223844523,0.32159591396675247,Unpaired t-test
992,P27250,0.7573256218076679,0.4775319727953793,27.650054907575523,27.49537971530677,0.22501832399484875,0.2729598511165281,0.1546751922687548,t-Test,FDR correction BH,0.8917987515137799,False,control,10 µm sulforaphane,1.1131709711883127,0.3209975452451697,Unpaired t-test
1392,P77213,-0.7562268903968151,0.47814325371622446,25.156885824527826,25.293939061617124,0.12300605132952366,0.28880039424626486,-0.1370532370892974,t-Test,FDR correction BH,0.8917987515137799,False,control,10 µm sulforaphane,0.9093746942201791,0.3204419674512584,Unpaired t-test
1204,P46852,0.7546776833324546,0.47900607700401776,26.81725060092694,26.309011174942412,0.7681978796548967,0.8777733433530285,0.5082394259845273,t-Test,FDR correction BH,0.8917987515137799,False,control,10 µm sulforaphane,1.4223134345069537,0.31965897678883987,Unpaired t-test
1243,P61320,0.7543242627143645,0.4792030635727572,27.45821328495122,27.126972550798143,0.14709749269070524,0.7462224609103841,0.3312407341530772,t-Test,FDR correction BH,0.8917987515137799,False,control,10 µm sulforaphane,1.2580948853179041,0.31948041414025924,Unpaired t-test
591,P0ACZ2,-0.7512107281700926,0.48094087667483987,27.461019694906504,27.61415532873921,0.31012386801261094,0.1687892603557321,-0.15313563383270434,t-Test,FDR correction BH,0.8934895042546739,False,control,10 µm sulforaphane,0.8992937617819188,0.3179083093061487,Unpaired t-test
122,P08839,0.7504835258399201,0.4813473885300076,30.371713643517495,29.918499101196367,0.7638402311502843,0.7145780988543758,0.45321454232112757,t-Test,FDR correction BH,0.8934895042546739,False,control,10 µm sulforaphane,1.36908739412603,0.31754138003471666,Unpaired t-test
966,P25535,0.7481020273784281,0.4826803215126121,26.729849150415863,26.6017977063107,0.19453086583592666,0.22372668394379197,0.12805144410516434,t-Test,FDR correction BH,0.8948150575733809,False,control,10 µm sulforaphane,1.0928167064319907,0.31634040665612556,Unpaired t-test
1248,P61949,0.7464018144725209,0.4836334886076441,29.041497900738214,28.56472522504553,0.8917997169171922,0.6547836917062296,0.47677267569268267,t-Test,FDR correction BH,0.8954340903030134,False,control,10 µm sulforaphane,1.3916270969823847,0.3154836345814126,Unpaired t-test
1251,P62617,-0.7448515128039486,0.4845037393398799,28.98272554078015,29.307652846081687,0.7470183826799754,0.11338403494479964,-0.3249273053015358,t-Test,FDR correction BH,0.8957499677904053,False,control,10 µm sulforaphane,0.7983386121291963,0.31470286676923453,Unpaired t-test
215,P0A752,0.7438917520795139,0.485043032351236,26.286794131739583,26.17595662660572,0.14282381965346705,0.21494537266258415,0.11083750513386192,t-Test,FDR correction BH,0.8957499677904053,False,control,10 µm sulforaphane,1.0798549258361518,0.3142197296788865,Unpaired t-test
777,P0AG40,-0.7398534530742149,0.4873166731609512,26.890695697365526,26.98650508184187,0.07618499198841536,0.21096179058827513,-0.09580938447634324,t-Test,FDR correction BH,0.8959580519538044,False,control,10 µm sulforaphane,0.9357471248906806,0.31218872931658775,Unpaired t-test
1429,Q46798,0.7385102585760847,0.48807453039384696,26.130367771841208,26.013409569119943,0.11332626667183825,0.24980143421365078,0.11695820272126412,t-Test,FDR correction BH,0.8959580519538044,False,control,10 µm sulforaphane,1.0844459901810142,0.31151385490855626,Unpaired t-test
421,P0A9Q9,0.737853250968299,0.48844552022746357,28.658568769133957,28.414421742438602,0.3083319703517828,0.48310728411322607,0.24414702669535515,t-Test,FDR correction BH,0.8959580519538044,False,control,10 µm sulforaphane,1.18439230847296,0.3111838691694393,Unpaired t-test
452,P0AAC8,-0.7354933884957112,0.48977964070465907,28.92670079054827,29.07421145256547,0.2974913309541662,0.17936561973342205,-0.14751066201720064,t-Test,FDR correction BH,0.8959580519538044,False,control,10 µm sulforaphane,0.9028068925061783,0.30999927170904124,Unpaired t-test
137,P09424,-0.7334975152932619,0.49090992024243185,27.406677894439902,27.499681248119984,0.17446534386232715,0.13338770127708463,-0.09300335368008206,t-Test,FDR correction BH,0.8959580519538044,False,control,10 µm sulforaphane,0.9375689169875975,0.3089981916462781,Unpaired t-test
889,P19926,-0.7328006196160408,0.49130499572405495,27.636729025596672,27.828937531630363,0.39670393754669186,0.22140214677068792,-0.19220850603369044,t-Test,FDR correction BH,0.8959580519538044,False,control,10 µm sulforaphane,0.8752648225809497,0.3086488198172248,Unpaired t-test
1226,P60422,-0.7314670110454239,0.4920616310367649,31.05045655486466,31.395093562643314,0.6658880360200212,0.47176746121353097,-0.3446370077786547,t-Test,FDR correction BH,0.8959580519538044,False,control,10 µm sulforaphane,0.787506093717444,0.30798049816174455,Unpaired t-test
1327,P75821,0.7296852723581035,0.49307375148423527,25.72764319765625,25.571278735404825,0.2990977794321839,0.21977600478147566,0.15636446225142464,t-Test,FDR correction BH,0.8959580519538044,False,control,10 µm sulforaphane,1.1144751606413543,0.3070881162864952,Unpaired t-test
830,P10100,-0.7296183360532464,0.4931118023007137,28.08772065959957,28.190286346470995,0.10949367296316895,0.21747333781228154,-0.10256568687142575,t-Test,FDR correction BH,0.8959580519538044,False,control,10 µm sulforaphane,0.9313751615294258,0.3070546027969226,Unpaired t-test
578,P0ACP1,0.7286550600119723,0.4936596096589474,28.174952436581087,27.849943001028436,0.6645055724829648,0.39406582686594854,0.3250094355526514,t-Test,FDR correction BH,0.8959580519538044,False,control,10 µm sulforaphane,1.2526726313603485,0.30657240452002865,Unpaired t-test
1423,P77774,-0.7264709748334668,0.4949032082640792,29.304203342964854,29.449825006723238,0.2958882008971457,0.18163618021392788,-0.1456216637583836,t-Test,FDR correction BH,0.8959580519538044,False,control,10 µm sulforaphane,0.9039897603843519,0.30547973081832475,Unpaired t-test
737,P0AFF0,0.7259539239070675,0.49519792252528594,28.906874474713497,28.831557746411097,0.1544295164430913,0.09188504732521517,0.07531672830240055,t-Test,FDR correction BH,0.8959580519538044,False,control,10 µm sulforaphane,1.053592315517271,0.30522118595420894,Unpaired t-test
664,P0AE88,-0.7245062390921428,0.49602372069181133,27.477102944583606,27.77839634198209,0.4199739327637536,0.5851848565905656,-0.30129339739848504,t-Test,FDR correction BH,0.8959580519538044,False,control,10 µm sulforaphane,0.8115245264157966,0.304497554317801,Unpaired t-test
1023,P30744,-0.7240328975863625,0.49629392907249337,26.109503170817895,26.544273766864013,0.3907058367337636,0.9638953105110446,-0.4347705960461177,t-Test,FDR correction BH,0.8959580519538044,False,control,10 µm sulforaphane,0.7398113832008232,0.3042610372879518,Unpaired t-test
1419,P77737,-0.7238418836400212,0.49640299808530586,25.83015350379069,25.97154152828524,0.14469116722449987,0.30582000523995734,-0.14138802449454957,t-Test,FDR correction BH,0.8959580519538044,False,control,10 µm sulforaphane,0.906646446246106,0.3041656041918963,Unpaired t-test
295,P0A855,0.723078198518031,0.4968392241537405,28.87508031756154,28.82172209631312,0.09522050778892,0.08526044726440205,0.053358221248419824,t-Test,FDR correction BH,0.8959580519538044,False,control,10 µm sulforaphane,1.0376775599686572,0.30378412506762476,Unpaired t-test
1192,P45537,-0.7214839939389317,0.49775068608879347,24.36318522056414,24.643558794773135,0.6429564803323806,0.19912975888355597,-0.2803735742089941,t-Test,FDR correction BH,0.8959580519538044,False,control,10 µm sulforaphane,0.8233777826456364,0.3029881326780079,Unpaired t-test
932,P23843,0.7204559667930786,0.4983390420739602,27.69734872597247,27.4569638334019,0.4269453937357084,0.38948404681343196,0.24038489257057094,t-Test,FDR correction BH,0.8959580519538044,False,control,10 µm sulforaphane,1.1813077771875797,0.3024750869548285,Unpaired t-test
1426,P77808,0.7201563464080992,0.4985106076017607,26.521024054480367,26.35209339981252,0.2815717852340778,0.2929054147320534,0.16893065466784662,t-Test,FDR correction BH,0.8959580519538044,False,control,10 µm sulforaphane,1.1242248849003338,0.30232559608071624,Unpaired t-test
1304,P69425,0.7177685365829424,0.4998793111598071,27.601081133371938,27.41203691534652,0.07860322115030308,0.4493606057325938,0.18904421802541904,t-Test,FDR correction BH,0.8959580519538044,False,control,10 µm sulforaphane,1.1400082129533295,0.3011348373123534,Unpaired t-test
72,P06715,0.716137730463802,0.5008155466818044,27.839721588514458,27.693515144196212,0.26397200197837584,0.2352919409128469,0.1462064443182456,t-Test,FDR correction BH,0.8959580519538044,False,control,10 µm sulforaphane,1.1066557000954536,0.30032219790201825,Unpaired t-test
972,P25738,-0.7145858946805114,0.5017075377410554,25.99588066143377,26.48557882233125,1.175690211968971,0.16314820457133855,-0.4896981608974791,t-Test,FDR correction BH,0.8959580519538044,False,control,10 µm sulforaphane,0.7121740825072382,0.2995493740076189,Unpaired t-test
724,P0AF90,0.714570640464089,0.5017163111064766,28.923960400323416,28.622397832383378,0.36308517339212787,0.6344051597340441,0.30156256794003866,t-Test,FDR correction BH,0.8959580519538044,False,control,10 µm sulforaphane,1.2324785753864795,0.29954177956147404,Unpaired t-test
822,P0C0V0,-0.7122073856578202,0.5030767635521889,28.355302110808186,28.53536686990917,0.2817625646818239,0.33522123006700494,-0.18006475910098274,t-Test,FDR correction BH,0.8959580519538044,False,control,10 µm sulforaphane,0.8826633747712638,0.29836574169654445,Unpaired t-test
521,P0ABQ0,0.712174353746727,0.5030957964748349,27.34214608530113,26.981483442667336,0.524739272590489,0.7028843802447367,0.36066264263379466,t-Test,FDR correction BH,0.8959580519538044,False,control,10 µm sulforaphane,1.2840155218653921,0.29834931132742276,Unpaired t-test
330,P0A8M0,0.7117238297122366,0.5033554356248662,30.077998375274074,30.040542943160478,0.06920856873352856,0.05931925710261683,0.03745543211359603,t-Test,FDR correction BH,0.8959580519538044,False,control,10 µm sulforaphane,1.0263020787693293,0.2981252371764859,Unpaired t-test
1361,P76223,-0.7107939398677965,0.5038916188260721,24.633057799353303,24.922076597277062,0.44848596238013666,0.5430149928429492,-0.2890187979237595,t-Test,FDR correction BH,0.8959580519538044,False,control,10 µm sulforaphane,0.8184585172295877,0.2976628651565543,Unpaired t-test
1427,P78067,0.7102761955160735,0.5041903204152984,26.13648278618422,26.04974534051114,0.19402393959095854,0.08422032940006667,0.08673744567308006,t-Test,FDR correction BH,0.8959580519538044,False,control,10 µm sulforaphane,1.0619659030169433,0.29740549628467305,Unpaired t-test
545,P0AC59,0.7100233045073268,0.5043362634849857,28.251305285971654,28.037017775104417,0.5125762867300606,0.1025747968736614,0.21428751086723707,t-Test,FDR correction BH,0.8959580519538044,False,control,10 µm sulforaphane,1.1601308308648703,0.2972798034744062,Unpaired t-test
1154,P39263,0.7099091222648721,0.5044021671502404,25.556954410468215,25.32359822628846,0.3462055659741342,0.45199329000703176,0.23335618417975468,t-Test,FDR correction BH,0.8959580519538044,False,control,10 µm sulforaphane,1.1755665259340844,0.2972230561604766,Unpaired t-test
667,P0AEB2,0.709538290815681,0.504616243170035,28.267267217076224,28.056656332720287,0.45871583557591533,0.2321648097706571,0.2106108843559369,t-Test,FDR correction BH,0.8959580519538044,False,control,10 µm sulforaphane,1.157178067294849,0.2970387740214222,Unpaired t-test
1301,P69228,0.7089027511238073,0.5049832727125523,25.95808910814511,25.859192540684084,0.1751507235813017,0.1664585387793421,0.0988965674610256,t-Test,FDR correction BH,0.8959580519538044,False,control,10 µm sulforaphane,1.0709540394892803,0.29672300740401547,Unpaired t-test
210,P0A734,-0.704384711786376,0.50759760782123,27.39440969370926,27.799508432791043,0.9668195114030598,0.239822437018951,-0.40509873908178307,t-Test,FDR correction BH,0.8966684440396308,False,control,10 µm sulforaphane,0.7551846056374458,0.29448043329224144,Unpaired t-test
1337,P75874,-0.7019018556655264,0.50903812176841,27.657922369205664,27.91876955462142,0.5811792073876766,0.27668644656427094,-0.2608471854157557,t-Test,FDR correction BH,0.8966684440396308,False,control,10 µm sulforaphane,0.8345976795621387,0.2932496922139195,Unpaired t-test
218,P0A780,-0.7012999606734732,0.5093877398389739,28.735354684879688,28.970673133313745,0.2971227889204233,0.4994912926611555,-0.23531844843405736,t-Test,FDR correction BH,0.8966684440396308,False,control,10 µm sulforaphane,0.849497467478064,0.2929515120311331,Unpaired t-test
555,P0ACB0,0.7007894434193085,0.5096844047878635,26.160085503579563,25.993323150988896,0.32651599572299567,0.2515298708249697,0.1667623525906663,t-Test,FDR correction BH,0.8966684440396308,False,control,10 µm sulforaphane,1.1225364974320426,0.29269865465573386,Unpaired t-test
99,P07648,-0.7001353738928847,0.5100646561977007,24.861260392458306,25.02653255226236,0.23231346707386766,0.3364517639074394,-0.1652721598040543,t-Test,FDR correction BH,0.8966684440396308,False,control,10 µm sulforaphane,0.891760275828131,0.2923747689018747,Unpaired t-test
384,P0A9B2,0.6998666298046743,0.510220948351102,33.328371535529186,32.845367402621264,1.1095544398054489,0.44469969420813305,0.4830041329079222,t-Test,FDR correction BH,0.8966684440396308,False,control,10 µm sulforaphane,1.397650975714913,0.2922417143531968,Unpaired t-test
946,P24182,0.6997438791129424,0.5102923464061214,29.694518174858214,29.544047387226012,0.29330001309595394,0.22955994508139857,0.15047078763220156,t-Test,FDR correction BH,0.8966684440396308,False,control,10 µm sulforaphane,1.1099316115432485,0.292180945362683,Unpaired t-test
1352,P76034,-0.6994965630757521,0.5104362181018094,25.912939664093443,26.046248549852344,0.251994214557116,0.21321166401670413,-0.13330888575890043,t-Test,FDR correction BH,0.8966684440396308,False,control,10 µm sulforaphane,0.9117379385262461,0.29205851774357694,Unpaired t-test
1138,P37767,0.6967849499283592,0.512015411134028,27.017493679899687,26.886717933088445,0.19507470065722352,0.26004287142368704,0.13077574681124204,t-Test,FDR correction BH,0.8966684440396308,False,control,10 µm sulforaphane,1.094882268556247,0.2907169670129554,Unpaired t-test
1005,P27838,0.6960078573508824,0.5124685698741298,27.030433898402705,26.45470208309448,1.3517183571779334,0.47496846470489484,0.5757318153082238,t-Test,FDR correction BH,0.8966684440396308,False,control,10 µm sulforaphane,1.4904333022188747,0.2903327650991412,Unpaired t-test
358,P0A903,-0.694854788623724,0.5131414654364312,28.55876879733236,28.770945074578293,0.4819811716152589,0.21775275005060576,-0.21217627724593413,t-Test,FDR correction BH,0.8966684440396308,False,control,10 µm sulforaphane,0.8632340769458045,0.28976288988053955,Unpaired t-test
1054,P32131,-0.6940391403212964,0.5136178044947063,26.974602433480875,27.249571277169565,0.4748669526146499,0.495370854104436,-0.2749688436886899,t-Test,FDR correction BH,0.8966684440396308,False,control,10 µm sulforaphane,0.8264681662930803,0.2893599299162646,Unpaired t-test
423,P0A9R7,-0.6924399019163975,0.5145526060109735,26.28566672017969,26.640004807289003,0.5895713276448046,0.661808035921427,-0.354338087109312,t-Test,FDR correction BH,0.8966684440396308,False,control,10 µm sulforaphane,0.7822284496131183,0.28857021792318316,Unpaired t-test
899,P21499,-0.6920579893899907,0.5147760105827317,27.78728684457345,27.87497542122601,0.20120507632309012,0.08763841806534456,-0.08768857665256036,t-Test,FDR correction BH,0.8966684440396308,False,control,10 µm sulforaphane,0.9410292182426868,0.28838170014041503,Unpaired t-test
284,P0A812,-0.691978985353243,0.514822232960197,25.632598600546117,25.89015281221654,0.39160626671631116,0.5120955657900937,-0.25755421167042414,t-Test,FDR correction BH,0.8966684440396308,False,control,10 µm sulforaphane,0.8365048374052904,0.2883427060500249,Unpaired t-test
786,P0AG82,0.6911535827719943,0.5153053091265097,26.209217097539472,26.057578442293813,0.2492007204401589,0.28689238633950176,0.15163865524565878,t-Test,FDR correction BH,0.8966684440396308,False,control,10 µm sulforaphane,1.1108304695473878,0.28793538303384264,Unpaired t-test
427,P0A9U3,-0.6894534412830658,0.5163012747080273,27.837695706179233,27.89310002293786,0.1065448857066144,0.08956150394698288,-0.05540431675862578,t-Test,FDR correction BH,0.896689629566376,False,control,10 µm sulforaphane,0.9623247128238379,0.28709680271187293,Unpaired t-test
424,P0A9S1,0.6879135404856096,0.5172044590845608,26.441696543599207,26.20948924046542,0.49002238697616457,0.31891098094371595,0.23220730313378724,t-Test,FDR correction BH,0.896689629566376,False,control,10 µm sulforaphane,1.1746307436384231,0.2863377395003229,Unpaired t-test
87,P07001,-0.6856975722236566,0.5185059878369471,28.54811808117538,28.628843597928373,0.09751434161206418,0.17908183450644347,-0.08072551675299167,t-Test,FDR correction BH,0.896689629566376,False,control,10 µm sulforaphane,0.9455820035061192,0.2852462239045852,Unpaired t-test
1418,P77735,-0.6856625345182588,0.5185265841166642,26.283066092115607,26.51480062255628,0.31177052795462273,0.49545306745978435,-0.23173453044067216,t-Test,FDR correction BH,0.896689629566376,False,control,10 µm sulforaphane,0.8516103977158109,0.2852289730469517,Unpaired t-test
1245,P61714,0.6849978869809187,0.5189173865028756,27.53266775026723,27.36099679877288,0.33444270313128827,0.27671676008191054,0.17167095149434886,t-Test,FDR correction BH,0.896689629566376,False,control,10 µm sulforaphane,1.126362299561904,0.2849017778775146,Unpaired t-test
199,P0A6Y8,-0.6847925029363016,0.519038188068504,29.537649212407885,29.87083380293977,0.7589124249167393,0.3663871116883002,-0.33318459053188576,t-Test,FDR correction BH,0.896689629566376,False,control,10 µm sulforaphane,0.7937823612455358,0.28480068789856006,Unpaired t-test
345,P0A8T7,0.6811385543014661,0.5211904173553283,30.03530864574328,29.878396936179776,0.20620724973432605,0.3415920940271617,0.15691170956350575,t-Test,FDR correction BH,0.8993333454603875,False,control,10 µm sulforaphane,1.1148979868150655,0.28300357785577157,Unpaired t-test
248,P0A7J3,0.6794409063434013,0.5221923338236987,31.535217685592915,30.79925537402295,1.586209155204276,1.0019131521407538,0.7359623115699634,t-Test,FDR correction BH,0.8995084513503893,False,control,10 µm sulforaphane,1.6655080320788258,0.28216950823598463,Unpaired t-test
96,P07395,0.677910571481288,0.523096579236817,29.50628714898009,29.353318402329272,0.31623806983830155,0.2296599837246987,0.15296874665081717,t-Test,FDR correction BH,0.8995084513503893,False,control,10 µm sulforaphane,1.1118550709498285,0.28141812000971145,Unpaired t-test
900,P21507,0.6778065228104592,0.5231580965322804,27.49722850025796,27.354857797849576,0.29132327578106615,0.21791971177360203,0.14237070240838534,t-Test,FDR correction BH,0.8995084513503893,False,control,10 µm sulforaphane,1.103717305237813,0.2813670490370106,Unpaired t-test
557,P0ACB4,0.6757982792171362,0.5243463628022084,26.51394836604866,26.395966034824767,0.2238309765398769,0.20331379190449592,0.11798233122389234,t-Test,FDR correction BH,0.900480808327783,False,control,10 µm sulforaphane,1.08521608109142,0.28038174019021833,Unpaired t-test
458,P0AAI9,0.672983135962401,0.5260150119628514,28.307016882811457,27.91673505700451,0.7758865758892914,0.6379261682176894,0.39028182580694804,t-Test,FDR correction BH,0.90227486037756,False,control,10 µm sulforaphane,1.3106494099728812,0.27900186132231364,Unpaired t-test
1202,P46474,-0.6713863804456397,0.5269629995963211,25.052037363952003,25.145104622944086,0.13265219275175688,0.2001237397712219,-0.09306725899208246,t-Test,FDR correction BH,0.9028299732420382,False,control,10 µm sulforaphane,0.9375273875545029,0.2782198774540056,Unpaired t-test
1407,P77499,0.6703310066042582,0.5275901767494318,27.266036128212093,26.965659411757585,0.35016115425754624,0.6926568997389697,0.30037671645450814,t-Test,FDR correction BH,0.9028347876682583,False,control,10 µm sulforaphane,1.231465931686094,0.2777032992197438,Unpaired t-test
549,P0AC78,-0.6677865452963729,0.5291042544983283,26.735560713424203,27.07148845068079,0.7550855071611471,0.43475678195103146,-0.3359277372565863,t-Test,FDR correction BH,0.9043280374322756,False,control,10 µm sulforaphane,0.792274493943925,0.2764587463157629,Unpaired t-test
479,P0AB14,-0.6667638637442727,0.5297135876245764,28.074690130967603,28.624010094789803,1.4235944257404227,0.09805086607448732,-0.5493199638221995,t-Test,FDR correction BH,0.9043280374322756,False,control,10 µm sulforaphane,0.6833421561592058,0.27595888688186176,Unpaired t-test
573,P0ACK5,0.6657135444018933,0.530339857809061,26.21503704324479,26.009208404922393,0.45867359750506037,0.27641384326599405,0.20582863832239795,t-Test,FDR correction BH,0.904329521688564,False,control,10 µm sulforaphane,1.153348603487182,0.2754457321572242,Unpaired t-test
742,P0AFG6,0.6646039111761989,0.5310020118590375,28.109116838538085,28.012517382272428,0.022070077562496914,0.25078243852096405,0.09659945626565758,t-Test,FDR correction BH,0.9043921191380073,False,control,10 µm sulforaphane,1.069250184583877,0.2749038334616135,Unpaired t-test
298,P0A867,-0.6629126447509084,0.532012266304394,28.055189998802156,28.215826566881518,0.3630777584586987,0.21054823340872442,-0.16063656807936155,t-Test,FDR correction BH,0.9050467495013573,False,control,10 µm sulforaphane,0.894630241322939,0.2740783543085266,Unpaired t-test
374,P0A959,0.661278420170148,0.5329896179891955,27.488142048751172,27.157914882368793,0.23042315121625206,0.8336888094929686,0.3302271663823788,t-Test,FDR correction BH,0.9056439337395731,False,control,10 µm sulforaphane,1.2572113191015108,0.2732812504366861,Unpaired t-test
435,P0A9Y6,0.6590253623481004,0.534338948407878,31.174061665336698,29.712632936867514,2.661572303072373,2.7692524152943694,1.4614287284691834,t-Test,FDR correction BH,0.9058621756232311,False,control,10 µm sulforaphane,2.753809436461486,0.2721831685793469,Unpaired t-test
407,P0A9L3,0.6586702654639969,0.534551810919148,30.50492577537925,30.393804237862348,0.2711369962002973,0.10894832224018268,0.11112153751690101,t-Test,FDR correction BH,0.9058621756232311,False,control,10 µm sulforaphane,1.0800675445487258,0.2720101948409848,Unpaired t-test
833,P10408,0.657927160504802,0.5349974398217423,28.166681971291855,28.03394227688709,0.22686928949234383,0.26579095140291437,0.13273969440476563,t-Test,FDR correction BH,0.9058621756232311,False,control,10 µm sulforaphane,1.096373751926489,0.2716482962478377,Unpaired t-test
1340,P75884,-0.6504248844714653,0.5395097067772319,26.58498052711674,26.782941958152676,0.3917616648905041,0.3527357782875656,-0.19796143103593522,t-Test,FDR correction BH,0.9066837000114545,False,control,10 µm sulforaphane,0.8717815454060786,0.26800073714999467,Unpaired t-test
236,P0A7E1,-0.648267396079437,0.5408117942068853,27.23619575123216,27.370316863045847,0.24158907581801,0.2646642856694372,-0.13412111181368758,t-Test,FDR correction BH,0.9066837000114545,False,control,10 µm sulforaphane,0.911224781643761,0.26695384572190234,Unpaired t-test
665,P0AE91,-0.6476450934061376,0.5411877356845018,27.186073824521554,27.578166863361947,1.0332332705566671,0.17890019632487036,-0.39209303884039315,t-Test,FDR correction BH,0.9066837000114545,False,control,10 µm sulforaphane,0.7620232710017751,0.2666520538794717,Unpaired t-test
488,P0AB71,-0.6445746163149383,0.543045070493148,29.91754617539654,30.277419648196425,0.8797146263349443,0.40154406862893016,-0.35987347279988313,t-Test,FDR correction BH,0.9066837000114545,False,control,10 µm sulforaphane,0.7792329169272809,0.26516412427087055,Unpaired t-test
1145,P38506,0.6445192580675164,0.5430785936269302,25.343203502130578,25.096097101834783,0.47501209729524935,0.4640496074331232,0.24710640029579523,t-Test,FDR correction BH,0.9066837000114545,False,control,10 µm sulforaphane,1.1868243239868232,0.2651373153309619,Unpaired t-test
734,P0AFD1,0.6442488262235492,0.5432423770162406,28.675382929671105,28.32380577479819,0.3558970742333886,0.8756463122960847,0.35157715487291696,t-Test,FDR correction BH,0.9066837000114545,False,control,10 µm sulforaphane,1.2759547394581918,0.26500635915011655,Unpaired t-test
1228,P60546,0.6422628405090647,0.544446116101284,27.31859817395453,26.945793607876915,0.7358630436459903,0.6850467138149756,0.37280456607761536,t-Test,FDR correction BH,0.9066837000114545,False,control,10 µm sulforaphane,1.2948675784198833,0.26404509595937475,Unpaired t-test
180,P0A6Q6,0.6408874058041686,0.5452807732090854,29.823956582774343,29.62006741565029,0.41388682632571766,0.36377008773475233,0.20388916712405347,t-Test,FDR correction BH,0.9066837000114545,False,control,10 µm sulforaphane,1.1517991537133239,0.2633798154186449,Unpaired t-test
495,P0ABA6,-0.640622155411863,0.5454418279742037,29.655445205145064,29.78730556847413,0.22791224588052794,0.2741461384762449,-0.1318603633290678,t-Test,FDR correction BH,0.9066837000114545,False,control,10 µm sulforaphane,0.9126538189044744,0.2632515606337756,Unpaired t-test
526,P0ABU0,0.6404473513711462,0.545547981851078,28.6440384546224,28.504239595955298,0.3470121577272449,0.15008380863953008,0.13979885866710262,t-Test,FDR correction BH,0.9066837000114545,False,control,10 µm sulforaphane,1.1017514983707077,0.2631670464748175,Unpaired t-test
676,P0AEE3,-0.6400530571318349,0.5457874739800244,26.184747561631177,26.47532842623516,0.4798296851617778,0.6229749233605677,-0.2905808646039816,t-Test,FDR correction BH,0.9066837000114545,False,control,10 µm sulforaphane,0.8175728173022384,0.26297643576722146,Unpaired t-test
272,P0A7W1,0.6390732542628129,0.5463828866066311,32.3449805962545,32.06634429488993,0.6972171594706099,0.2901339629079078,0.2786363013645712,t-Test,FDR correction BH,0.9066837000114545,False,control,10 µm sulforaphane,1.2130477163927038,0.2625029117582574,Unpaired t-test
718,P0AF36,-0.6378404025823518,0.5471326522459714,30.217085393831383,30.426891232564,0.40428571522921014,0.40142368415650953,-0.20980583873261693,t-Test,FDR correction BH,0.9066837000114545,False,control,10 µm sulforaphane,0.8646535905769768,0.2619073662550749,Unpaired t-test
848,P13033,0.6356809047419235,0.5484475156718753,26.848601424933236,26.666563671699762,0.4624259090102496,0.17938700287847442,0.18203775323347315,t-Test,FDR correction BH,0.9066837000114545,False,control,10 µm sulforaphane,1.1344851723764524,0.2608649264205169,Unpaired t-test
550,P0AC81,0.6351430722664126,0.5487752954318854,28.007359807577686,27.71995588422496,0.7447062678205387,0.24431234012700456,0.287403923352727,t-Test,FDR correction BH,0.9066837000114545,False,control,10 µm sulforaphane,1.2204421598043114,0.2606054477734344,Unpaired t-test
566,P0ACF0,-0.6345938182970754,0.5491101623253263,33.55461322207587,33.59309761585204,0.10227949909819663,0.023917310295039525,-0.03848439377616586,t-Test,FDR correction BH,0.9066837000114545,False,control,10 µm sulforaphane,0.9736772954851912,0.2603405187729166,Unpaired t-test
280,P0A7Z4,0.6338988908867765,0.5495340256913536,29.903833969794825,29.51832525595283,1.011940237526171,0.29246211207047523,0.38550871384199326,t-Test,FDR correction BH,0.9066837000114545,False,control,10 µm sulforaphane,1.3063203321566585,0.26000541204393607,Unpaired t-test
754,P0AFL3,0.6328039441234039,0.5502022908166597,26.48670420746633,26.241417303427287,0.45916321025091794,0.4898110641192729,0.24528690403904463,t-Test,FDR correction BH,0.9066837000114545,False,control,10 µm sulforaphane,1.185328469896218,0.259477605718485,Unpaired t-test
64,P06136,-0.631412480685781,0.5510522561525015,26.117671038264497,26.605275726214266,0.8307285344620114,1.0483195456579202,-0.4876046879497693,t-Test,FDR correction BH,0.9066837000114545,False,control,10 µm sulforaphane,0.7132082577006061,0.2588072151544162,Unpaired t-test
707,P0AEY5,0.6311508461283122,0.5512121650356578,27.316422299839676,27.010779208963818,0.49972506943261685,0.6736521526157029,0.30564309087585784,t-Test,FDR correction BH,0.9066837000114545,False,control,10 µm sulforaphane,1.2359694559285423,0.2586812062862819,Unpaired t-test
924,P23538,0.6301229727274464,0.5518406724424805,26.336325712915627,26.224850688979373,0.15736112807397434,0.26292369076654226,0.1114750239362543,t-Test,FDR correction BH,0.9066837000114545,False,control,10 µm sulforaphane,1.080332213085469,0.25818629376915925,Unpaired t-test
989,P27241,0.6297913067921255,0.5520435692702121,25.183874899775,24.981938981899916,0.4148596919591892,0.36921585084380726,0.20193591787508325,t-Test,FDR correction BH,0.9066837000114545,False,control,10 µm sulforaphane,1.150240800424084,0.258026644830725,Unpaired t-test
1444,Q7DFV3,0.6297012590112248,0.5520986640589285,27.819944787423225,27.700070481784724,0.28451410806861277,0.1666446663463622,0.11987430563850054,t-Test,FDR correction BH,0.9066837000114545,False,control,10 µm sulforaphane,1.0866401852099903,0.2579833037429218,Unpaired t-test
1034,P31057,0.6293450525727247,0.5523166387354741,28.618169643440417,28.37562326315281,0.23059644666099627,0.6264287590706603,0.24254638028760667,t-Test,FDR correction BH,0.9066837000114545,False,control,10 µm sulforaphane,1.1830789733929046,0.25781187330328903,Unpaired t-test
797,P0AGD3,-0.6291222364960181,0.5524530145650624,31.656183708284075,31.882275520486523,0.3151980823266097,0.5367539447235028,-0.22609181220244778,t-Test,FDR correction BH,0.9066837000114545,False,control,10 µm sulforaphane,0.8549477678239787,0.2577046522724089,Unpaired t-test
1059,P32662,0.6286035060502214,0.5527705874996622,27.74867548527827,27.488878843377254,0.2843669196696946,0.6569365739809628,0.2597966419010156,t-Test,FDR correction BH,0.9066837000114545,False,control,10 µm sulforaphane,1.1973099233975846,0.257455073496428,Unpaired t-test
974,P25746,-0.6279357092600435,0.553179587528579,24.309663993695665,24.566174381025245,0.3570228953824138,0.6108568843483617,-0.2565103873295804,t-Test,FDR correction BH,0.9066837000114545,False,control,10 µm sulforaphane,0.8371102876491098,0.2571338538469985,Unpaired t-test
894,P20966,0.6258861664661547,0.5544360264814053,29.095115568066333,28.995441767424484,0.23393874369362672,0.14613874474309194,0.09967380064184894,t-Test,FDR correction BH,0.9066837000114545,False,control,10 µm sulforaphane,1.0715311574861683,0.25614855762832983,Unpaired t-test
892,P19934,0.6248078622834632,0.5550977726498032,26.201588235803886,25.91043100694143,0.7946458083282466,0.14139152383383413,0.2911572288624562,t-Test,FDR correction BH,0.9066837000114545,False,control,10 µm sulforaphane,1.2236213874803603,0.2556305152871998,Unpaired t-test
792,P0AGA2,0.623910632586602,0.5556487673316863,28.012076413471096,27.738579772997525,0.6586479308293594,0.3777008029664542,0.2734966404735708,t-Test,FDR correction BH,0.9066837000114545,False,control,10 µm sulforaphane,1.2087338723021,0.25519964476739276,Unpaired t-test
842,P12282,0.6236426831433224,0.5558133824126095,26.25779321584806,26.07419654246508,0.4311999506477814,0.272158245642987,0.18359667338297925,t-Test,FDR correction BH,0.9066837000114545,False,control,10 µm sulforaphane,1.1357117154874978,0.2550710008512285,Unpaired t-test
191,P0A6V8,-0.623227524384488,0.5560684952514718,27.69129079505941,27.808521547319074,0.27452110708028304,0.17545936475803758,-0.1172307522596654,t-Test,FDR correction BH,0.9066837000114545,False,control,10 µm sulforaphane,0.9219556436671312,0.2548717097172502,Unpaired t-test
722,P0AF67,-0.6225774112847764,0.5564681315975128,27.39692720349901,27.584839021301633,0.489764321620897,0.18284653420980856,-0.18791181780262178,t-Test,FDR correction BH,0.9066837000114545,False,control,10 µm sulforaphane,0.877875454563065,0.25455970225047553,Unpaired t-test
1334,P75863,0.6220351447764684,0.5568016083057895,25.10135294074387,24.990437142202104,0.24446290528215256,0.1887391867803929,0.11091579854176459,t-Test,FDR correction BH,0.9066837000114545,False,control,10 µm sulforaphane,1.0799135299166565,0.25429951894828307,Unpaired t-test
1193,P45568,0.6207030872353704,0.5576213048251975,27.081920477870057,26.87524145131947,0.4337045807823457,0.38015618857458294,0.20667902655058512,t-Test,FDR correction BH,0.9069970829890163,False,control,10 µm sulforaphane,1.1540286385369258,0.2536606416688988,Unpaired t-test
1121,P37636,-0.6192138155295444,0.5585386248967201,27.932643521374114,28.197833538920165,0.3341838765866199,0.662241557179016,-0.2651900175460504,t-Test,FDR correction BH,0.9070632456989431,False,control,10 µm sulforaphane,0.8320891329290583,0.25294678852959707,Unpaired t-test
583,P0ACS7,0.6178053832156715,0.5594070056985208,25.359522391832847,25.17732580505435,0.12178535161663802,0.49606744528199026,0.18219658677849893,t-Test,FDR correction BH,0.9070632456989431,False,control,10 µm sulforaphane,1.1346100804243853,0.2522720990707521,Unpaired t-test
810,P0AGL7,-0.6175835481668178,0.5595438555763882,26.83023114485579,26.99672189271231,0.06587601524583016,0.462263154230814,-0.16649074785651763,t-Test,FDR correction BH,0.9070632456989431,False,control,10 µm sulforaphane,0.8910073588397203,0.25216586894186943,Unpaired t-test
1142,P38051,0.6123634307832895,0.5627700711740121,25.37850095132586,25.231942878555373,0.09389466783197858,0.40376106133030304,0.14655807277048893,t-Test,FDR correction BH,0.9111188614740998,False,control,10 µm sulforaphane,1.1069254584611459,0.24966900695440863,Unpaired t-test
406,P0A9K9,0.6098052797139706,0.5643552427935323,27.372061276319172,27.142739564879104,0.6270442814809172,0.17627447371396557,0.2293217114400683,t-Test,FDR correction BH,0.9111188614740998,False,control,10 µm sulforaphane,1.1722836660243998,0.24844743605615377,Unpaired t-test
242,P0A7G2,0.6081703982842612,0.5653697299820424,28.648779151634145,28.56435698309401,0.10350034550187141,0.217014088040241,0.08442216854013296,t-Test,FDR correction BH,0.9111188614740998,False,control,10 µm sulforaphane,1.0602629973958013,0.24766744744480554,Unpaired t-test
466,P0AAP3,-0.6077086023820244,0.5656564875032132,27.798271678872435,27.87371305505507,0.1292987921620301,0.1717980457531444,-0.07544137618263491,t-Test,FDR correction BH,0.9111188614740998,False,control,10 µm sulforaphane,0.9490517249213707,0.24744722759520013,Unpaired t-test
1021,P30177,0.6064819113861283,0.5664186449890448,28.199168487838882,28.017656214653528,0.1834500644625763,0.4848345679972531,0.1815122731853549,t-Test,FDR correction BH,0.9111188614740998,False,control,10 µm sulforaphane,1.1340720283993617,0.24686245926852893,Unpaired t-test
666,P0AEA8,-0.6056969482595503,0.5669066789916772,25.670691857906586,25.788413434482003,0.32400211010455643,0.09136094640957933,-0.11772157657541626,t-Test,FDR correction BH,0.9111188614740998,False,control,10 µm sulforaphane,0.9216420352693376,0.24648842635328275,Unpaired t-test
965,P25534,-0.6053511934933846,0.5671217255708805,25.773224845333623,26.00650126036591,0.6158628573548669,0.25731956153133584,-0.2332764150322859,t-Test,FDR correction BH,0.9111188614740998,False,control,10 µm sulforaphane,0.8507007227801548,0.24632371523415408,Unpaired t-test
978,P26365,-0.6049959982656049,0.5673426953055167,25.43986784043568,25.562572334362624,0.25350004796778197,0.2431953636596063,-0.1227044939269426,t-Test,FDR correction BH,0.9111188614740998,False,control,10 µm sulforaphane,0.9184642713383466,0.24615453242706414,Unpaired t-test
255,P0A7M2,0.6033877859262914,0.5683438300528141,31.477225277246536,30.4818684388509,1.9351742050913345,2.1020890064756315,0.9953568383956366,t-Test,FDR correction BH,0.9111188614740998,False,control,10 µm sulforaphane,1.9935735582092804,0.24538885034964786,Unpaired t-test
581,P0ACQ4,0.6029589268712794,0.568610981453133,26.704749435661018,26.505167106659243,0.2937571600687945,0.49234069769470196,0.19958232900177464,t-Test,FDR correction BH,0.9111188614740998,False,control,10 µm sulforaphane,1.1483658463711368,0.24518475713512014,Unpaired t-test
1328,P75823,0.601316716700134,0.5696346744639069,27.87274514665801,27.600124281624943,0.18372928534058253,0.763469212903501,0.2726208650330655,t-Test,FDR correction BH,0.9111188614740998,False,control,10 µm sulforaphane,1.2080003436118552,0.2444035824505551,Unpaired t-test
454,P0AAE0,0.5998437082332181,0.5705538402815176,26.166007643813593,26.114727110166143,0.11036365647718169,0.09871876147597305,0.05128053364745,t-Test,FDR correction BH,0.9111188614740998,False,control,10 µm sulforaphane,1.0361842311421625,0.24370336713728877,Unpaired t-test
1378,P76506,-0.5981604307783246,0.5716053100511349,27.816749357651997,27.90009455253321,0.15138066939133096,0.18795567074430222,-0.08334519488121472,t-Test,FDR correction BH,0.9111188614740998,False,control,10 µm sulforaphane,0.9438665523692146,0.24290374538982376,Unpaired t-test
197,P0A6Y1,0.5978717768920664,0.5717857366946554,29.641790977147267,28.98184912000786,1.1231011231488144,1.5472197405282735,0.6599418571394082,t-Test,FDR correction BH,0.9111188614740998,False,control,10 µm sulforaphane,1.5800189452154452,0.24276668240241858,Unpaired t-test
942,P23917,-0.5971958674042066,0.57220835632178,27.245317298868347,27.28911621684402,0.06197542941422564,0.11088613622768731,-0.04379891797567126,t-Test,FDR correction BH,0.9111188614740998,False,control,10 µm sulforaphane,0.97009711250988,0.24244580420650086,Unpaired t-test
19,P00954,0.5938692109259555,0.5742911199809948,29.127699016362186,29.035349495349134,0.05486818686604266,0.2636943748562555,0.09234952101305183,t-Test,FDR correction BH,0.9111188614740998,False,control,10 µm sulforaphane,1.0661049895110257,0.24086789897752942,Unpaired t-test
911,P22255,0.5934250519217328,0.5745695442027263,27.25377600555506,27.082717063843834,0.34286004825841687,0.3629370876629025,0.1710589417112267,t-Test,FDR correction BH,0.9111188614740998,False,control,10 µm sulforaphane,1.12588458352812,0.24065739807126085,Unpaired t-test
876,P16703,-0.5912784613973576,0.5759162891865721,26.059092322684013,26.23090704578594,0.26148504843108344,0.430045124676585,-0.17181472310192802,t-Test,FDR correction BH,0.9111188614740998,False,control,10 µm sulforaphane,0.8877253353293643,0.23964063773368563,Unpaired t-test
1424,P77783,0.5912229814438875,0.575951121653409,28.133857038205193,28.04321323851771,0.22670781435315346,0.1382777353119528,0.09064379968748426,t-Test,FDR correction BH,0.9111188614740998,False,control,10 µm sulforaphane,1.0648452614464148,0.2396143716061772,Unpaired t-test
172,P0A6M8,0.5906480836388666,0.5763121389367722,31.23593065932615,30.95809954347271,0.8009553576293817,0.1491725197591115,0.27783111585344145,t-Test,FDR correction BH,0.9111188614740998,False,control,10 µm sulforaphane,1.212370888714915,0.23934223272172409,Unpaired t-test
1319,P69910,0.5890411529051989,0.577321956438589,28.298766379324675,27.47622634920024,1.966388400686601,1.4082463207832607,0.8225400301244363,t-Test,FDR correction BH,0.9111188614740998,False,control,10 µm sulforaphane,1.768516930134998,0.2385819253026973,Unpaired t-test
336,P0A8P3,0.5884605772149978,0.577687057684794,27.575369995355583,27.328942767978326,0.4860941065832401,0.5383374167313418,0.2464272273772572,t-Test,FDR correction BH,0.9111188614740998,False,control,10 µm sulforaphane,1.1862657379974404,0.23830736214361342,Unpaired t-test
1198,P45955,-0.5873349243547159,0.5783953285426998,27.243754235794682,27.466514247558646,0.2213352138434503,0.6185092676765555,-0.2227600117639632,t-Test,FDR correction BH,0.9111188614740998,False,control,10 µm sulforaphane,0.8569244898761742,0.23777522331435674,Unpaired t-test
1290,P67603,0.5873150046113855,0.5784078668785905,28.101336628323754,27.976409672592414,0.2777191268057753,0.24208870153148065,0.12492695573133972,t-Test,FDR correction BH,0.9111188614740998,False,control,10 µm sulforaphane,1.0904525211887603,0.23776580886925264,Unpaired t-test
235,P0A7D7,0.5861875723239072,0.5791177845423894,29.053375019757016,28.886822144420947,0.41744452388036335,0.2606298072606148,0.16655287533606966,t-Test,FDR correction BH,0.9111188614740998,False,control,10 µm sulforaphane,1.122373518572057,0.2372330978018619,Unpaired t-test
1287,P67087,-0.5853472226571814,0.5796472699267228,24.949567288425026,25.32911098368924,1.0724302401106136,0.33345365719016967,-0.37954369526421416,t-Test,FDR correction BH,0.9111188614740998,False,control,10 µm sulforaphane,0.7686806753980713,0.23683620527255797,Unpaired t-test
418,P0A9Q1,0.5849513534839658,0.5798967978088218,29.36611694025094,29.04425904583432,0.8171057856840492,0.49050781975113783,0.3218578944166204,t-Test,FDR correction BH,0.9111188614740998,False,control,10 µm sulforaphane,1.2499391774068422,0.2366492894200867,Unpaired t-test
23,P00960,-0.5832636184233434,0.5809613417912007,28.433516625577248,28.514671032661816,0.12111737517551006,0.20834855980998432,-0.08115440708456845,t-Test,FDR correction BH,0.9111188614740998,False,control,10 µm sulforaphane,0.9453009387685526,0.23585276538133196,Unpaired t-test
1080,P33607,-0.5831392795259568,0.5810398147305149,28.0342661469422,28.111403031118208,0.1519977809101812,0.1714339772873483,-0.0771368841760065,t-Test,FDR correction BH,0.9111188614740998,False,control,10 µm sulforaphane,0.9479370197624177,0.2357941073251271,Unpaired t-test
445,P0AA91,0.5824796296428222,0.5814562389487627,25.74597025736371,25.47550461212182,0.7164753242142877,0.3653545207241504,0.2704656452418881,t-Test,FDR correction BH,0.9111188614740998,False,control,10 µm sulforaphane,1.2061970778670283,0.23548296519732542,Unpaired t-test
79,P06986,0.5815391321756679,0.5820502623829373,25.8191333608861,25.408123252375212,1.1428562250806589,0.43865677138228254,0.4110101085108866,t-Test,FDR correction BH,0.9111188614740998,False,control,10 µm sulforaphane,1.3296164243536246,0.23503951065417877,Unpaired t-test
1043,P31554,-0.5770336927563021,0.5849008958413155,27.573140878290946,27.625288136735552,0.10721103175609577,0.11404685592576176,-0.05214725844460588,t-Test,FDR correction BH,0.9111188614740998,False,control,10 µm sulforaphane,0.9644997313593415,0.23291771346546547,Unpaired t-test
1211,P52061,-0.5764461673319579,0.5852732339926627,26.60689741415805,26.786460001449896,0.29045902853623784,0.454674637327948,-0.17956258729184782,t-Test,FDR correction BH,0.9111188614740998,False,control,10 µm sulforaphane,0.8829706648103384,0.23264133680345134,Unpaired t-test
187,P0A6U3,-0.5736227304827293,0.587064501487573,27.65578815676437,27.7852267319541,0.34848276151000485,0.17696034269135721,-0.1294385751897309,t-Test,FDR correction BH,0.9111188614740998,False,control,10 µm sulforaphane,0.9141871369637569,0.23131417967030746,Unpaired t-test
1189,P45475,-0.5712680656240184,0.5885608232376248,26.520249700376947,26.68431483183512,0.45339914315477303,0.20462530592805364,-0.16406513145817314,t-Test,FDR correction BH,0.9111188614740998,False,control,10 µm sulforaphane,0.8925066777366792,0.23020864950445277,Unpaired t-test
269,P0A7V0,-0.571028644914391,0.5887130931208002,31.14146742542916,31.500864927070143,0.8066819364197024,0.7332427340803166,-0.3593975016409843,t-Test,FDR correction BH,0.9111188614740998,False,control,10 µm sulforaphane,0.7794900423576653,0.23009630526667937,Unpaired t-test
768,P0AFZ3,0.5692129891472041,0.5898685868038798,28.279034968403035,28.21524556031501,0.08264006490134736,0.17563304732566304,0.06378940808802369,t-Test,FDR correction BH,0.9111188614740998,False,control,10 µm sulforaphane,1.0452075188838323,0.22924473137957638,Unpaired t-test
486,P0AB61,-0.5682424963248844,0.5904867565269553,27.926531763376303,28.227554320247386,0.6141637740425158,0.6816789569274461,-0.30102255687108226,t-Test,FDR correction BH,0.9111188614740998,False,control,10 µm sulforaphane,0.8116768901219109,0.2287898383244077,Unpaired t-test
497,P0ABB4,-0.5665387499118398,0.5915728958740317,30.563855741486826,30.614812152880575,0.13927109826154954,0.06980685689316164,-0.050956411393748624,t-Test,FDR correction BH,0.9111188614740998,False,control,10 µm sulforaphane,0.9652961892333828,0.22799173231206354,Unpaired t-test
863,P15639,-0.5663599663949643,0.5916869378482735,27.88380167822018,27.99668539993523,0.3085585076233708,0.1548237383044191,-0.11288372171505046,t-Test,FDR correction BH,0.9111188614740998,False,control,10 µm sulforaphane,0.9247378070959725,0.22790801815417464,Unpaired t-test
767,P0AFY8,0.5662309427248305,0.5917692470835059,28.123593238425883,27.847252861350416,0.5812995619089844,0.6136974609164898,0.2763403770754671,t-Test,FDR correction BH,0.9111188614740998,False,control,10 µm sulforaphane,1.2111187912098849,0.2278476078961797,Unpaired t-test
1252,P62620,0.5640541468297808,0.593158913509555,28.291932297505898,28.214379987082914,0.12757920430606076,0.201084028796914,0.07755231042298405,t-Test,FDR correction BH,0.9111188614740998,False,control,10 µm sulforaphane,1.0552262145480382,0.2268289389889972,Unpaired t-test
837,P11447,-0.5636512536417069,0.5934163280906504,26.07766112886815,26.39047006553967,0.8091488934404308,0.5188926950550344,-0.31280893667151943,t-Test,FDR correction BH,0.9111188614740998,False,control,10 µm sulforaphane,0.8050727503770251,0.22664050806617736,Unpaired t-test
1229,P60560,0.5627094367999548,0.5940183218446973,27.619287019159977,27.299351223570504,0.5369557109820191,0.8255122056474729,0.3199357955894726,t-Test,FDR correction BH,0.9111188614740998,False,control,10 µm sulforaphane,1.248274995550858,0.22620015947447075,Unpaired t-test
1133,P37666,-0.5613290825701053,0.5949012603598545,28.23048938839607,28.321047873337744,0.21899685112193723,0.17355465076199564,-0.09055848494167407,t-Test,FDR correction BH,0.9111188614740998,False,control,10 µm sulforaphane,0.9391591188241317,0.2255551109762785,Unpaired t-test
931,P23842,-0.560732738952634,0.5952829441017957,24.948621655573803,25.222014520947035,0.3025049207020807,0.7884450051353493,-0.27339286537323204,t-Test,FDR correction BH,0.9111188614740998,False,control,10 µm sulforaphane,0.8273714809535757,0.2252765605669915,Unpaired t-test
1225,P60390,0.5603527263006098,0.5955262412093935,27.29657925843836,27.208316710965313,0.1561259593542289,0.2237302587455529,0.08826254747304674,t-Test,FDR correction BH,0.9111188614740998,False,control,10 µm sulforaphane,1.0630891220098801,0.22509909705047462,Unpaired t-test
936,P23882,-0.5600360920276848,0.5957290051820374,27.519023795335578,27.6179019913013,0.29570312676526,0.0779525583030903,-0.098878195965721,t-Test,FDR correction BH,0.9111188614740998,False,control,10 µm sulforaphane,0.9337587770882697,0.22495125421735349,Unpaired t-test
1058,P32177,0.558224105177763,0.5968901187680752,25.694263845597707,25.504400576094543,0.41183822679820853,0.4212296709027446,0.18986326950316368,t-Test,FDR correction BH,0.9111188614740998,False,control,10 µm sulforaphane,1.1406556058423007,0.22410561058733372,Unpaired t-test
226,P0A7A7,-0.5539537789760263,0.5996316767010292,26.24726975806248,26.380578259878956,0.35464266732971406,0.21900823651631351,-0.1333085018164759,t-Test,FDR correction BH,0.9111188614740998,False,control,10 µm sulforaphane,0.9117381811658278,0.22211543277324944,Unpaired t-test
730,P0AFB1,0.553264709086893,0.6000747371065286,26.16750552523833,25.640262249170654,1.3855577116752382,0.8970344956306641,0.5272432760676757,t-Test,FDR correction BH,0.9111188614740998,False,control,10 µm sulforaphane,1.4411727477186502,0.2217946564636599,Unpaired t-test
828,P0DMC7,0.5527273696375623,0.6004203675269848,27.93774388024178,27.667812516035802,0.6978676111986976,0.4779904031654529,0.2699313642059771,t-Test,FDR correction BH,0.9111188614740998,False,control,10 µm sulforaphane,1.2057504631010867,0.22154458399281,Unpaired t-test
388,P0A9C5,0.5503277554650999,0.6019652506172943,28.708942875675795,28.549709598564156,0.39783494840186207,0.30477010502971313,0.15923327711163893,t-Test,FDR correction BH,0.9111188614740998,False,control,10 µm sulforaphane,1.1166935115581726,0.22042857834473262,Unpaired t-test
1411,P77570,-0.5499714215708786,0.602194853573477,25.073376008926576,25.283455100573846,0.4588472728981403,0.47664404131566324,-0.21007909164726968,t-Test,FDR correction BH,0.9111188614740998,False,control,10 µm sulforaphane,0.8644898368152379,0.22026296033802367,Unpaired t-test
579,P0ACP5,-0.5476549044360869,0.6036887140785683,26.19858725229114,26.354722446622233,0.47970561673652823,0.11715265246045861,-0.15613519433109246,t-Test,FDR correction BH,0.9111188614740998,False,control,10 µm sulforaphane,0.897425949327471,0.21918694317786133,Unpaired t-test
735,P0AFD4,0.547652505316685,0.603690262300303,27.693766740005106,27.56298366944482,0.334072644850475,0.2438879731127488,0.13078307056028748,t-Test,FDR correction BH,0.9111188614740998,False,control,10 µm sulforaphane,1.0948878266701205,0.21918582938646808,Unpaired t-test
97,P07604,0.5466059316342414,0.6043658623015014,26.387024897261846,26.310835317491893,0.1704716145439853,0.1709542589886006,0.07618957976995233,t-Test,FDR correction BH,0.9111188614740998,False,control,10 µm sulforaphane,1.0542299470495613,0.2187000748306862,Unpaired t-test
11,P00582,-0.5456121421211705,0.6050077859693062,26.85638326863924,26.991696768923557,0.3895703544003965,0.18097388034349535,-0.13531350028431532,t-Test,FDR correction BH,0.9111188614740998,False,control,10 µm sulforaphane,0.9104719648625637,0.21823903628679087,Unpaired t-test
86,P06999,-0.5454636699620912,0.605103722606658,28.268179969777428,28.390392552542966,0.22364683136328853,0.3171448718562104,-0.12221258276553826,t-Test,FDR correction BH,0.9111188614740998,False,control,10 µm sulforaphane,0.9187774905893041,0.2181701752735598,Unpaired t-test
535,P0AC19,-0.54153758080641,0.6076437304324452,26.687616011960237,26.88949960437596,0.5393157885300639,0.35506523116885114,-0.2018835924157223,t-Test,FDR correction BH,0.9111188614740998,False,control,10 µm sulforaphane,0.869414708236449,0.21635097871628028,Unpaired t-test
1120,P37634,-0.5415181580605378,0.6076563110690456,27.134954592429825,27.263919304643167,0.21879707467072676,0.34968530826424715,-0.12896471221334238,t-Test,FDR correction BH,0.9111188614740998,False,control,10 µm sulforaphane,0.9144874572510354,0.21634198719012543,Unpaired t-test
1247,P61889,0.5394153864709785,0.6090192028383171,29.46966004283321,29.319433644430433,0.40208005020499615,0.26648817254177454,0.15022639840277563,t-Test,FDR correction BH,0.9111188614740998,False,control,10 µm sulforaphane,1.1097436075993414,0.21536901351615864,Unpaired t-test
249,P0A7J7,0.5391154329878419,0.6092137552518291,33.53086688066004,33.46760079964366,0.0715447991562384,0.19025132062187103,0.06326608101637987,t-Test,FDR correction BH,0.9111188614740998,False,control,10 µm sulforaphane,1.044828446259932,0.21523029942246022,Unpaired t-test
678,P0AEG4,0.5385539754791762,0.6095780155235294,28.613623370202085,28.25680683299332,0.4229208249602016,1.0667885327040982,0.35681653720876483,t-Test,FDR correction BH,0.9111188614740998,False,control,10 µm sulforaphane,1.280597001658987,0.21497070424881445,Unpaired t-test
669,P0AEC0,-0.5349652866400633,0.6119091643486276,25.00521397892864,25.22238608902615,0.612520134067153,0.3452806588308624,-0.2171721100975077,t-Test,FDR correction BH,0.9111188614740998,False,control,10 µm sulforaphane,0.8602499987046406,0.21331304247873065,Unpaired t-test
1073,P33570,-0.5326328615307223,0.6134269426488117,27.17615549145576,27.262152102654067,0.26062783612029256,0.1013753405685367,-0.0859966111983077,t-Test,FDR correction BH,0.9111188614740998,False,control,10 µm sulforaphane,0.942133486915677,0.21223715305725166,Unpaired t-test
489,P0AB77,0.5307277173407826,0.614668236457451,29.612107736895048,29.479100494096706,0.14829353839221757,0.40795782829698257,0.13300724279834242,t-Test,FDR correction BH,0.9111188614740998,False,control,10 µm sulforaphane,1.096577093747748,0.21135922886332392,Unpaired t-test
442,P0AA43,-0.5287737533313267,0.6159427923668637,26.82337512601493,27.064260588828677,0.6628176671175197,0.4280928420486991,-0.2408854628137469,t-Test,FDR correction BH,0.9111188614740998,False,control,10 µm sulforaphane,0.846225776752223,0.21045962243481997,Unpaired t-test
564,P0ACE3,-0.5280948807572224,0.6163859597692047,26.72342024770108,26.832454437859045,0.32875692510343385,0.1407295552847201,-0.109034190157967,t-Test,FDR correction BH,0.9111188614740998,False,control,10 µm sulforaphane,0.9272085724338148,0.21014726233552122,Unpaired t-test
1258,P63183,0.5277832552091334,0.6165894479801399,25.67990339534462,25.549358785697592,0.3623413106407589,0.22857732057417468,0.1305446096470284,t-Test,FDR correction BH,0.9111188614740998,False,control,10 µm sulforaphane,1.0947068692484656,0.21000391185604134,Unpaired t-test
1363,P76257,0.5275609973694206,0.6167346028154868,24.696835108965793,24.333007383295048,1.1241704135890374,0.4038010127905624,0.3638277256707454,t-Test,FDR correction BH,0.9111188614740998,False,control,10 µm sulforaphane,1.2868355752043195,0.20990168414992774,Unpaired t-test
933,P23865,0.5262342539040691,0.617601483067336,27.123839292682838,27.03982160251301,0.05156686802703156,0.2716858842580521,0.08401769016982996,t-Test,FDR correction BH,0.9111188614740998,False,control,10 µm sulforaphane,1.059965780502823,0.20929166978503566,Unpaired t-test
227,P0A7A9,0.5253473505396403,0.6181813530310944,31.667668451661587,31.267337222324343,0.9334562049456516,0.9331321088407805,0.40033122933724385,t-Test,FDR correction BH,0.9111188614740998,False,control,10 µm sulforaphane,1.3198108922725496,0.20888409923686435,Unpaired t-test
1438,Q46920,0.5253176794151292,0.6182007576444339,27.053426823881065,26.993871704655852,0.16785367080771674,0.10189811935662184,0.059555119225212394,t-Test,FDR correction BH,0.9111188614740998,False,control,10 µm sulforaphane,1.0421443474701448,0.20887046701681727,Unpaired t-test
844,P12758,0.5248358160314857,0.618515938609412,30.71601439504201,30.61611945197155,0.1452964634711781,0.29592544058232434,0.09989494307045987,t-Test,FDR correction BH,0.9111188614740998,False,control,10 µm sulforaphane,1.0716954189259773,0.20864910450546922,Unpaired t-test
327,P0A8J8,0.5246853903806086,0.6186143484091651,27.576359536346224,27.50536581301891,0.19578268018868322,0.12881489139526026,0.0709937233273159,t-Test,FDR correction BH,0.9111188614740998,False,control,10 µm sulforaphane,1.0504399738957628,0.20858001100167814,Unpaired t-test
1103,P37051,-0.5246181478194978,0.6186583418935194,28.08459335016515,28.245069396952935,0.44120864774557017,0.2933310586072736,-0.16047604678778526,t-Test,FDR correction BH,0.9111188614740998,False,control,10 µm sulforaphane,0.894729787787899,0.20854912673881096,Unpaired t-test
1396,P77307,-0.5237722280221457,0.6192119332449291,26.536963654043095,26.64413413904547,0.182847640564722,0.3035883626678814,-0.10717048500237425,t-Test,FDR correction BH,0.9111188614740998,False,control,10 µm sulforaphane,0.928407134840107,0.20816068266675705,Unpaired t-test
712,P0AF12,0.521716706937311,0.620558258429786,29.29140519326914,28.933312271681405,1.024317275101869,0.6034094940083979,0.3580929215877333,t-Test,FDR correction BH,0.9111188614740998,False,control,10 µm sulforaphane,1.2817304756295043,0.2072174403910516,Unpaired t-test
691,P0AEQ3,0.5203594199151432,0.6214481383158903,27.177007137860148,27.08083462178707,0.28401692884321394,0.14767876157015866,0.09617251607307864,t-Test,FDR correction BH,0.9111188614740998,False,control,10 µm sulforaphane,1.0689338056361375,0.20659510866838715,Unpaired t-test
176,P0A6P5,-0.5203508868293651,0.6214537350955233,27.766343366028945,27.821049748084604,0.13294637293096706,0.12443676221067551,-0.054706382055659475,t-Test,FDR correction BH,0.9111188614740998,False,control,10 µm sulforaphane,0.9627903706932094,0.2065911974175265,Unpaired t-test
360,P0A908,-0.5194094443608832,0.6220713896448042,28.070163363461916,28.38021326258174,0.8602165942356269,0.573581333012007,-0.31004989911982506,t-Test,FDR correction BH,0.9111188614740998,False,control,10 µm sulforaphane,0.8066138600358242,0.20615977230323226,Unpaired t-test
971,P25736,0.5193546610325023,0.6221073418705784,24.489604300862382,24.214122540714776,0.45445585461844595,0.7984614545946148,0.2754817601476063,t-Test,FDR correction BH,0.9111188614740998,False,control,10 µm sulforaphane,1.2103982108485567,0.20613467325134416,Unpaired t-test
658,P0AE52,-0.5187156847133141,0.622526762180185,28.367527253639643,28.646900528992518,0.901714927000079,0.23903244150330288,-0.2793732753528744,t-Test,FDR correction BH,0.9111188614740998,False,control,10 µm sulforaphane,0.8239488731591338,0.2058419736822702,Unpaired t-test
1414,P77689,-0.51848154615876,0.6226804882281112,25.65635997999761,25.77233056813496,0.2835024790386656,0.2640376181051549,-0.11597058813735117,t-Test,FDR correction BH,0.9111188614740998,False,control,10 µm sulforaphane,0.9227613045657622,0.20573474273793316,Unpaired t-test
440,P0AA25,0.5163575971942651,0.6240759397686042,30.79071689659372,30.63837519107421,0.46514574022942257,0.2115892808438027,0.1523417055195111,t-Test,FDR correction BH,0.9111188614740998,False,control,10 µm sulforaphane,1.1113719283897723,0.20476256061275977,Unpaired t-test
784,P0AG67,-0.5153889149773523,0.6247129400093114,29.923954216933694,30.116016091378988,0.5957657624210673,0.24834803725844995,-0.19206187444529377,t-Test,FDR correction BH,0.9111188614740998,False,control,10 µm sulforaphane,0.875353786630818,0.20431949818966474,Unpaired t-test
257,P0A7M9,-0.51520535075113,0.6248336909289878,31.139664067614483,31.39632953557333,0.7988486183116553,0.3261802073918629,-0.2566654679588467,t-Test,FDR correction BH,0.9111188614740998,False,control,10 µm sulforaphane,0.8370203084023871,0.2042355614129731,Unpaired t-test
1295,P68206,0.5143600075146769,0.6253899332647601,28.53535165429205,27.870513068726062,1.6298973701290886,1.534773480560368,0.6648385855659882,t-Test,FDR correction BH,0.9111188614740998,False,control,10 µm sulforaphane,1.5853908834872872,0.20384911375946252,Unpaired t-test
862,P15288,-0.514177431041339,0.6255101054909781,29.69165547123749,29.73583393880449,0.13153252904780918,0.06961520372987355,-0.04417846756700072,t-Test,FDR correction BH,0.9111188614740998,False,control,10 µm sulforaphane,0.9698419293126648,0.2037656696260097,Unpaired t-test
852,P13482,0.5135510157465891,0.6259225091918039,24.655567387186675,24.464657428817166,0.6012516537772848,0.2303892489434798,0.19090995836950952,t-Test,FDR correction BH,0.9111188614740998,False,control,10 µm sulforaphane,1.141483462520889,0.20347943022970927,Unpaired t-test
285,P0A817,-0.5118176649330114,0.6270644420656585,29.548525638565625,29.851041465292884,0.978142893758721,0.3021561379212646,-0.30251582672725874,t-Test,FDR correction BH,0.9111188614740998,False,control,10 µm sulforaphane,0.8108371938978609,0.20268782536482538,Unpaired t-test
1000,P27828,-0.5104141956994814,0.6279898789161933,26.829938641825343,26.972447254753185,0.43208569449748435,0.21717056550555927,-0.14250861292784123,t-Test,FDR correction BH,0.9111188614740998,False,control,10 µm sulforaphane,0.9059424977174041,0.20204735557214867,Unpaired t-test
316,P0A8F8,-0.5081439302115422,0.6294884439507165,26.33120430784432,26.430454618330145,0.2664515425062153,0.20845250756681527,-0.09925031048582511,t-Test,FDR correction BH,0.9111188614740998,False,control,10 µm sulforaphane,0.9335179636229406,0.20101223819234207,Unpaired t-test
670,P0AEC3,-0.5079894580211376,0.6295904788798479,25.486236088693143,25.580833651867273,0.22738387106707095,0.22875691543751378,-0.09459756317412982,t-Test,FDR correction BH,0.9111188614740998,False,control,10 µm sulforaphane,0.9365334550896609,0.20094184831292045,Unpaired t-test
398,P0A9H7,0.507634715148437,0.6298248343334236,28.281130956675486,28.08700075900542,0.4676363169160077,0.46909896554739855,0.19413019767006645,t-Test,FDR correction BH,0.9111188614740998,False,control,10 µm sulforaphane,1.144034213226065,0.20078021889584283,Unpaired t-test
614,P0ADE6,-0.5073771660969844,0.6299950097586982,29.29448908980614,29.359848076413737,0.15934133696625863,0.15617962208747974,-0.06535898660759543,t-Test,FDR correction BH,0.9111188614740998,False,control,10 µm sulforaphane,0.9557074787819072,0.20066289061442488,Unpaired t-test
1048,P31678,-0.5064916873076873,0.6305802792440458,24.913895767467928,25.0853338164039,0.1877053554144152,0.5554059852245466,-0.17143804893597192,t-Test,FDR correction BH,0.9111188614740998,False,control,10 µm sulforaphane,0.8879571423618732,0.2002596154933049,Unpaired t-test
1216,P52647,0.5064023203446587,0.6306393639024419,26.85658977134403,26.737636115400544,0.13157802820090803,0.3849942326768617,0.11895365594348561,t-Test,FDR correction BH,0.9111188614740998,False,control,10 µm sulforaphane,1.0859469716136463,0.20021892449825932,Unpaired t-test
1384,P76578,-0.5056177735607883,0.6311581926768632,25.432475527039696,25.50932893154844,0.1720892961803851,0.19923949798281837,-0.07685340450874278,t-Test,FDR correction BH,0.9111188614740998,False,control,10 µm sulforaphane,0.9481233011773837,0.19986177610261133,Unpaired t-test
821,P0C0S1,0.5051951605848386,0.6314377664154764,27.849737471733373,27.66943898395612,0.4418604467635323,0.4322825039821093,0.18029848777725377,t-Test,FDR correction BH,0.9111188614740998,False,control,10 µm sulforaphane,1.133118298644966,0.199669446429647,Unpaired t-test
136,P09394,0.5050420167523318,0.631539093080852,28.437807036081622,28.261798806124368,0.5184623864886474,0.3091245780501146,0.17600822995725451,t-Test,FDR correction BH,0.9111188614740998,False,control,10 µm sulforaphane,1.129753659312457,0.1995997608904294,Unpaired t-test
1281,P64624,0.503207575649241,0.6327535209278894,26.25801230421812,26.099981668981897,0.10516979541000021,0.5336807484768585,0.15803063523622285,t-Test,FDR correction BH,0.9111188614740998,False,control,10 µm sulforaphane,1.1157630149971143,0.19876542955129775,Unpaired t-test
500,P0ABD3,0.5028828932691665,0.632968596453138,28.639418338535222,28.270769200633026,0.9286379595009321,0.865917545881045,0.3686491379021959,t-Test,FDR correction BH,0.9111188614740998,False,control,10 µm sulforaphane,1.2911433072598504,0.19861783615236092,Unpaired t-test
276,P0A7Y0,-0.5028197730774859,0.6330104129834735,28.38531665831477,28.48132303447441,0.25456966252581004,0.21110165695080554,-0.09600637615963947,t-Test,FDR correction BH,0.9111188614740998,False,control,10 µm sulforaphane,0.9356193627429493,0.1985891458056043,Unpaired t-test
287,P0A823,0.5020059521370962,0.6335496946947801,24.752270328292163,24.6689246050774,0.2640286880230056,0.11393911049856108,0.0833457232147623,t-Test,FDR correction BH,0.9111188614740998,False,control,10 µm sulforaphane,1.0594721930794762,0.1982193140318965,Unpaired t-test
95,P07118,-0.5016048150050485,0.6338156006221379,29.155968204166207,29.227765874939276,0.16369415894056877,0.18619319035013737,-0.0717976707730692,t-Test,FDR correction BH,0.9111188614740998,False,control,10 µm sulforaphane,0.9514517023044623,0.19803707536861903,Unpaired t-test
251,P0A7K6,-0.5000171268129173,0.6348686355235342,30.202429389787138,30.46167666473968,0.7195603580420228,0.5372964145120538,-0.25924727495254274,t-Test,FDR correction BH,0.9111188614740998,False,control,10 µm sulforaphane,0.8355237396038605,0.1973161278878805,Unpaired t-test
1091,P36655,0.4997854848268296,0.6350223505210686,27.50952161273003,27.062507452173776,1.1275529111092903,1.062329131532542,0.44701416055625387,t-Test,FDR correction BH,0.9111188614740998,False,control,10 µm sulforaphane,1.363215987658398,0.19721098882275662,Unpaired t-test
478,P0AB12,0.4986106424851604,0.6358022693867709,25.83690400525183,25.576193595827505,0.5974855487213881,0.6805893404478175,0.2607104094243269,t-Test,FDR correction BH,0.9111188614740998,False,control,10 µm sulforaphane,1.1980685102380075,0.1966779262790739,Unpaired t-test
277,P0A7Y4,0.49789724499214916,0.6362761080580743,25.560003189524735,25.474739425374477,0.27935300270924,0.09969572082131312,0.08526376415025894,t-Test,FDR correction BH,0.9111188614740998,False,control,10 µm sulforaphane,1.0608816818541522,0.19635438406119515,Unpaired t-test
915,P22524,-0.49750960556006724,0.6365336572946421,27.0179074044771,27.22546714838709,0.7012039563738169,0.17456853721460613,-0.20755974390998944,t-Test,FDR correction BH,0.9111188614740998,False,control,10 µm sulforaphane,0.8660007959675939,0.19617862768843455,Unpaired t-test
905,P21888,-0.496728207866562,0.6370529902916715,28.32726946222846,28.49135441876927,0.44653255586865687,0.3577223875785974,-0.16408495654080824,t-Test,FDR correction BH,0.9111188614740998,False,control,10 µm sulforaphane,0.8924944132618147,0.19582444139446142,Unpaired t-test
370,P0A948,0.49629356340688063,0.6373419617518608,26.363746634318108,25.996702479936637,0.7248691687792461,1.0561528947217529,0.3670441543814711,t-Test,FDR correction BH,0.9111188614740998,False,control,10 µm sulforaphane,1.2897077221822393,0.19562748720449485,Unpaired t-test
494,P0ABA4,-0.4954702545599948,0.6378895264973952,27.46775917945505,27.664231187675036,0.579442645369859,0.3687406307276686,-0.19647200821998467,t-Test,FDR correction BH,0.9111188614740998,False,control,10 µm sulforaphane,0.8726820280248753,0.1952545284683338,Unpaired t-test
980,P26602,0.4943628133121745,0.6386264563988706,25.648690766872008,25.361706775672513,0.9594837159916164,0.3006271536681862,0.28698399119949514,t-Test,FDR correction BH,0.9111188614740998,False,control,10 µm sulforaphane,1.220086971557012,0.19475309389234327,Unpaired t-test
270,P0A7V3,-0.491979276865513,0.6402140782731862,31.549018619134472,31.744689428349783,0.5033213867420055,0.47033510568380654,-0.19567080921531144,t-Test,FDR correction BH,0.9111188614740998,False,control,10 µm sulforaphane,0.8731668055669717,0.1936747799745568,Unpaired t-test
109,P08194,-0.4914357195869798,0.6405764227486501,26.968549978375492,27.189336791723235,0.24663163512254221,0.738038362617914,-0.2207868133477433,t-Test,FDR correction BH,0.9111188614740998,False,control,10 µm sulforaphane,0.8580973218674364,0.1934290501533021,Unpaired t-test
807,P0AGK4,0.49137552255295086,0.640616557788741,27.274979961493045,26.870714214558472,1.3678948919704945,0.3993507087539025,0.4042657469345734,t-Test,FDR correction BH,0.9111188614740998,False,control,10 µm sulforaphane,1.3234151928367754,0.1934018404718366,Unpaired t-test
1297,P68699,0.4912925792161757,0.6406718606039198,30.551649136096906,30.498272521524825,0.10802627772312594,0.15408344149357475,0.05337661457208043,t-Test,FDR correction BH,0.9111188614740998,False,control,10 µm sulforaphane,1.0376907896952063,0.19336435054039572,Unpaired t-test
456,P0AAI3,0.49126524336845345,0.6406900874480022,28.937028286300773,28.8288463503219,0.2679470532277861,0.2714458137158883,0.10818193597887316,t-Test,FDR correction BH,0.9111188614740998,False,control,10 µm sulforaphane,1.077869064827991,0.19335199522140087,Unpaired t-test
118,P08395,-0.4911738279133098,0.6407510429293668,26.60652269462972,26.74080478203108,0.07707143426201381,0.4672114290316854,-0.13428208740135972,t-Test,FDR correction BH,0.9111188614740998,False,control,10 µm sulforaphane,0.9111231130600775,0.19331067825632017,Unpaired t-test
320,P0A8G9,0.49112544773038197,0.640783303895459,27.70560320111477,27.608141053066547,0.09972796532585476,0.32893377156646947,0.09746214804822273,t-Test,FDR correction BH,0.9111188614740998,False,control,10 µm sulforaphane,1.0698897578626414,0.19328881265499254,Unpaired t-test
247,P0A7J0,0.4887929234984138,0.6423397010740655,27.452282700103645,26.864557316066133,1.0250394599185475,1.8128990022047407,0.5877253840375118,t-Test,FDR correction BH,0.9111188614740998,False,control,10 µm sulforaphane,1.5028753795904688,0.19223523472800624,Unpaired t-test
1101,P36979,0.48845959365447233,0.6425622811628171,27.57573642261861,27.51505703568406,0.1949455255785594,0.0910634262816812,0.060679386934552326,t-Test,FDR correction BH,0.9111188614740998,False,control,10 µm sulforaphane,1.0429567893562568,0.19208477141387081,Unpaired t-test
492,P0AB91,0.4882292177141457,0.6427161378317396,28.431082668905308,28.290988183628567,0.3643737760398211,0.33799773965845453,0.14009448527674095,t-Test,FDR correction BH,0.9111188614740998,False,control,10 µm sulforaphane,1.1019772844335551,0.19198079533888388,Unpaired t-test
457,P0AAI5,-0.48635256791622056,0.6439701820600681,27.970139987176523,28.274298960792958,1.024929297234975,0.35049924794005594,-0.30415897361643474,t-Test,FDR correction BH,0.9111188614740998,False,control,10 µm sulforaphane,0.8099142225543995,0.191134241439222,Unpaired t-test
296,P0A858,0.48567639669659024,0.6444223389159972,31.037326517513044,30.73288461347784,1.0255150116060756,0.35652219989999673,0.30444190403520466,t-Test,FDR correction BH,0.9111188614740998,False,control,10 µm sulforaphane,1.2349408169408742,0.19082941316313448,Unpaired t-test
883,P18133,-0.4855208715388202,0.6445263624444657,24.814657648597198,25.00179001425657,0.5474540126846474,0.3820388723313164,-0.18713236565937308,t-Test,FDR correction BH,0.9111188614740998,False,control,10 µm sulforaphane,0.8783498769207212,0.1907593144160666,Unpaired t-test
308,P0A8A8,0.48544450568936004,0.6445774432295168,28.333862840770326,28.070525725790034,0.5731182137437332,0.7445424326385968,0.2633371149802919,t-Test,FDR correction BH,0.9111188614740998,False,control,10 µm sulforaphane,1.2002518128067183,0.1907248965468571,Unpaired t-test
1405,P77454,0.4852211793364619,0.6447268374548161,28.490312088619348,28.36260988971445,0.3062050017270621,0.3376908801185818,0.12770219890489898,t-Test,FDR correction BH,0.9111188614740998,False,control,10 µm sulforaphane,1.0925521912111877,0.19062425143315034,Unpaired t-test
957,P24554,0.4844866395688334,0.6452183362029587,26.462925311640138,26.396372417399277,0.1624296931728047,0.17385736677043187,0.06655289424086064,t-Test,FDR correction BH,0.9111188614740998,False,control,10 µm sulforaphane,1.0472115353774318,0.1902932990657639,Unpaired t-test
668,P0AEB7,-0.4803530285269354,0.6479878948894131,26.227697678867575,26.426652026661877,0.6888588817386913,0.20029381073768493,-0.19895434779430232,t-Test,FDR correction BH,0.9137646940906093,False,control,10 µm sulforaphane,0.8711817591182908,0.18843310714149822,Unpaired t-test
1312,P69797,0.4795460089891056,0.6485293283999078,30.307849983889284,30.195445494976706,0.2477541955978749,0.32162824106177246,0.1124044889125777,t-Test,FDR correction BH,0.9137646940906093,False,control,10 µm sulforaphane,1.08102844787839,0.1880703790645075,Unpaired t-test
1201,P46130,-0.47886293896596405,0.6489877875733443,28.258380168989678,28.38785611403396,0.34352913683430586,0.3182877591061533,-0.1294759450442804,t-Test,FDR correction BH,0.9137646940906093,False,control,10 µm sulforaphane,0.9141634572553531,0.18776347552537706,Unpaired t-test
1259,P63204,-0.477416027496851,0.649959474077894,25.709871941601367,25.84101142407454,0.42834805009578863,0.20706300239060327,-0.13113948247317353,t-Test,FDR correction BH,0.9138932028015369,False,control,10 µm sulforaphane,0.9131099645534829,0.18711372140796267,Unpaired t-test
1397,P77318,0.47606257725597995,0.6508690790508705,25.69377042384626,25.58867541907064,0.2663496092267588,0.2743378084743762,0.10509500477562028,t-Test,FDR correction BH,0.9138932028015369,False,control,10 µm sulforaphane,1.0755652165604161,0.18650636007059065,Unpaired t-test
874,P16528,-0.47568281960144077,0.6511244189088023,25.61963567858393,25.770774973190683,0.3970132286093528,0.3811035671526591,-0.1511392946067538,t-Test,FDR correction BH,0.9138932028015369,False,control,10 µm sulforaphane,0.900539027108772,0.18633601714198894,Unpaired t-test
696,P0AES6,0.4737997931600564,0.6523912859292345,28.249672538664942,28.117360110390003,0.4146913934259344,0.24897048278894715,0.13231242827493972,t-Test,FDR correction BH,0.9138932028015369,False,control,10 µm sulforaphane,1.096049099802026,0.18549184851791004,Unpaired t-test
653,P0AE22,-0.4735009280030419,0.6525924741696332,26.591684356540746,26.67413684605079,0.25037731649644707,0.16816326016087965,-0.08245248951004314,t-Test,FDR correction BH,0.9138932028015369,False,control,10 µm sulforaphane,0.944450775271248,0.18535793889237628,Unpaired t-test
571,P0ACJ0,-0.470269580937443,0.6547697748044747,29.400494476096945,29.44765845095857,0.04734056121992149,0.16713449878734876,-0.04716397486162549,t-Test,FDR correction BH,0.9138932028015369,False,control,10 µm sulforaphane,0.9678370175322702,0.18391137650902623,Unpaired t-test
705,P0AEX9,0.47001471372489456,0.6549416645891518,26.996709648322653,26.87292560646302,0.14893857246762532,0.43115660837254877,0.12378404185963277,t-Test,FDR correction BH,0.9138932028015369,False,control,10 µm sulforaphane,1.089588998582486,0.18379738073382867,Unpaired t-test
162,P0A6I0,0.4682903943624608,0.6561052034593855,28.682700341665534,28.63775690997825,0.08336365132791168,0.14381653204918882,0.04494343168728321,t-Test,FDR correction BH,0.9138932028015369,False,control,10 µm sulforaphane,1.0316427276252191,0.18302651791296917,Unpaired t-test
1187,P45395,-0.46823072456849807,0.6561454864886644,27.276986097459456,27.440643979213156,0.5534240545749115,0.24540359069867101,-0.1636578817537,t-Test,FDR correction BH,0.9138932028015369,False,control,10 µm sulforaphane,0.8927586536405173,0.1829998542617786,Unpaired t-test
985,P26648,-0.4670175245637975,0.6569647913834555,25.77481668619624,25.9568139018902,0.6002209937214813,0.308764414720766,-0.18199721569396132,t-Test,FDR correction BH,0.9138932028015369,False,control,10 µm sulforaphane,0.8814818591072334,0.18245790489625432,Unpaired t-test
1393,P77247,0.4662971321253217,0.6574515381833812,27.28737789381455,27.139986960761842,0.4537886591059962,0.3062853980506797,0.14739093305270856,t-Test,FDR correction BH,0.9138932028015369,False,control,10 µm sulforaphane,1.1075646652116646,0.18213625420735224,Unpaired t-test
1403,P77434,-0.46611891683214646,0.6575719811389718,26.45302019166748,26.59957106505139,0.5032348840341185,0.20810867473470726,-0.1465508733839087,t-Test,FDR correction BH,0.9138932028015369,False,control,10 µm sulforaphane,0.9034077069987836,0.1820567001759988,Unpaired t-test
1186,P43672,0.46556377357102074,0.6579472349059492,26.340668738291757,26.270455101617003,0.1290274352559923,0.22712707117365077,0.07021363667475455,t-Test,FDR correction BH,0.9138932028015369,False,control,10 µm sulforaphane,1.049872138920572,0.1818089339058535,Unpaired t-test
623,P0ADN0,-0.46529672709102116,0.6581277861375366,24.401246254481073,24.51833385291118,0.18018237020465347,0.3968670472158854,-0.11708759843010696,t-Test,FDR correction BH,0.9138932028015369,False,control,10 µm sulforaphane,0.9220471307975305,0.18168977291150684,Unpaired t-test
382,P0A9A6,0.46446436262612656,0.658690713250903,29.654073539547237,29.596005356986232,0.09750453233113021,0.19335003707060178,0.05806818256100499,t-Test,FDR correction BH,0.9138932028015369,False,control,10 µm sulforaphane,1.041070798099911,0.18131845954667367,Unpaired t-test
1178,P41052,0.4632895444482039,0.6594856585148806,26.501379247104747,26.295158334479474,0.2787184627622771,0.7188323443611,0.2062209126252732,t-Test,FDR correction BH,0.9138932028015369,False,control,10 µm sulforaphane,1.153662246024757,0.18079464438686885,Unpaired t-test
347,P0A8U6,-0.4618750713709797,0.6604434139312703,27.01689821110073,27.28655462011395,0.8296198495950271,0.5781889379526836,-0.2696564090132192,t-Test,FDR correction BH,0.9138932028015369,False,control,10 µm sulforaphane,0.8295170793520575,0.1801643863312892,Unpaired t-test
655,P0AE39,-0.4618574900044728,0.6604553229098243,25.51627458350197,25.617393960862866,0.18196482082195492,0.33270681356466314,-0.10111937736089516,t-Test,FDR correction BH,0.9138932028015369,False,control,10 µm sulforaphane,0.9323093383008809,0.18015655529394012,Unpaired t-test
690,P0AEP3,-0.458615523841561,0.6626531722052494,29.059656025208156,29.315324267208346,0.893386310708582,0.36634321642917955,-0.25566824200019056,t-Test,FDR correction BH,0.9144473148692093,False,control,10 µm sulforaphane,0.8375990772372436,0.17871371866712427,Unpaired t-test
928,P23836,-0.45827332601818743,0.6628853762268985,27.18097414278426,27.319935520972493,0.42799895031713936,0.3043991665661513,-0.13896137818823107,t-Test,FDR correction BH,0.9144473148692093,False,control,10 µm sulforaphane,0.9081727297249047,0.17856156175485832,Unpaired t-test
331,P0A8M3,0.4580427132671738,0.6630418854980042,29.492156693303958,29.370388836610392,0.030272078632778303,0.4594589457717174,0.12176785669356605,t-Test,FDR correction BH,0.9144473148692093,False,control,10 µm sulforaphane,1.0880673472347613,0.17845903559812903,Unpaired t-test
567,P0ACF4,0.4550815253834422,0.6650531998706439,31.10879854385135,30.534047730831425,1.6399731454225916,1.4476565360884297,0.574750813019925,t-Test,FDR correction BH,0.9144473148692093,False,control,10 µm sulforaphane,1.4894201834055751,0.17714361261248376,Unpaired t-test
628,P0ADR6,0.45458353123040285,0.6653917510622804,26.594091699718255,26.475724411804595,0.32928239752094546,0.3081818541776698,0.11836728791366014,t-Test,FDR correction BH,0.9144473148692093,False,control,10 µm sulforaphane,1.0855056897192508,0.1769225874322387,Unpaired t-test
1239,P60906,0.4541337886105111,0.6656975737230729,28.837077345821555,28.73512022217278,0.36670070363845453,0.12939656049695153,0.10195712364877352,t-Test,FDR correction BH,0.9144473148692093,False,control,10 µm sulforaphane,1.0732283899774484,0.17672302592440142,Unpaired t-test
782,P0AG59,0.45321224218964695,0.666324440583171,28.94437995258214,28.647392056272576,1.0184693339373405,0.5009554760855778,0.2969878963095631,t-Test,FDR correction BH,0.9144473148692093,False,control,10 µm sulforaphane,1.2285766730877634,0.17631425664671194,Unpaired t-test
1182,P42620,-0.4525029317564362,0.6668071386033925,26.27328843313435,26.41343193368644,0.42229591879622846,0.33079019550382743,-0.1401435005520888,t-Test,FDR correction BH,0.9144473148692093,False,control,10 µm sulforaphane,0.9074288915957408,0.17599975941471815,Unpaired t-test
1285,P66948,0.4512010796230682,0.6676935262353285,26.053762285021435,25.848460596618704,0.7522389398717938,0.23503834438644616,0.20530168840273078,t-Test,FDR correction BH,0.9144473148692093,False,control,10 µm sulforaphane,1.152927415393051,0.1754228345406731,Unpaired t-test
1367,P76273,0.4511389386665515,0.6677358506421588,25.367711802164628,25.301448825582042,0.2502249296146565,0.04591384111412788,0.06626297658258551,t-Test,FDR correction BH,0.9144473148692093,False,control,10 µm sulforaphane,1.0470011134906716,0.17539530593203134,Unpaired t-test
902,P21514,-0.45102692490723406,0.6678121469584266,27.200125408209175,27.312561904206255,0.19289345938206168,0.38630118477030595,-0.1124364959970805,t-Test,FDR correction BH,0.9144473148692093,False,control,10 µm sulforaphane,0.9250245140063236,0.17534568574729784,Unpaired t-test
415,P0A9P0,-0.4480943199917875,0.6698111875700272,29.552027680856302,29.662294800206443,0.41327927373680395,0.10424283544346269,-0.11026711935014077,t-Test,FDR correction BH,0.9163169131752691,False,control,10 µm sulforaphane,0.9264165171898177,0.17404760290043367,Unpaired t-test
493,P0ABA0,0.445331293539129,0.6716973487364946,29.80544536362125,29.666650572300508,0.4884728770024532,0.22978694955081636,0.13879479132074124,t-Test,FDR correction BH,0.9164784795832961,False,control,10 µm sulforaphane,1.10098498305677,0.17282636590613518,Unpaired t-test
448,P0AAB4,-0.44280872271397587,0.6734216551938826,26.696279078050374,26.791614433452676,0.29626665166283417,0.2264605176445084,-0.09533535540230176,t-Test,FDR correction BH,0.9164784795832961,False,control,10 µm sulforaphane,0.9360546356334919,0.17171292213267572,Unpaired t-test
574,P0ACL0,-0.4427865178025617,0.6734368430694135,26.47460409066301,26.65147857539739,0.4217797801729138,0.5484534468132117,-0.1768744847343804,t-Test,FDR correction BH,0.9164784795832961,False,control,10 µm sulforaphane,0.8846173941857896,0.171703127472667,Unpaired t-test
612,P0ADC6,0.4411302807080629,0.6745701632319587,26.45519055353299,26.319411670564726,0.4871438810684624,0.21658508639513288,0.13577888296826401,t-Test,FDR correction BH,0.9164784795832961,False,control,10 µm sulforaphane,1.098685812781025,0.17097287190798535,Unpaired t-test
1249,P62399,0.439927773421918,0.6753935945137226,31.217822379642122,31.04277722891268,0.41434857320956175,0.5507059448473678,0.17504515072944216,t-Test,FDR correction BH,0.9164784795832961,False,control,10 µm sulforaphane,1.128999737542844,0.17044306256429675,Unpaired t-test
589,P0ACY1,-0.4398835224499782,0.6754239052979849,28.260122411762744,28.47471996960273,0.680807091585594,0.50049686269677,-0.21459755783998702,t-Test,FDR correction BH,0.9164784795832961,False,control,10 µm sulforaphane,0.8617865229568751,0.17042357243131975,Unpaired t-test
572,P0ACJ8,0.4398773485067585,0.675428134344231,29.536410697072135,29.44233960125583,0.13585446156440772,0.344599378016389,0.0940710958163038,t-Test,FDR correction BH,0.9164784795832961,False,control,10 µm sulforaphane,1.0673779369841485,0.17042085318243905,Unpaired t-test
359,P0A905,-0.43962210346004654,0.6756029842261426,29.758984413958753,29.981189646320697,0.7675477223193203,0.4210670510053056,-0.22220523236194367,t-Test,FDR correction BH,0.9164784795832961,False,control,10 µm sulforaphane,0.8572540782237782,0.17030844076165044,Unpaired t-test
693,P0AES0,-0.43957754158491047,0.675633512611199,27.856574555279355,27.895572372598746,0.12964904657405074,0.08248042712238883,-0.038997817319391004,t-Test,FDR correction BH,0.9164784795832961,False,control,10 µm sulforaphane,0.9733308467277682,0.17028881679618668,Unpaired t-test
1172,P39836,-0.43834264182489124,0.6764797846803747,24.578573601203306,24.784090451229357,0.572173468467839,0.5762619744239512,-0.2055168500260507,t-Test,FDR correction BH,0.91676641860152,False,control,10 µm sulforaphane,0.8672279443603873,0.16974517694210067,Unpaired t-test
1306,P69490,0.4372494996411569,0.6772293430941292,25.885870878723736,25.745054246267138,0.3875600169958584,0.40118293313722164,0.14081663245659826,t-Test,FDR correction BH,0.9169228746386805,False,control,10 µm sulforaphane,1.1025290219573485,0.16926423297925536,Unpaired t-test
126,P09127,-0.4320894667420973,0.6807729924729446,27.908976160277476,27.976941581245846,0.15827217228419665,0.2217540760802847,-0.06796542096837044,t-Test,FDR correction BH,0.9201734584777987,False,control,10 µm sulforaphane,0.9539824156658694,0.16699768184918368,Unpaired t-test
570,P0ACI0,-0.4310103549402785,0.6815152060934644,27.518780595340875,27.579403994744744,0.0910454673095866,0.2259679203251795,-0.06062339940386963,t-Test,FDR correction BH,0.9201734584777987,False,control,10 µm sulforaphane,0.9588497036097888,0.16652444966231078,Unpaired t-test
584,P0ACS9,0.43097538814146474,0.6815392628144692,24.327281530078572,24.254389771931137,0.2529865940252624,0.14769817646077785,0.07289175814743487,t-Test,FDR correction BH,0.9201734584777987,False,control,10 µm sulforaphane,1.0518228605669688,0.1665091198256469,Unpaired t-test
1086,P34209,-0.4243453404615192,0.6861080387667247,25.041217502285228,25.239841116315027,0.6181449816444521,0.5245638942022081,-0.198623614029799,t-Test,FDR correction BH,0.924675849028022,False,control,10 µm sulforaphane,0.8713814979705928,0.16360749224394688,Unpaired t-test
157,P0A6G3,-0.42428025176530754,0.6861529640436153,26.769136049908333,26.917991217328293,0.5955419188352639,0.12082769880474106,-0.14885516741995986,t-Test,FDR correction BH,0.924675849028022,False,control,10 µm sulforaphane,0.9019659224618923,0.16357905625426478,Unpaired t-test
166,P0A6K1,-0.41833330123940793,0.6902635555399795,27.169362653447358,27.253576018729273,0.1648559525349524,0.3072391190394668,-0.08421336528191503,t-Test,FDR correction BH,0.9291978687997817,False,control,10 µm sulforaphane,0.943298732786446,0.16098505583914335,Unpaired t-test
1260,P63224,-0.41604912813641237,0.6918454912348713,29.413030428241864,29.49382233383534,0.24561410939628645,0.22978487410396048,-0.08079190559347538,t-Test,FDR correction BH,0.9291978687997817,False,control,10 µm sulforaphane,0.9455384914355521,0.1599908850179089,Unpaired t-test
140,P09832,0.4157912023529406,0.692024228610137,26.250926761622825,26.068071759722372,0.3787770262024289,0.6608606653523493,0.18285500190045312,t-Test,FDR correction BH,0.9291978687997817,False,control,10 µm sulforaphane,1.135128010344966,0.15987870009890062,Unpaired t-test
1273,P64483,0.41571230016695926,0.6920789105790905,28.27781165632394,28.12789284949869,0.4496139670773468,0.4336032400634838,0.1499188068252515,t-Test,FDR correction BH,0.9291978687997817,False,control,10 µm sulforaphane,1.109507028564214,0.1598443846252685,Unpaired t-test
1430,Q46829,-0.41083829421856694,0.6954606990028416,27.696892523738363,27.764263051153087,0.1800239972373185,0.2196877523154022,-0.06737052741472382,t-Test,FDR correction BH,0.9296654278375514,False,control,10 µm sulforaphane,0.9543758702748104,0.15772740728007076,Unpaired t-test
729,P0AFA9,0.41037118478878487,0.6957852040416048,26.14735630840474,25.983197540627256,0.37063476585916294,0.5853973645946372,0.16415876777748295,t-Test,FDR correction BH,0.9296654278375514,False,control,10 µm sulforaphane,1.120512519181482,0.15752481081609263,Unpaired t-test
1219,P55138,-0.4103281102756768,0.6958151318417592,27.699496362921508,28.215765094974834,1.604271997708825,1.4749240382577686,-0.5162687320533266,t-Test,FDR correction BH,0.9296654278375514,False,control,10 µm sulforaphane,0.6991777927865356,0.15750613091478846,Unpaired t-test
558,P0ACB7,-0.4093246424625548,0.6965125024047831,27.392607054500633,27.469456661611034,0.27078779119280466,0.18005873336867015,-0.07684960711040034,t-Test,FDR correction BH,0.9296654278375514,False,control,10 µm sulforaphane,0.948125796789061,0.15707108358075608,Unpaired t-test
1355,P76055,-0.4072174406030586,0.6979779822777493,26.110907560993617,26.280102912127795,0.5508797584397721,0.4630667800366342,-0.16919535113417794,t-Test,FDR correction BH,0.9296654278375514,False,control,10 µm sulforaphane,0.8893385626395814,0.15615827698442547,Unpaired t-test
293,P0A847,-0.406959317165108,0.6981575957607099,26.469253195970577,26.539749283865795,0.2662691297620125,0.13828551291154897,-0.07049608789521855,t-Test,FDR correction BH,0.9296654278375514,False,control,10 µm sulforaphane,0.9523104784212542,0.15604653261492069,Unpaired t-test
222,P0A794,0.4061681857466041,0.6987082327161808,28.820817484586094,28.57162527817486,0.5359711889135893,0.9175807100451722,0.24919220641123374,t-Test,FDR correction BH,0.9296654278375514,False,control,10 µm sulforaphane,1.1885414407145352,0.15570413952489814,Unpaired t-test
1332,P75838,0.40590910512075934,0.6988885996302352,26.789365676993604,26.63789764809178,0.4413888028204782,0.4721392752544729,0.15146802890182443,t-Test,FDR correction BH,0.9296654278375514,False,control,10 µm sulforaphane,1.110699100319297,0.1555920437414595,Unpaired t-test
475,P0AAY6,-0.40556401057904495,0.699128881217435,27.25713261872692,27.289055556983623,0.12954925221341282,0.04247284050513271,-0.03192293825670234,t-Test,FDR correction BH,0.9296654278375514,False,control,10 µm sulforaphane,0.978115718230334,0.15544275666904306,Unpaired t-test
66,P06282,0.4048264598045092,0.6996425492775671,25.918062551180704,25.867658952550055,0.20396449322925805,0.0700301782216908,0.05040359863064836,t-Test,FDR correction BH,0.9296654278375514,False,control,10 µm sulforaphane,1.0355545830861164,0.1551237864510219,Unpaired t-test
54,P05041,0.40429752768034155,0.7000110319218387,25.47241100322573,25.355576052533316,0.44731909082787424,0.2245850844548439,0.11683495069241445,t-Test,FDR correction BH,0.9296654278375514,False,control,10 µm sulforaphane,1.0843533479694392,0.15489511560713445,Unpaired t-test
1351,P76027,-0.40341981885226175,0.700622688676628,26.692279714224988,26.855247539306617,0.44903024904879,0.5365976421961307,-0.16296782508162977,t-Test,FDR correction BH,0.9296654278375514,False,control,10 µm sulforaphane,0.8931857719185938,0.15451580277694388,Unpaired t-test
246,P0A7I7,-0.403186761621203,0.7007851426991224,27.44807985257796,27.494222157804362,0.07122001426809721,0.1849864754220381,-0.046142305226403835,t-Test,FDR correction BH,0.9296654278375514,False,control,10 µm sulforaphane,0.9685226509258096,0.15441511419183865,Unpaired t-test
645,P0ADZ0,-0.4021869050620789,0.7014822957433007,29.05991583181177,29.52462532455128,1.354936838824788,1.4728834515006692,-0.4647094927395088,t-Test,FDR correction BH,0.9297373048990035,False,control,10 µm sulforaphane,0.7246169745692437,0.15398328537406317,Unpaired t-test
1160,P39321,0.3998471896951194,0.7031149132839287,25.43451519243085,25.374144654553373,0.10175058216728919,0.24090526348299104,0.06037053787747837,t-Test,FDR correction BH,0.9303887652589079,False,control,10 µm sulforaphane,1.0427335393031834,0.15297369044719478,Unpaired t-test
1223,P60293,0.39963843416112277,0.7032606641963944,26.410232519410876,26.334376969196008,0.24589867843196078,0.21821516542892236,0.07585555021486812,t-Test,FDR correction BH,0.9303887652589079,False,control,10 µm sulforaphane,1.053985887711239,0.15288367350114362,Unpaired t-test
888,P19323,0.39848326191651967,0.7040674429331253,25.949722092515856,25.734806444561894,0.517574864852964,0.7776634041397725,0.214915647953962,t-Test,FDR correction BH,0.9306046823412242,False,control,10 µm sulforaphane,1.1606360518867616,0.15238573760391144,Unpaired t-test
771,P0AG16,-0.3963433660173538,0.7055630729326454,26.44984049843018,26.53687741132306,0.2633390767856079,0.27445347601524833,-0.08703691289288074,t-Test,FDR correction BH,0.931571816143064,False,control,10 µm sulforaphane,0.9414543761177089,0.1514641569596378,Unpaired t-test
419,P0A9Q5,-0.39559333931105395,0.7060876282799433,27.869064024231903,27.942507934916264,0.1950958325511459,0.255618926585788,-0.07344391068436096,t-Test,FDR correction BH,0.931571816143064,False,control,10 µm sulforaphane,0.9503666327579698,0.15114139793281342,Unpaired t-test
1098,P36929,-0.39167017470652465,0.7088342980881461,25.770098178156786,25.924138158802833,0.6006986523454565,0.32123559519810574,-0.15403998064604707,t-Test,FDR correction BH,0.9342846148253967,False,control,10 µm sulforaphane,0.898730220229783,0.14945527657523078,Unpaired t-test
289,P0A832,-0.3908116096056619,0.7094360353238489,28.320640267239327,28.395765946942443,0.22356255543992956,0.24673223588916068,-0.07512567970311679,t-Test,FDR correction BH,0.9342846148253967,False,control,10 µm sulforaphane,0.9492594230582154,0.14908675560917004,Unpaired t-test
437,P0AA04,-0.38922298117125925,0.7105500531227524,28.004413525365536,28.334513684007113,1.3486228959800308,0.5822706015318588,-0.33010015864157793,t-Test,FDR correction BH,0.9349002518794359,False,control,10 µm sulforaphane,0.7954812558062045,0.14840532374726437,Unpaired t-test
647,P0ADZ7,-0.3861451031713542,0.7127106288310242,30.26912235066902,30.294426183014643,0.08349393959051003,0.07688331300792128,-0.0253038323456245,t-Test,FDR correction BH,0.9368905175360555,False,control,10 µm sulforaphane,0.9826136377964211,0.1470867644130328,Unpaired t-test
1350,P76007,-0.38453577496954894,0.7138414934942476,25.15330114017292,25.210149856254844,0.2224995963571569,0.12673396410288995,-0.0568487160819231,t-Test,FDR correction BH,0.9375247952703744,False,control,10 µm sulforaphane,0.961361733437907,0.14639821139319062,Unpaired t-test
1373,P76402,-0.3829820430077255,0.7149340473428929,27.500538404604914,27.73825887542617,1.0372215941171121,0.28286221443634996,-0.23772047082125525,t-Test,FDR correction BH,0.9381076519580973,False,control,10 µm sulforaphane,0.8480842691658806,0.14573402001173097,Unpaired t-test
593,P0AD01,-0.3797862715530309,0.7171835768736721,26.685498225660496,26.740284771557,0.08130905341517217,0.23625926576744385,-0.05478654589650489,t-Test,FDR correction BH,0.9397120381818885,False,control,10 µm sulforaphane,0.9627368744049416,0.144369664110976,Unpaired t-test
727,P0AF98,0.3793988558692382,0.7174564938816078,26.60912076628531,26.530049121435134,0.2223804259262902,0.28434987698994413,0.07907164485017759,t-Test,FDR correction BH,0.9397120381818885,False,control,10 µm sulforaphane,1.0563380822483919,0.14420442914450607,Unpaired t-test
801,P0AGE9,0.373916934232982,0.7213231441823951,27.34849754194478,27.20747107686392,0.5649911218022873,0.32792339302454376,0.14102646508085925,t-Test,FDR correction BH,0.9427882711198126,False,control,10 µm sulforaphane,1.1026893908338935,0.14187013292923586,Unpaired t-test
503,P0ABE2,-0.37357641242676903,0.7215636293217467,26.836592266731362,27.008764093927475,0.6794107126473865,0.4190666845168287,-0.17217182719611301,t-Test,FDR correction BH,0.9427882711198126,False,control,10 µm sulforaphane,0.8875056276905998,0.14172536568639313,Unpaired t-test
1382,P76569,-0.3732967709445498,0.7217611453178647,27.802911692153153,28.094092307708966,0.8671481247860432,1.036035060532078,-0.2911806155558132,t-Test,FDR correction BH,0.9427882711198126,False,control,10 µm sulforaphane,0.8172330100979666,0.14160650109091968,Unpaired t-test
1180,P41409,0.37198117005776593,0.7226906940206901,26.650483091853292,26.460340999210196,0.39047354651465915,0.7945978081779598,0.19014209264309656,t-Test,FDR correction BH,0.943150490572128,False,control,10 µm sulforaphane,1.1408760764918542,0.14104753759067554,Unpaired t-test
196,P0A6X7,-0.3692851863224742,0.724597183263441,30.20253892413117,30.304574518621212,0.3439232041074824,0.3327932029644608,-0.10203559449004374,t-Test,FDR correction BH,0.9442099945615233,False,control,10 µm sulforaphane,0.9317174414831111,0.13990335853709085,Unpaired t-test
414,P0A9N8,0.3677886666649892,0.7256563965184024,26.22966766016192,26.098840467995434,0.38733458491034517,0.4791315383442624,0.13082719216648542,t-Test,FDR correction BH,0.9442099945615233,False,control,10 µm sulforaphane,1.0949213118813792,0.13926897216494694,Unpaired t-test
211,P0A738,-0.3676850165755754,0.7257297830968029,27.27231200849301,27.411846088998043,0.2347566643066124,0.6139505676179302,-0.13953408050503313,t-Test,FDR correction BH,0.9442099945615233,False,control,10 µm sulforaphane,0.9078122866710943,0.13922505361794696,Unpaired t-test
582,P0ACR9,-0.3671417737661436,0.7261144633142559,30.023015206926445,30.107296825368902,0.28646591498786506,0.27574033879811144,-0.08428161844245707,t-Test,FDR correction BH,0.9442099945615233,False,control,10 µm sulforaphane,0.9432541068640709,0.13899491254040416,Unpaired t-test
622,P0ADM4,-0.3646582908454081,0.7278741766785273,26.084431281791243,26.13775171509806,0.23563563568106363,0.0928275186526756,-0.05332043330681557,t-Test,FDR correction BH,0.9445161079904998,False,control,10 µm sulforaphane,0.9637157355300398,0.1379436881278471,Unpaired t-test
1284,P66817,-0.36206246679204973,0.7297154362844342,25.945107920726628,26.212749076268643,0.8483028583804993,0.9590037988521518,-0.26764115554201595,t-Test,FDR correction BH,0.9445161079904998,False,control,10 µm sulforaphane,0.830676614272848,0.13684646665367237,Unpaired t-test
1310,P69783,-0.36131780124628654,0.7302440048799628,32.23007278019689,32.36854182222153,0.6569567570113168,0.09492780823226171,-0.1384690420246386,t-Test,FDR correction BH,0.9445161079904998,False,control,10 µm sulforaphane,0.9084827069322228,0.1365319997884943,Unpaired t-test
1335,P75864,-0.36091426509329283,0.7305305054157545,26.655015039279043,26.70111320941266,0.12298933331147684,0.18388988776603166,-0.046098170133618055,t-Test,FDR correction BH,0.9445161079904998,False,control,10 µm sulforaphane,0.9685522805354648,0.13636164412788399,Unpaired t-test
1299,P68919,0.36046311886679405,0.7308508643212135,31.345517987070565,31.103818740571903,0.7063960025210942,0.9218529271618574,0.24169924649866203,t-Test,FDR correction BH,0.9445161079904998,False,control,10 µm sulforaphane,1.1823844870636746,0.13617123509437737,Unpaired t-test
563,P0ACE0,-0.359251838732639,0.7317112884165655,28.7923735488448,28.824111381147194,0.1325439964702038,0.07646048420211433,-0.0317378323023938,t-Test,FDR correction BH,0.9445161079904998,False,control,10 µm sulforaphane,0.9782412240746092,0.13566024487202283,Unpaired t-test
355,P0A8Z0,0.3570334948573914,0.733288181107874,26.657687464213527,26.481222421022423,0.26358093794254356,0.8144842309213455,0.17646504319110434,t-Test,FDR correction BH,0.9445161079904998,False,control,10 µm sulforaphane,1.1301114398017869,0.13472531476028382,Unpaired t-test
371,P0A951,-0.35456510430114835,0.7350444950764565,27.019670079922534,27.168243555535692,0.643961443913393,0.3347723205511572,-0.14857347561315848,t-Test,FDR correction BH,0.9445161079904998,False,control,10 µm sulforaphane,0.9021420520038169,0.13368637060112748,Unpaired t-test
839,P11875,0.3537349405151614,0.7356355702082703,28.920526515502793,28.875273049963237,0.2082631937653212,0.07566394315129829,0.045253465539556004,t-Test,FDR correction BH,0.9445161079904998,False,control,10 µm sulforaphane,1.0318644505323626,0.13333727947244783,Unpaired t-test
651,P0AE12,-0.3527683892939509,0.736324002893218,26.262130407881816,26.377001929888436,0.5168001510571626,0.225875651722142,-0.1148715220066201,t-Test,FDR correction BH,0.9445161079904998,False,control,10 µm sulforaphane,0.9234645454260137,0.13293104204106973,Unpaired t-test
390,P0A9D2,0.352746708118856,0.7363394485371584,26.106471637337137,25.837736760926113,1.0596908964718232,0.7862786060608178,0.268734876411024,t-Test,FDR correction BH,0.9445161079904998,False,control,10 µm sulforaphane,1.2047508979777601,0.1329219320737836,Unpaired t-test
1359,P76192,0.3525719795710583,0.7364639298794904,25.84781444085165,25.747326004584522,0.3647031839083065,0.33270540405653487,0.10048843626712767,t-Test,FDR correction BH,0.9445161079904998,False,control,10 µm sulforaphane,1.0721363816847231,0.132848518933923,Unpaired t-test
700,P0AEU0,-0.35107554955478215,0.7375303857167554,26.555853044475445,26.677716827553414,0.4927887777012115,0.34442247212198546,-0.12186378307796986,t-Test,FDR correction BH,0.9445161079904998,False,control,10 µm sulforaphane,0.9189996498367926,0.1322200823636681,Unpaired t-test
207,P0A722,0.3503350161496132,0.7380583763293065,27.777809296218145,27.572943183419085,0.9531653341832677,0.34256498520262335,0.20486611279905986,t-Test,FDR correction BH,0.9445161079904998,False,control,10 µm sulforaphane,1.1525793783937612,0.13190928653055833,Unpaired t-test
708,P0AEZ3,0.350036371017888,0.7382713507292848,29.809306612610982,29.76176344533252,0.10625572413527758,0.2098899610729092,0.047543167278462306,t-Test,FDR correction BH,0.9445161079904998,False,control,10 µm sulforaphane,1.0335034231791174,0.1317839844308395,Unpaired t-test
605,P0AD70,0.34955663365814327,0.7386135216807255,25.157590997292893,25.03836386489537,0.38776406659961454,0.44569923808213896,0.1192271323975227,t-Test,FDR correction BH,0.9445161079904998,False,control,10 µm sulforaphane,1.0861528426177034,0.1315827460519879,Unpaired t-test
1082,P33650,-0.34935700025940014,0.738755928823742,25.93554849836658,26.19342806681652,0.8389665804829974,0.9647553469265627,-0.2578795684499404,t-Test,FDR correction BH,0.9445161079904998,False,control,10 µm sulforaphane,0.8363162099923735,0.13149902070276517,Unpaired t-test
831,P10121,0.34917248137274715,0.7388875642308015,26.97709797692909,26.907701393961155,0.31840080713883423,0.130845975626616,0.06939658296793638,t-Test,FDR correction BH,0.9445161079904998,False,control,10 µm sulforaphane,1.0492777242721412,0.13142164272718584,Unpaired t-test
1092,P36659,0.34886623033408254,0.7391060645165737,29.07504184387702,28.892209884079765,0.2558755074970415,0.8709136302108841,0.1828319597972552,t-Test,FDR correction BH,0.9445161079904998,False,control,10 µm sulforaphane,1.1351098807145568,0.13129323423170824,Unpaired t-test
1421,P77754,-0.34776401449295113,0.7398926809383949,26.331428772919907,26.535461352940743,0.9096632002216438,0.4529434732104222,-0.20403258002083646,t-Test,FDR correction BH,0.9445161079904998,False,control,10 µm sulforaphane,0.8681206228290436,0.13083126872344375,Unpaired t-test
39,P03024,-0.34751994961620053,0.740066908957978,26.51057020667974,27.087961477939047,2.163722643303038,1.8972808360835052,-0.5773912712593052,t-Test,FDR correction BH,0.9445161079904998,False,control,10 µm sulforaphane,0.6701745140691421,0.13072901421816668,Unpaired t-test
1177,P40874,0.34519961541331917,0.7417241442149678,26.527997299327097,26.45692441635267,0.3490035583127515,0.07326418793868236,0.07107288297442693,t-Test,FDR correction BH,0.9455800175544379,False,control,10 µm sulforaphane,1.0504976123686125,0.12975758383212352,Unpaired t-test
465,P0AAN3,-0.3441816362980034,0.7424516879111764,28.320587585684184,28.435428882733177,0.5686312559260157,0.1032235064426519,-0.1148412970489936,t-Test,FDR correction BH,0.9455800175544379,False,control,10 µm sulforaphane,0.9234838925287248,0.1293318010763661,Unpaired t-test
652,P0AE18,-0.34233468423100205,0.7437724379299437,27.497745027959557,27.677651680035062,0.9043687436520971,0.10323741184159162,-0.1799066520755055,t-Test,FDR correction BH,0.9455800175544379,False,control,10 µm sulforaphane,0.8827601124213137,0.12855991938484462,Unpaired t-test
744,P0AFH2,-0.3414957221176389,0.74437269327416,26.166802401937325,26.349370335625526,0.6650094345929358,0.6443558918142464,-0.18256793368820112,t-Test,FDR correction BH,0.9455800175544379,False,control,10 µm sulforaphane,0.8811332212795341,0.12820956699998967,Unpaired t-test
953,P24230,0.34071711284447553,0.7449299438681944,24.791998645218463,24.631831878061412,0.41424174250278506,0.70096349267501,0.16016676715705103,t-Test,FDR correction BH,0.9455800175544379,False,control,10 µm sulforaphane,1.1174162974329351,0.1278845680866931,Unpaired t-test
69,P06612,0.34039431244590324,0.7451610217270708,27.833942170064894,27.787534172887135,0.14956150434822993,0.18273988828427487,0.04640799717775934,t-Test,FDR correction BH,0.9455800175544379,False,control,10 µm sulforaphane,1.0326905412383145,0.1277498704848398,Unpaired t-test
267,P0A7U3,-0.33995154998491345,0.7454780221383535,28.638193521728954,28.99610044499203,1.1208425059411462,1.4383969593447377,-0.3579069232630765,t-Test,FDR correction BH,0.9455800175544379,False,control,10 µm sulforaphane,0.7802958200195784,0.12756515570492966,Unpaired t-test
1267,P63883,0.33725191208832894,0.7474120357256266,25.59386248276528,25.49107981778526,0.33198120689682353,0.41040718828503037,0.10278266498002253,t-Test,FDR correction BH,0.9465202207628011,False,control,10 µm sulforaphane,1.0738426902346905,0.1264399128990933,Unpaired t-test
847,P13029,-0.33675385898667687,0.7477690604732186,29.515816180987493,29.57975345444805,0.2643471839437844,0.19561450979246733,-0.06393727346055655,t-Test,FDR correction BH,0.9465202207628011,False,control,10 µm sulforaphane,0.9566497510981182,0.1262325080822143,Unpaired t-test
476,P0AAZ4,0.3349350531992428,0.7490734363373159,25.562767770416507,25.476960377214734,0.3128100648929873,0.31472458497697237,0.08580739320177244,t-Test,FDR correction BH,0.9465202207628011,False,control,10 µm sulforaphane,1.0612815132525297,0.12547560361871535,Unpaired t-test
1346,P75957,0.3343672413682658,0.7494808352697402,26.535150557430075,26.371845953838843,0.4955721161394229,0.6855718985922202,0.16330460359123222,t-Test,FDR correction BH,0.9465202207628011,False,control,10 µm sulforaphane,1.119849303213174,0.12523946787642515,Unpaired t-test
1374,P76403,0.3343514695049158,0.7494921526787048,26.63614892946582,26.5491542454972,0.4469525458305433,0.05769644761930282,0.08699468396861931,t-Test,FDR correction BH,0.9465202207628011,False,control,10 µm sulforaphane,1.0621552726667367,0.12523290993535163,Unpaired t-test
945,P24173,0.3330969142893956,0.7503926020446942,25.52964452049526,25.34601857031204,0.7605525106874405,0.5772797299928146,0.18362595018322025,t-Test,FDR correction BH,0.9468304559830958,False,control,10 µm sulforaphane,1.1357347628685859,0.12471145622148161,Unpaired t-test
1126,P37649,-0.3290157974947437,0.7533247741379296,24.568638396877088,24.66948869473338,0.41803427141385113,0.32728119207780426,-0.10085029785629374,t-Test,FDR correction BH,0.9476813712560024,False,control,10 µm sulforaphane,0.9324832411174078,0.12301774995162067,Unpaired t-test
543,P0AC51,-0.32873410430493305,0.7535273302108259,26.470317760468475,26.61573637347483,0.6771801337949812,0.35843063070778386,-0.14541861300635617,t-Test,FDR correction BH,0.9476813712560024,False,control,10 µm sulforaphane,0.9041170005239991,0.12290099133276113,Unpaired t-test
1305,P69441,-0.32828370444224236,0.7538512422210744,31.100465968579677,31.161896594179026,0.32280277872321667,0.029111868559825307,-0.06143062559934975,t-Test,FDR correction BH,0.9476813712560024,False,control,10 µm sulforaphane,0.9583133517976958,0.12271434518638348,Unpaired t-test
395,P0A9F6,0.327839698493626,0.7541706096805059,25.017243280058942,24.94135249648421,0.14359207740610805,0.3743536652842996,0.07589078357473156,t-Test,FDR correction BH,0.9476813712560024,False,control,10 µm sulforaphane,1.0540116283677763,0.12253039622406674,Unpaired t-test
679,P0AEG6,-0.32680744490653985,0.7549133015343685,28.670570014823525,28.703261521979265,0.13722604854081033,0.10577700364653281,-0.03269150715573943,t-Test,FDR correction BH,0.9476813712560024,False,control,10 µm sulforaphane,0.9775947840795101,0.1221029223141916,Unpaired t-test
1207,P46889,-0.32516935413926934,0.7560924739621055,25.75171545240748,25.836414410858698,0.36616373932881124,0.26356793489514596,-0.08469895845121655,t-Test,FDR correction BH,0.9476813712560024,False,control,10 µm sulforaphane,0.9429812836177902,0.12142508482231362,Unpaired t-test
1215,P52643,0.3244259370523986,0.7566278572906237,29.680847242511046,29.601526687954696,0.16704005666496208,0.3891416106666774,0.07932055455635023,t-Test,FDR correction BH,0.9476813712560024,False,control,10 µm sulforaphane,1.0565203491014417,0.12111767302889363,Unpaired t-test
878,P17115,0.3237021252880123,0.7571492638092071,26.85876929152877,26.682846380347108,0.4154516987997937,0.8446798317748059,0.1759229111816616,t-Test,FDR correction BH,0.9476813712560024,False,control,10 µm sulforaphane,1.1296868493865173,0.12081849558771296,Unpaired t-test
598,P0AD44,0.3232855043686632,0.757449445248944,26.17518198114158,26.10657763277797,0.18006536431759734,0.3204300969218224,0.06860434836361051,t-Test,FDR correction BH,0.9476813712560024,False,control,10 µm sulforaphane,1.0487016871333126,0.1206463481485599,Unpaired t-test
610,P0ADC1,-0.3230477216337256,0.7576207919584639,27.819590191315488,27.877230198822666,0.23468960647979434,0.2010670340251969,-0.057640007507178126,t-Test,FDR correction BH,0.9476813712560024,False,control,10 µm sulforaphane,0.960834588966506,0.1205481151704094,Unpaired t-test
798,P0AGD7,0.31833573924034847,0.7610193567468506,28.216966969287647,28.1699565224142,0.1959016287905354,0.16445933096556467,0.04701044687344691,t-Test,FDR correction BH,0.9494022165321631,False,control,10 µm sulforaphane,1.0331218687206891,0.11860429668352353,Unpaired t-test
1195,P45578,-0.3183328485338901,0.7610214435022131,30.945033572101586,30.990930494461317,0.224551418550712,0.10926775064472345,-0.04589692235973075,t-Test,FDR correction BH,0.9494022165321631,False,control,10 µm sulforaphane,0.9686873975078709,0.11860310582669646,Unpaired t-test
1032,P30871,0.318203989074337,0.7611144673497624,26.768538057494524,26.670587500867562,0.24367361172023527,0.47422406067255785,0.09795055662696228,t-Test,FDR correction BH,0.9494022165321631,False,control,10 µm sulforaphane,1.0702520186189843,0.11855002286158366,Unpaired t-test
461,P0AAJ5,-0.31749993595834736,0.7616228016440589,25.452994139232704,25.562510941234272,0.19236407879019385,0.5656290953476917,-0.10951680200156844,t-Test,FDR correction BH,0.9494022165321631,False,control,10 µm sulforaphane,0.9268984535326158,0.11826006241775483,Unpaired t-test
1097,P36879,0.31460172333785236,0.7637167143519834,26.05532921415463,25.94184704918709,0.14750196063336904,0.6071188209775182,0.11348216496753949,t-Test,FDR correction BH,0.9502731151507505,False,control,10 µm sulforaphane,1.0818362649626336,0.11706770452454365,Unpaired t-test
602,P0AD61,0.31399554507771676,0.7641549463475465,30.92930353439841,30.780978033730797,0.38988394817852867,0.7193202857305077,0.14832550066761385,t-Test,FDR correction BH,0.9502731151507505,False,control,10 µm sulforaphane,1.1082823701831777,0.11681857137078314,Unpaired t-test
164,P0A6J3,-0.3138046548542907,0.7642929688245663,25.752363443062507,26.018374215474026,1.4308618087246927,0.32923717870731484,-0.26601077241151927,t-Test,FDR correction BH,0.9502731151507505,False,control,10 µm sulforaphane,0.8316158887867591,0.1167401357241167,Unpaired t-test
510,P0ABI4,-0.3118208938593714,0.7657278808124882,26.013422189758607,26.176095312489288,0.5787740242201114,0.6938982460060733,-0.16267312273068057,t-Test,FDR correction BH,0.9505045755469743,False,control,10 µm sulforaphane,0.8933682434914786,0.11592553958155881,Unpaired t-test
498,P0ABC3,0.31172979880621976,0.7657937970347338,27.770380022979413,27.570471193126757,0.2510950808105852,1.081991335853654,0.19990882985265657,t-Test,FDR correction BH,0.9505045755469743,False,control,10 µm sulforaphane,1.1486257660670784,0.11588815577952592,Unpaired t-test
644,P0ADY7,-0.310053013347074,0.7670074993650349,31.520269380666022,31.74251423594152,0.7682199960026195,0.9753096326615985,-0.2222448552754983,t-Test,FDR correction BH,0.9507119149234611,False,control,10 µm sulforaphane,0.857230534483185,0.11520038974472159,Unpaired t-test
1309,P69776,-0.30937322146658097,0.7674997576446231,27.489926382590742,27.650817138670494,0.3064066927799609,0.8470437844823447,-0.1608907560797519,t-Test,FDR correction BH,0.9507119149234611,False,control,10 µm sulforaphane,0.8944726305779668,0.11492175298904232,Unpaired t-test
405,P0A9K7,-0.3077544468240072,0.76867244057728,26.943400701017264,27.031501543531334,0.37462862107851036,0.32481503463373224,-0.08810084251406991,t-Test,FDR correction BH,0.9507119149234611,False,control,10 µm sulforaphane,0.9407603472861973,0.11425868953014899,Unpaired t-test
1210,P52007,0.3059742151816784,0.7699628620271072,25.927546916051277,25.851745610072136,0.39302587961415647,0.17219859530262674,0.07580130597914092,t-Test,FDR correction BH,0.9507119149234611,False,control,10 µm sulforaphane,1.0539462593888873,0.11353022184786163,Unpaired t-test
937,P23886,0.3057674074002613,0.7701128214764382,25.50941992189223,25.446290182909102,0.32508373837153776,0.14900271608570184,0.0631297389831289,t-Test,FDR correction BH,0.9507119149234611,False,control,10 µm sulforaphane,1.0447297093130234,0.11344564605427283,Unpaired t-test
1366,P76272,0.30513935830504657,0.7705682961214497,25.115829192295895,25.075158414426276,0.20998011051006163,0.09593621191061578,0.040670777869618036,t-Test,FDR correction BH,0.9507119149234611,False,control,10 µm sulforaphane,1.028591957050943,0.11318886335150757,Unpaired t-test
1302,P69411,0.30491760216081976,0.7707291423897742,28.99675474706165,28.88772349749641,0.5550588745819391,0.2747574669718319,0.10903124956524124,t-Test,FDR correction BH,0.9507119149234611,False,control,10 µm sulforaphane,1.0785037924246557,0.11309821939755525,Unpaired t-test
30,P02413,0.30418117497683095,0.7712633843414672,31.221624587089988,30.936467164846853,1.1614768083338287,1.1346631803318192,0.28515742224313456,t-Test,FDR correction BH,0.9507119149234611,False,control,10 µm sulforaphane,1.2185432199384871,0.11279728623882344,Unpaired t-test
1372,P76397,0.30283501406693003,0.7722403135650031,25.26053347758078,25.22682583724231,0.037045055407745574,0.18919664920395618,0.03370764033846996,t-Test,FDR correction BH,0.9507119149234611,False,control,10 µm sulforaphane,1.023639440641499,0.1122475304744259,Unpaired t-test
599,P0AD49,-0.30203274912106626,0.7728227471091423,28.248053507582988,28.510821955603966,1.2425119147676325,0.8525628341360306,-0.262768448020978,t-Test,FDR correction BH,0.9507119149234611,False,control,10 µm sulforaphane,0.8334869707510175,0.11192010346809242,Unpaired t-test
1045,P31658,0.30152273805167806,0.773193092634848,28.387801612967714,28.32015141117313,0.27629382893594506,0.27326992208775885,0.06765020179458503,t-Test,FDR correction BH,0.9507119149234611,False,control,10 µm sulforaphane,1.0480083428880753,0.11171203442099305,Unpaired t-test
753,P0AFK9,-0.2992408723302011,0.7748508740870955,27.79332521327463,27.83040858436324,0.20120466237776558,0.07475805305763883,-0.037083371088609596,t-Test,FDR correction BH,0.9517386457721796,False,control,10 µm sulforaphane,0.9746233073084851,0.11078187271033269,Unpaired t-test
856,P14407,0.29783626855594286,0.7758719702305432,28.613732920495497,28.503189779140328,0.2016383623215799,0.6104162412400104,0.11054314135516918,t-Test,FDR correction BH,0.9517386457721796,False,control,10 µm sulforaphane,1.079634617495927,0.11020993751726108,Unpaired t-test
1171,P39831,-0.29765652641489954,0.7760026717603041,29.489209749105118,29.544184060596567,0.19224046895616664,0.2556858727805538,-0.05497431149144916,t-Test,FDR correction BH,0.9517386457721796,False,control,10 µm sulforaphane,0.962611583131371,0.11013678347279152,Unpaired t-test
796,P0AGC3,-0.2960698775182752,0.777156769684874,25.468769216730436,25.522736112953936,0.2746836275869622,0.15564137110029325,-0.053966896223499816,t-Test,FDR correction BH,0.951743102766335,False,control,10 µm sulforaphane,0.9632839970782392,0.10949136557287678,Unpaired t-test
119,P08506,-0.29584184663680124,0.7773226862842612,27.788514781306997,27.826535468258363,0.10390195829042913,0.19686083842630772,-0.0380206869513664,t-Test,FDR correction BH,0.951743102766335,False,control,10 µm sulforaphane,0.9739903022968043,0.10939865715712137,Unpaired t-test
1006,P28248,0.29253729134780354,0.7797285404153799,26.869556233005774,26.57609462082712,1.3254630464388932,1.1234481177814568,0.2934616121786533,t-Test,FDR correction BH,0.9537031867568613,False,control,10 µm sulforaphane,1.2255774112726385,0.10805656900099771,Unpaired t-test
152,P0A6E9,0.29183161682547587,0.7802426486399494,28.218063758312347,28.074645089613878,0.210495654508998,0.8247671714392948,0.14341866869846953,t-Test,FDR correction BH,0.9537031867568613,False,control,10 µm sulforaphane,1.1045193310949977,0.10777031451798995,Unpaired t-test
1162,P39342,0.2901622553012644,0.7814593205088457,24.547340977939463,24.4922737793716,0.23728850285069505,0.22747377665369725,0.05506719856786191,t-Test,FDR correction BH,0.9543835958241478,False,control,10 µm sulforaphane,1.0389074929211242,0.10709362460366662,Unpaired t-test
881,P17952,-0.28908508056863297,0.7822447522623958,27.20166964345723,27.27731277571791,0.4147227748800539,0.18278135589396627,-0.07564313226068009,t-Test,FDR correction BH,0.9545366344062652,False,control,10 µm sulforaphane,0.9489190124905562,0.106657341663557,Unpaired t-test
38,P03023,0.2870275167345082,0.7837458252004347,31.493998473525213,31.39824911692447,0.3228614009010227,0.47917253180188046,0.09574935660074146,t-Test,FDR correction BH,0.9549913379628249,False,control,10 µm sulforaphane,1.0686203207193394,0.10582475952294094,Unpaired t-test
410,P0A9M2,0.2867638476246517,0.7839382559902304,27.53261024768939,27.432798879286718,0.5562489773361604,0.2324368049064681,0.09981136840267268,t-Test,FDR correction BH,0.9549913379628249,False,control,10 µm sulforaphane,1.071633337895793,0.1057181415741093,Unpaired t-test
94,P07102,0.28523614930336544,0.7850535287938865,26.5079729823524,26.400228654653514,0.6256080145499922,0.1914966689939652,0.1077443276988852,t-Test,FDR correction BH,0.955544951713771,False,control,10 µm sulforaphane,1.0775421676778105,0.10510072992069165,Unpaired t-test
941,P23909,0.2833988002994614,0.7863955982598563,26.678512124782134,26.644386204640167,0.1213676103862821,0.16961832518500305,0.03412592014196747,t-Test,FDR correction BH,0.9563535440892829,False,control,10 µm sulforaphane,1.0239362669056524,0.10435892607216352,Unpaired t-test
1362,P76256,0.28112439482622914,0.7880580245333637,26.56749523342659,26.49385650893347,0.1797669391015217,0.4165658793736968,0.07363872449312225,t-Test,FDR correction BH,0.9563535440892829,False,control,10 µm sulforaphane,1.052367590871185,0.10344180432909096,Unpaired t-test
1208,P50456,0.2796773004157189,0.789116384027981,25.026686003515287,24.886907368352027,0.730349493403643,0.4646998981705579,0.1397786351632604,t-Test,FDR correction BH,0.9563535440892829,False,control,10 µm sulforaphane,1.1017360542755512,0.10285893948563435,Unpaired t-test
322,P0A8I1,-0.2775673321227125,0.7906604322918526,26.419692655934952,26.49363624115869,0.35798448045942766,0.29112190645383135,-0.07394358522373778,t-Test,FDR correction BH,0.9563535440892829,False,control,10 µm sulforaphane,0.950037532172144,0.10200999443543206,Unpaired t-test
71,P06709,0.2768688461816857,0.7911718054268924,25.362638696388746,25.310007127274513,0.1893137072423634,0.2693871057283964,0.052631569114232946,t-Test,FDR correction BH,0.9563535440892829,False,control,10 µm sulforaphane,1.03715503737714,0.10172919785892742,Unpaired t-test
256,P0A7M6,0.27663705034923536,0.791341532188743,32.9987543915437,32.83674529291676,0.8978182439320219,0.47205625669703827,0.1620090986269389,t-Test,FDR correction BH,0.9563535440892829,False,control,10 µm sulforaphane,1.1188441572140442,0.10163604048118709,Unpaired t-test
6,P00509,0.2757649227156035,0.7919802383200468,29.374845790480553,29.321066980848904,0.3030187959711729,0.14924589655084775,0.05377880963164827,t-Test,FDR correction BH,0.9563535440892829,False,control,10 µm sulforaphane,1.0379801178467682,0.10128565489488885,Unpaired t-test
1326,P75818,0.27519423636490403,0.7923982785653624,27.969364953652118,27.860495729307374,0.6095136367779864,0.3130683200551766,0.108869224344744,t-Test,FDR correction BH,0.9563535440892829,False,control,10 µm sulforaphane,1.0783826753502717,0.10105647660948265,Unpaired t-test
688,P0AEN1,0.27434448027943337,0.7930208836388613,27.356837546765234,27.299741798163023,0.17144204810410713,0.31708937845009066,0.05709574860221167,t-Test,FDR correction BH,0.9563535440892829,False,control,10 µm sulforaphane,1.0403693113298018,0.10071537569664955,Unpaired t-test
576,P0ACM2,-0.2727344555652213,0.7942009858047709,26.65174283710359,26.81086440584549,0.6545337684022887,0.7699081715788969,-0.15912156874189876,t-Test,FDR correction BH,0.9563535440892829,False,control,10 µm sulforaphane,0.8955702016606899,0.10006957820224596,Unpaired t-test
1031,P30870,-0.27263596359547887,0.794273197027067,25.335261525348983,25.41655453815179,0.4382163948905807,0.27329465430417427,-0.08129301280280643,t-Test,FDR correction BH,0.9563535440892829,False,control,10 µm sulforaphane,0.9452101241348003,0.10003009259305543,Unpaired t-test
1389,P77182,-0.2726119525652124,0.7942908014999872,24.906277144524267,25.046245973415196,0.5509148495146888,0.6980994491910221,-0.13996882889092888,t-Test,FDR correction BH,0.9563535440892829,False,control,10 µm sulforaphane,0.9075387635388409,0.100020466886501,Unpaired t-test
1052,P31979,-0.2725778950687201,0.7943157720962855,28.341537155860248,28.42036706708908,0.3553056856578379,0.3530867231803826,-0.07882991122883354,t-Test,FDR correction BH,0.9563535440892829,False,control,10 µm sulforaphane,0.9468252520894651,0.10000681392501476,Unpaired t-test
313,P0A8E7,-0.26974043994596836,0.7963970995781902,29.69059223287769,29.801866781211096,0.32077015315225893,0.638463760543816,-0.11127454833340522,t-Test,FDR correction BH,0.956355563984419,False,control,10 µm sulforaphane,0.9257698295394846,0.09887033031148008,Unpaired t-test
183,P0A6S7,0.26932671051604273,0.7967007318782896,27.64570516016173,27.619977841083607,0.162138740103548,0.03295240845217265,0.02572731907812198,t-Test,FDR correction BH,0.956355563984419,False,control,10 µm sulforaphane,1.0179927727896625,0.09870478387553155,Unpaired t-test
1218,P55135,-0.2691717697613925,0.7968144515430358,25.533245380410065,25.710160935268703,1.0910894740259853,0.32479492473861094,-0.1769155548586383,t-Test,FDR correction BH,0.956355563984419,False,control,10 µm sulforaphane,0.8845922115739823,0.09864279786688751,Unpaired t-test
230,P0A7B8,0.26896942758587694,0.7969629699870159,30.54950681912297,30.373198533013394,0.9887463349623505,0.5580360858820125,0.1763082861095775,t-Test,FDR correction BH,0.956355563984419,False,control,10 µm sulforaphane,1.1299886533901828,0.09856185715333894,Unpaired t-test
68,P06611,0.2674843249460485,0.7980533148605944,26.32032398994687,25.963978551994572,1.4709256180563708,1.7778449380990802,0.35634543795229945,t-Test,FDR correction BH,0.9568698949323544,False,control,10 µm sulforaphane,1.2801789023450503,0.09796809414260892,Unpaired t-test
983,P26646,-0.26600439011359583,0.7991403624678933,29.223907265876523,29.26166526788939,0.05982181875072125,0.23846703637560338,-0.037758002012868275,t-Test,FDR correction BH,0.9573794234702351,False,control,10 µm sulforaphane,0.9741676619393836,0.09737693371289818,Unpaired t-test
805,P0AGJ7,-0.2608275846993324,0.8029467167724865,26.907282060615906,26.99772191895252,0.2592666171010145,0.5417293652048979,-0.09043985833661594,t-Test,FDR correction BH,0.9611431725604432,False,control,10 µm sulforaphane,0.9392363450120614,0.09531327337570393,Unpaired t-test
637,P0ADU5,-0.2592955231590375,0.8040743396305308,27.454860734058606,27.549504425804834,0.6029120638482686,0.19020782821437646,-0.09464369174622789,t-Test,FDR correction BH,0.9613980392824023,False,control,10 µm sulforaphane,0.9365035109509919,0.09470379727290039,Unpaired t-test
580,P0ACP7,0.2584746014825247,0.8046787645637303,26.716944620611105,26.66182691026563,0.3488413567911428,0.12135280341608257,0.05511771034547408,t-Test,FDR correction BH,0.9613980392824023,False,control,10 µm sulforaphane,1.0389438678870258,0.09437745953359135,Unpaired t-test
860,P15042,0.25782896362515445,0.8051542362178349,26.924621921492438,26.890723527934693,0.18419601640393662,0.13390244887019187,0.033898393557745266,t-Test,FDR correction BH,0.9613980392824023,False,control,10 µm sulforaphane,1.0237747952538907,0.09412091774126477,Unpaired t-test
1110,P37330,0.2542867729730536,0.8077644564229374,26.257349441517935,26.20702590977481,0.33007274476280063,0.09244485247025606,0.05032353174312476,t-Test,FDR correction BH,0.9633347706618841,False,control,10 µm sulforaphane,1.035497113330385,0.09271526074637136,Unpaired t-test
1349,P76004,-0.2534252226888908,0.8083997397504655,26.736694584366628,26.983372778057905,0.5811295152832252,1.582616435225918,-0.24667819369127741,t-Test,FDR correction BH,0.9633347706618841,False,control,10 µm sulforaphane,0.8428348105412022,0.09237383496988916,Unpaired t-test
146,P0A6B4,-0.2529166327064503,0.808774835120005,26.722948193077826,26.860382830226534,0.41849394094759235,0.843036260171688,-0.13743463714870785,t-Test,FDR correction BH,0.9633347706618841,False,control,10 µm sulforaphane,0.9091343179030902,0.09217237019962735,Unpaired t-test
260,P0A7R1,-0.24952997197918736,0.811273981200213,33.13556631440296,33.17829017372011,0.24760469480075636,0.16321168116574325,-0.042723859317149504,t-Test,FDR correction BH,0.964920304867396,False,control,10 µm sulforaphane,0.970820272944003,0.09083245228835277,Unpaired t-test
1136,P37691,-0.24816099434856637,0.812284896141656,25.436304842981734,25.514166642678315,0.43110416607381336,0.33087180895405705,-0.07786179969658136,t-Test,FDR correction BH,0.964920304867396,False,control,10 µm sulforaphane,0.9474608265100061,0.09029162208674205,Unpaired t-test
506,P0ABF8,-0.24709580636757894,0.8130717535874263,25.381396617373326,25.476225267029548,0.2920529943695015,0.597117857881229,-0.09482864965622184,t-Test,FDR correction BH,0.964920304867396,False,control,10 µm sulforaphane,0.9363834560368289,0.08987112622388513,Unpaired t-test
1416,P77718,-0.2467770775304436,0.8133072460447857,27.556280745404255,27.617047900866666,0.4219113625262314,0.06243246207634591,-0.06076715546241118,t-Test,FDR correction BH,0.964920304867396,False,control,10 µm sulforaphane,0.9587541646476715,0.08974535839793699,Unpaired t-test
674,P0AED9,-0.24659403340535,0.8134424976717536,24.772449250315404,24.896360801970467,0.5659180283061941,0.6612349748801057,-0.12391155165506262,t-Test,FDR correction BH,0.964920304867396,False,control,10 µm sulforaphane,0.9176961424457463,0.08967314196068493,Unpaired t-test
177,P0A6P7,-0.24509297331826768,0.814551899189159,27.118868326850404,27.199041049551273,0.495091392341222,0.2754818577367665,-0.08017272270086906,t-Test,FDR correction BH,0.9654443001864951,False,control,10 µm sulforaphane,0.945944389352392,0.08908123939304279,Unpaired t-test
451,P0AAC4,0.24144954597339055,0.8172466348300295,26.833700531942316,26.77870195952915,0.3603632562368876,0.16061217870135308,0.05499857241316519,t-Test,FDR correction BH,0.9678449090616074,False,control,10 µm sulforaphane,1.0388580753182208,0.08764685903484677,Unpaired t-test
1124,P37647,0.23936857222877558,0.8187869874707918,27.264202947763838,27.248762677777417,0.09007135050438385,0.06610229874421523,0.015440269986420674,t-Test,FDR correction BH,0.9683330170838106,False,control,10 µm sulforaphane,1.010759854930718,0.0868290679569388,Unpaired t-test
483,P0AB43,-0.23863752484622874,0.8193283252049315,27.461739201602057,27.551019651052243,0.3707635656326446,0.5314552378866224,-0.08928044945018598,t-Test,FDR correction BH,0.9683330170838106,False,control,10 µm sulforaphane,0.9399914572272312,0.08654203077766114,Unpaired t-test
1053,P32099,-0.23674880040351748,0.8207274228389586,25.80271999876963,25.902243462009388,0.3334049709856682,0.6472932346815036,-0.09952346323975902,t-Test,FDR correction BH,0.9683330170838106,False,control,10 µm sulforaphane,0.9333412326733292,0.08580105531969383,Unpaired t-test
702,P0AEW6,0.23639683499998007,0.8209882259834472,26.54061330385106,26.405996968271364,0.30724102365727207,0.9372433744178974,0.13461633557969677,t-Test,FDR correction BH,0.9683330170838106,False,control,10 µm sulforaphane,1.0978008303001856,0.08566307117177091,Unpaired t-test
167,P0A6K3,0.23565221698632074,0.821540063747051,27.492109222419796,27.363253947059416,0.6472930672013805,0.6913691913299663,0.12885527536037955,t-Test,FDR correction BH,0.9683330170838106,False,control,10 µm sulforaphane,1.093425764456836,0.08537125263061754,Unpaired t-test
820,P0C0R7,0.23485688410261193,0.8221296100266066,28.14365764395475,28.110502473744504,0.14125541688847504,0.1995879321341944,0.03315517021024661,t-Test,FDR correction BH,0.9683330170838106,False,control,10 µm sulforaphane,1.0232475200152604,0.08505970985398485,Unpaired t-test
834,P10443,0.23379622710249146,0.8229160277796648,25.123974954006087,25.04408439051075,0.2782144176464101,0.5223929460507882,0.07989056349533641,t-Test,FDR correction BH,0.9683330170838106,False,control,10 µm sulforaphane,1.0569378628597816,0.08464447892203698,Unpaired t-test
46,P04825,-0.23366128200579617,0.8230160981991723,29.028846367071402,29.051568806725022,0.13044118363670665,0.10655978724555615,-0.022722439653620086,t-Test,FDR correction BH,0.9683330170838106,False,control,10 µm sulforaphane,0.9843733875820659,0.08459166990231927,Unpaired t-test
893,P20083,-0.2318441613467638,0.824363963903937,26.483691587947533,26.54404338696157,0.3937484120723039,0.21965672455658963,-0.06035179901403609,t-Test,FDR correction BH,0.9686315781180008,False,control,10 µm sulforaphane,0.9590302327313504,0.08388100114771463,Unpaired t-test
1089,P36566,0.23151311172868072,0.8246095938196811,26.204605894184006,26.13214902566239,0.3546029408960774,0.4100111216549781,0.07245686852161626,t-Test,FDR correction BH,0.9686315781180008,False,control,10 µm sulforaphane,1.0515058442189027,0.0837516167591204,Unpaired t-test
1296,P68679,-0.22924561854699105,0.8262925965043763,31.721828965868575,31.864337197761948,1.0025285361147056,0.3927405867217569,-0.14250823189337325,t-Test,FDR correction BH,0.9697318176513348,False,control,10 µm sulforaphane,0.9059427369885968,0.08286613845945856,Unpaired t-test
1168,P39407,0.22816257601324158,0.8270968214713619,26.20597400494962,26.140189516993807,0.12670086808365502,0.48304980711674056,0.06578448795581338,t-Test,FDR correction BH,0.9697318176513348,False,control,10 µm sulforaphane,1.046653919494681,0.08244364816271593,Unpaired t-test
546,P0AC62,0.22754146921414914,0.8275581348421487,29.43535284132576,29.370042200305402,0.4623043415774402,0.18283576382062758,0.065310641020357,t-Test,FDR correction BH,0.9697318176513348,False,control,10 µm sulforaphane,1.0463102069981605,0.08220148787934412,Unpaired t-test
1170,P39830,-0.22658141712693985,0.8282713406611457,25.0974527309803,25.149440992981184,0.31444564139276154,0.24302410800921945,-0.05198826200088291,t-Test,FDR correction BH,0.9697816668793658,False,control,10 µm sulforaphane,0.9646060327421889,0.08182736557340763,Unpaired t-test
1095,P36683,-0.22521531239421858,0.8292865050947283,27.908749979909818,27.94130322492323,0.21201526539502996,0.13314414739051894,-0.032553245013414056,t-Test,FDR correction BH,0.9701846977079104,False,control,10 µm sulforaphane,0.9776884773565749,0.08129540179551414,Unpaired t-test
1364,P76268,-0.2218974130141404,0.8317535660279789,27.608268444117932,27.636815257066537,0.1827050166179671,0.12755523612365022,-0.02854681294860484,t-Test,FDR correction BH,0.9716106486869188,False,control,10 µm sulforaphane,0.9804073377517313,0.08000532847783107,Unpaired t-test
1164,P39379,-0.2211895709309045,0.8322801630058914,27.857999110282538,27.906044591668525,0.30985008722727464,0.21339809586229366,-0.04804548138598719,t-Test,FDR correction BH,0.9716106486869188,False,control,10 µm sulforaphane,0.967245836423468,0.07973045644208036,Unpaired t-test
859,P15038,0.2208656733301417,0.8325211574848495,25.248243391438614,25.155237846958595,0.5542560758407488,0.47409334620812416,0.09300554448001819,t-Test,FDR correction BH,0.9716106486869188,False,control,10 µm sulforaphane,1.0665898798788571,0.0796047206298564,Unpaired t-test
173,P0A6N4,0.21896649231807513,0.8339346347375528,30.014497694970675,29.92672788229684,0.5864856008711262,0.3715439292625974,0.08776981267383377,t-Test,FDR correction BH,0.9716356472138711,False,control,10 µm sulforaphane,1.0627260989536569,0.07886798879307864,Unpaired t-test
135,P09391,-0.21875737683053234,0.8340903119254688,25.715749482297674,25.76311754209977,0.33858902728345264,0.16129572601110706,-0.04736805980209624,t-Test,FDR correction BH,0.9716356472138711,False,control,10 µm sulforaphane,0.9677001161189965,0.07878692316633044,Unpaired t-test
1379,P76536,0.21812865235606985,0.8345584189762295,29.240880987182322,29.206836204915533,0.2047072305766154,0.17656353376968895,0.03404478226678975,t-Test,FDR correction BH,0.9716356472138711,False,control,10 µm sulforaphane,1.023878681848192,0.07854325736578956,Unpaired t-test
650,P0AE08,0.2116839293307516,0.8393609870778833,30.54202443298729,30.445473748845036,0.5988377933830906,0.515263214592578,0.09655068414225454,t-Test,FDR correction BH,0.9764408586601925,False,control,10 µm sulforaphane,1.0692140378453139,0.0760512203646334,Unpaired t-test
824,P0CB39,0.20743500278079166,0.8425314277653503,27.45890806532968,27.400666322801097,0.3424738347720995,0.3452662912261091,0.058241742528583273,t-Test,FDR correction BH,0.977832397021143,False,control,10 µm sulforaphane,1.0411960491598444,0.07441389027798394,Unpaired t-test
950,P24203,-0.2052289685463348,0.8441787954150478,27.28455759627492,27.417497584678955,1.0935896470209392,0.2507134728819473,-0.1329399884040363,t-Test,FDR correction BH,0.977832397021143,False,control,10 µm sulforaphane,0.9119710998727449,0.07356556091164361,Unpaired t-test
1001,P27829,-0.20490306674288666,0.8444222377818057,26.530049185710354,26.574157761537407,0.2780356672032333,0.248422959842189,-0.04410857582705319,t-Test,FDR correction BH,0.977832397021143,False,control,10 µm sulforaphane,0.9698889146976036,0.07344033810862692,Unpaired t-test
923,P23367,-0.2037013377213612,0.8453200687601286,25.656803841641207,25.68894038577969,0.16625936990710055,0.21685331649143783,-0.03213654413848488,t-Test,FDR correction BH,0.977832397021143,False,control,10 µm sulforaphane,0.9779709088297986,0.07297882030824668,Unpaired t-test
397,P0A9H5,0.20369222200604842,0.8453268802319611,25.725712422759372,25.62019959062252,0.851157519905844,0.2837373095561083,0.10551283213685281,t-Test,FDR correction BH,0.977832397021143,False,control,10 µm sulforaphane,1.0758767624149312,0.07297532083766554,Unpaired t-test
646,P0ADZ4,0.20032782007115657,0.8478418342478614,33.680216982525785,33.646451572507,0.19217086414289583,0.21976909183485746,0.033765410018787634,t-Test,FDR correction BH,0.977832397021143,False,control,10 µm sulforaphane,1.0236804309447585,0.07168515826230018,Unpaired t-test
464,P0AAK4,-0.19986584054843326,0.8481873268162057,27.1825896948705,27.26812268712874,0.27334660906071434,0.6889923454803165,-0.08553299225824063,t-Test,FDR correction BH,0.977832397021143,False,control,10 µm sulforaphane,0.9424362959685056,0.07150822083517268,Unpaired t-test
1294,P68191,0.1991584307712435,0.8487164366552657,26.54368689927052,26.394944476656473,0.9293172244575434,0.8998586596765946,0.14874242261404547,t-Test,FDR correction BH,0.977832397021143,False,control,10 µm sulforaphane,1.1086026970730012,0.07123738698375673,Unpaired t-test
1345,P75949,0.19809888380137705,0.8495090903857201,25.536391125519277,25.47597358796376,0.3093145109518408,0.42822343731317525,0.06041753755551582,t-Test,FDR correction BH,0.977832397021143,False,control,10 µm sulforaphane,1.0427675097110187,0.0708319694927181,Unpaired t-test
1134,P37689,0.19792616784609346,0.8496383185821302,29.18221796653776,29.041585152604924,1.2097582440143795,0.22594429745801278,0.1406328139328359,t-Test,FDR correction BH,0.977832397021143,False,control,10 µm sulforaphane,1.102388554054637,0.07076590919398329,Unpaired t-test
49,P04968,-0.19666705582017638,0.8505805561112786,25.58966146571688,25.613772210546024,0.09707101447329042,0.18885740262874007,-0.024110744829144437,t-Test,FDR correction BH,0.977832397021143,False,control,10 µm sulforaphane,0.9834265808792054,0.07028454928493344,Unpaired t-test
193,P0A6W5,-0.1953544472187774,0.8515631149611499,27.61831956643457,27.76514217230004,0.9964947580367145,0.8375989902843242,-0.14682260586546647,t-Test,FDR correction BH,0.977832397021143,False,control,10 µm sulforaphane,0.9032375656356187,0.06978315807889972,Unpaired t-test
282,P0A805,0.1952106852825587,0.8516707463637907,30.500825012043002,30.368639230970633,0.8853582169722993,0.7692292140197172,0.13218578107236922,t-Test,FDR correction BH,0.977832397021143,False,control,10 µm sulforaphane,1.095952887188953,0.06972826987432602,Unpaired t-test
179,P0A6Q3,-0.1944253583570705,0.852258765125475,29.783873307656414,29.834554427344003,0.06316390531380389,0.4470558931041947,-0.050681119687588705,t-Test,FDR correction BH,0.977832397021143,False,control,10 µm sulforaphane,0.9654804023780326,0.06942852353872854,Unpaired t-test
100,P07649,-0.19422718976981349,0.8524071616381703,26.027538376129172,26.131157374407447,0.8623709881658314,0.3319083142006069,-0.10361899827827514,t-Test,FDR correction BH,0.977832397021143,False,control,10 µm sulforaphane,0.9306954128529407,0.06935291014639378,Unpaired t-test
29,P02359,-0.19282163007178596,0.8534598902773214,29.703056447852298,29.855464661871356,0.9875569680191757,0.948143895180128,-0.1524082140190579,t-Test,FDR correction BH,0.977832397021143,False,control,10 µm sulforaphane,0.8997473081153406,0.06881688443858643,Unpaired t-test
1330,P75828,0.19108700499447262,0.8547595364386634,25.341507270108906,25.20263978138988,0.9740456315704115,0.7972564699102821,0.13886748871902554,t-Test,FDR correction BH,0.977832397021143,False,control,10 µm sulforaphane,1.1010404630841906,0.06815604513846377,Unpaired t-test
1130,P37657,0.1876192957809557,0.8573591677552397,26.396588735001593,26.195891146706288,1.7483704725822444,0.6132022139532005,0.2006975882953057,t-Test,FDR correction BH,0.977832397021143,False,control,10 µm sulforaphane,1.1492539209809152,0.06683720386813632,Unpaired t-test
1099,P36930,-0.1874187751879186,0.8575095520177093,25.46293190000864,25.500998938451133,0.1719666741712257,0.3069057702957926,-0.03806703844249171,t-Test,FDR correction BH,0.977832397021143,False,control,10 µm sulforaphane,0.9739590100442156,0.06676103354119525,Unpaired t-test
1241,P61175,-0.18714735828261683,0.8577131167689533,30.03972171195896,30.259579541156654,1.5875857936719127,1.2727638113315403,-0.21985782919769292,t-Test,FDR correction BH,0.977832397021143,False,control,10 µm sulforaphane,0.8586500481873149,0.0666579483264308,Unpaired t-test
148,P0A6C1,-0.18661942546135576,0.858109104753949,26.67374051856536,26.745719684142,0.5754539365717072,0.33933301681846895,-0.0719791655766393,t-Test,FDR correction BH,0.977832397021143,False,control,10 µm sulforaphane,0.9513320147243725,0.06645749002990142,Unpaired t-test
90,P07012,-0.18644210671543396,0.8582421168593988,28.662940332462053,28.692112743820537,0.17844113689652494,0.20397649719631764,-0.02917241135848414,t-Test,FDR correction BH,0.977832397021143,False,control,10 µm sulforaphane,0.9799822941415158,0.06639017697321303,Unpaired t-test
809,P0AGL5,-0.1859699243751951,0.8585963398477294,25.91563862426442,26.022015808037743,0.7688328597667338,0.6248936596948647,-0.10637718377332206,t-Test,FDR correction BH,0.977832397021143,False,control,10 µm sulforaphane,0.92891778264193,0.0662109672277915,Unpaired t-test
818,P0C0L7,-0.1858506373568455,0.8586858326091582,26.46816256623716,26.553321928846096,0.7217509040262842,0.33008456817697013,-0.08515936260893398,t-Test,FDR correction BH,0.977832397021143,False,control,10 µm sulforaphane,0.9426804000466841,0.06616570243308582,Unpaired t-test
1333,P75849,-0.1858282398546158,0.8587026361555059,27.66230980048287,27.750852477416696,0.8093229300485523,0.16150613285802998,-0.08854267693382667,t-Test,FDR correction BH,0.977832397021143,False,control,10 µm sulforaphane,0.9404722776334972,0.0661572038463209,Unpaired t-test
548,P0AC75,-0.18438869410433584,0.8597828135689451,25.76467690946658,25.792535258803152,0.18148746621815454,0.18852652360321492,-0.027858349336572275,t-Test,FDR correction BH,0.977832397021143,False,control,10 µm sulforaphane,0.9808753062653197,0.06561124036203342,Unpaired t-test
1157,P39300,0.18435704841557457,0.8598065629709578,25.53021599221036,25.439722665987606,0.3955579937881952,0.7525700656175319,0.0904933262227523,t-Test,FDR correction BH,0.977832397021143,False,control,10 µm sulforaphane,1.0647342036028804,0.06559924420250375,Unpaired t-test
641,P0ADW3,-0.1838236886328401,0.8602068620659463,28.980035775832558,29.02059179966036,0.34480762752387784,0.16472192917549544,-0.04055602382780066,t-Test,FDR correction BH,0.977832397021143,False,control,10 µm sulforaphane,0.9722801522494473,0.06539709730216851,Unpaired t-test
711,P0AF08,0.18326965479918705,0.8606227257379988,27.963560094700185,27.879051497972448,0.5593786245805684,0.5700700413732035,0.08450859672773703,t-Test,FDR correction BH,0.977832397021143,False,control,10 µm sulforaphane,1.0603265169557667,0.0651871900541849,Unpaired t-test
387,P0A9C3,-0.18285968384139376,0.8609304858347906,28.172152250756117,28.227103421166245,0.4223276991078623,0.30423372939811233,-0.05495117041012776,t-Test,FDR correction BH,0.977832397021143,False,control,10 µm sulforaphane,0.9626270237137188,0.06503191339783525,Unpaired t-test
785,P0AG71,0.18016999564278727,0.8629502625941666,24.81590482088067,24.756357526084916,0.1319618474547888,0.5570359517070772,0.059547294795756045,t-Test,FDR correction BH,0.977832397021143,False,control,10 µm sulforaphane,1.0421386954351777,0.0640142347637929,Unpaired t-test
10,P00579,-0.17993078512938046,0.8631299490133665,28.748667674478998,28.78881390183181,0.2968339647052792,0.24746257431701965,-0.04014622735281037,t-Test,FDR correction BH,0.977832397021143,False,control,10 µm sulforaphane,0.9725563669455721,0.06392381391302528,Unpaired t-test
391,P0A9D4,-0.17948607920812848,0.8634640201074677,28.803453826333612,28.836713378931897,0.30168282085893866,0.10954720621108865,-0.033259552598284614,t-Test,FDR correction BH,0.977832397021143,False,control,10 µm sulforaphane,0.9772099425606109,0.0637557544420242,Unpaired t-test
21,P00957,-0.17937285527429692,0.8635490809100965,29.62389612960716,29.650640203550783,0.25571298750245763,0.03607228072073903,-0.02674407394362177,t-Test,FDR correction BH,0.977832397021143,False,control,10 µm sulforaphane,0.9816331846627677,0.06371297371590688,Unpaired t-test
1445,Q93K97,-0.17712395024892744,0.8652390108625986,25.71287292075153,25.80805958314426,0.8573900397673057,0.36233020657623116,-0.09518666239273088,t-Test,FDR correction BH,0.9783632192496867,False,control,10 µm sulforaphane,0.9361511161437976,0.06286390784087469,Unpaired t-test
697,P0AET2,0.17694826312447678,0.8653710632229248,30.122073331103966,29.7618209301584,2.4192079274553153,2.565606431652438,0.36025240094556565,t-Test,FDR correction BH,0.9783632192496867,False,control,10 µm sulforaphane,1.2836504538545739,0.06279763108404536,Unpaired t-test
536,P0AC23,-0.17272012744955134,0.8685504990712408,28.541491433366073,28.601451340804143,0.46035968840102526,0.38679414934294876,-0.05995990743807056,t-Test,FDR correction BH,0.9811906419195424,False,control,10 µm sulforaphane,0.9592907776899355,0.061204925828970656,Unpaired t-test
635,P0ADT8,0.17045176712874788,0.8702573559293612,26.911086126046282,26.889635846266216,0.20996791748652135,0.05850964453084633,0.02145027978006553,t-Test,FDR correction BH,0.9814076582389436,False,control,10 µm sulforaphane,1.0149792824963328,0.06035229711459698,Unpaired t-test
527,P0ABU2,-0.16982108677439317,0.8707320560448609,29.78443485025425,29.820978573748597,0.21619194846183204,0.3036126983759281,-0.03654372349434709,t-Test,FDR correction BH,0.9814076582389436,False,control,10 µm sulforaphane,0.974987938424702,0.06011546667276732,Unpaired t-test
914,P22523,0.1697590972001177,0.8707787175107639,26.96569340240002,26.94775402242801,0.08495614555496227,0.16212463278352351,0.01793937997200956,t-Test,FDR correction BH,0.9814076582389436,False,control,10 µm sulforaphane,1.0125122621074112,0.06009219398623362,Unpaired t-test
189,P0A6U8,-0.1681528192616859,0.8719880107081595,26.717953600908015,26.749077516436955,0.30224490940725524,0.10689391321338716,-0.03112391552894067,t-Test,FDR correction BH,0.9816669718894436,False,control,10 µm sulforaphane,0.9786575882238724,0.05948948630491421,Unpaired t-test
1232,P60651,0.16648834792235634,0.8732415152154895,27.262643010814543,27.14268260693932,0.7832266740784134,0.9716279223981892,0.119960403875222,t-Test,FDR correction BH,0.9816669718894436,False,control,10 µm sulforaphane,1.086705036473083,0.05886562545899011,Unpaired t-test
1240,P60955,0.16633810139573862,0.8733546849860285,25.65542714349163,25.560606328232055,0.749391429637645,0.6428677783726819,0.09482081525957398,t-Test,FDR correction BH,0.9816669718894436,False,control,10 µm sulforaphane,1.067932761069057,0.05880934569961991,Unpaired t-test
1173,P39838,-0.16584737270682226,0.8737243380509778,25.532339224805842,25.561108440586832,0.19095538843926993,0.23196875677704798,-0.02876921578099001,t-Test,FDR correction BH,0.9816669718894436,False,control,10 µm sulforaphane,0.9802562118680318,0.05862556661853099,Unpaired t-test
873,P16525,0.16451847616459164,0.8747255361401314,24.79442186064673,24.748435227394822,0.4608531357603636,0.14836795361111962,0.045986633251906994,t-Test,FDR correction BH,0.981763776080106,False,control,10 µm sulforaphane,1.032388970227359,0.05812819479294514,Unpaired t-test
981,P26612,-0.16354404014029786,0.8754598433771485,26.11013202076133,26.13688081296099,0.16487034260534714,0.23037049430029008,-0.02674879219965831,t-Test,FDR correction BH,0.981763776080106,False,control,10 µm sulforaphane,0.9816299742898238,0.05776376985430408,Unpaired t-test
1221,P60061,0.16216253606017447,0.8765011382930135,28.18792975399239,28.133453383672773,0.19186740788702805,0.5493155596153931,0.05447637031961605,t-Test,FDR correction BH,0.981763776080106,False,control,10 µm sulforaphane,1.0384821152733217,0.057247515560997976,Unpaired t-test
459,P0AAJ1,-0.1621291533495713,0.876526303540399,28.75628732711791,28.79729212145443,0.346749968558185,0.2676966762687133,-0.04100479433651927,t-Test,FDR correction BH,0.981763776080106,False,control,10 µm sulforaphane,0.9719777579181225,0.057235046699626854,Unpaired t-test
1085,P33937,-0.15980032902415722,0.878282254925004,25.357566208081224,25.410441029229563,0.36258346923219653,0.44382321683035764,-0.052874821148339635,t-Test,FDR correction BH,0.9817699772338722,False,control,10 µm sulforaphane,0.9640134490217027,0.05636589177366432,Unpaired t-test
1264,P63386,0.15910034442715582,0.8788101975750723,27.342755087361418,27.310353335361302,0.2582041603631171,0.2403289510329804,0.032401752000115636,t-Test,FDR correction BH,0.9817699772338722,False,control,10 µm sulforaphane,1.0227132892692579,0.056104912237545365,Unpaired t-test
77,P06968,0.15798522828687475,0.879651381871553,28.826309065777913,28.798551479397396,0.28288412131858465,0.11218401479380964,0.02775758638051684,t-Test,FDR correction BH,0.9817699772338722,False,control,10 µm sulforaphane,1.019426376108235,0.05568941072149181,Unpaired t-test
1174,P40120,0.15784556627464902,0.8797567476217927,26.27654682421576,26.2334805871569,0.2966709798522544,0.36784198402782875,0.04306623705885926,t-Test,FDR correction BH,0.9817699772338722,False,control,10 µm sulforaphane,1.030301255756976,0.05563739349683732,Unpaired t-test
799,P0AGE0,-0.15762041029134594,0.879926618599653,28.11231881801808,28.298470794971728,1.4294051324141273,1.4632792372918628,-0.18615197695364927,t-Test,FDR correction BH,0.9817699772338722,False,control,10 µm sulforaphane,0.8789469656546313,0.05555354428854726,Unpaired t-test
747,P0AFI5,-0.1566706850093183,0.8806432244414484,25.102253287760554,25.168093320875997,0.3456789426575769,0.6405646122893289,-0.06584003311544251,t-Test,FDR correction BH,0.9818119526155238,False,control,10 µm sulforaphane,0.9553888645954133,0.05520000196109188,Unpaired t-test
1388,P77173,0.15558237511884987,0.8814645502295826,26.91498634876125,26.84369869067265,0.4789107729973186,0.6328371839958891,0.07128765808860038,t-Test,FDR correction BH,0.9819705235993654,False,control,10 µm sulforaphane,1.050654012393039,0.05479514899058692,Unpaired t-test
1190,P45523,-0.1540228448833112,0.8826417780694761,30.40494042920963,30.444224191938112,0.21442390508347325,0.3862334043345661,-0.039283762728480554,t-Test,FDR correction BH,0.9825250277817262,False,control,10 µm sulforaphane,0.9731379494769238,0.05421551994839256,Unpaired t-test
1238,P60869,0.15031897935169583,0.885438991268946,25.827295306876344,25.6826534155251,1.136037989666896,1.2194650738947923,0.14464189135124528,t-Test,FDR correction BH,0.9843373240346625,False,control,10 µm sulforaphane,1.105456220707314,0.05284135730624092,Unpaired t-test
553,P0ACA3,-0.15006442799691497,0.8856312991487524,30.27512413028537,30.309212306093677,0.17878736894810707,0.350479526809267,-0.03408817580830714,t-Test,FDR correction BH,0.9843373240346625,False,control,10 µm sulforaphane,0.9766488355205815,0.05274704343083288,Unpaired t-test
968,P25552,0.14644085309687302,0.8883697484779098,25.93415004197573,25.88742242492048,0.4256174240258409,0.35256566256935784,0.04672761705525019,t-Test,FDR correction BH,0.9843657807668258,False,control,10 µm sulforaphane,1.032919352580904,0.05140623883676125,Unpaired t-test
636,P0ADU2,-0.14546893337196917,0.8891045478147497,30.50670672323912,30.530215310853997,0.2411649330828291,0.1420863843539696,-0.023508587614877285,t-Test,FDR correction BH,0.9843657807668258,False,control,10 µm sulforaphane,0.9838371326544243,0.051047168310520724,Unpaired t-test
1347,P75958,0.1450942604428078,0.889387843652199,26.45075183975484,26.36209224415545,1.0479753192975603,0.14794479999286292,0.08865959559939185,t-Test,FDR correction BH,0.9843657807668258,False,control,10 µm sulforaphane,1.063381737996431,0.050908810878595445,Unpaired t-test
482,P0AB38,0.14441231975221328,0.8899035151870902,27.184135117934368,27.148041635571886,0.231896349448193,0.3655467234994763,0.036093482362481666,t-Test,FDR correction BH,0.9843657807668258,False,control,10 µm sulforaphane,1.0253336743191215,0.050657077729625154,Unpaired t-test
551,P0AC86,0.14340140387818545,0.8906680605221672,26.87045824696323,26.82006059400495,0.34972181235201283,0.49823150482907796,0.05039765295828147,t-Test,FDR correction BH,0.9843657807668258,False,control,10 µm sulforaphane,1.0355503153403993,0.050284121264269524,Unpaired t-test
281,P0A800,0.1421645665155809,0.8916036431741965,27.932999616235126,27.91572221524062,0.12801307657956332,0.167098771069344,0.017277400994505143,t-Test,FDR correction BH,0.9843657807668258,False,control,10 µm sulforaphane,1.0120477785803552,0.049828165621120635,Unpaired t-test
1131,P37659,-0.1411475827114143,0.8923730650729104,25.789243109415064,25.86521280277268,0.5480496448460896,0.7541301572226624,-0.07596969335761727,t-Test,FDR correction BH,0.9843657807668258,False,control,10 µm sulforaphane,0.9487042443267688,0.049453546710412154,Unpaired t-test
380,P0A996,-0.14099090411234058,0.8924916152204213,27.47170634683116,27.510377435221315,0.30548425298417325,0.3638256877613939,-0.03867108839015643,t-Test,FDR correction BH,0.9843657807668258,False,control,10 µm sulforaphane,0.9735513031303418,0.04939585530608668,Unpaired t-test
1395,P77258,0.13902276418298387,0.8939810576311715,27.137096097305328,27.0779283942749,0.5283268159569429,0.5140717618644509,0.05916770303042895,t-Test,FDR correction BH,0.9843657807668258,False,control,10 µm sulforaphane,1.0418645313059605,0.048671683277249245,Unpaired t-test
872,P16456,0.13841932866928727,0.894437818805504,28.333384318123972,28.259414147783605,0.7949159664482072,0.47416533807167116,0.07397017034036679,t-Test,FDR correction BH,0.9843657807668258,False,control,10 µm sulforaphane,1.0526093903700864,0.048449846140002514,Unpaired t-test
381,P0A998,0.13821365204190394,0.8945935126944871,30.32529952635357,30.238056593203993,1.0484656735897986,0.3098836826180107,0.08724293314957876,t-Test,FDR correction BH,0.9843657807668258,False,control,10 µm sulforaphane,1.0623380568701764,0.048374255516371104,Unpaired t-test
326,P0A8J4,-0.136364023121134,0.8959938823406085,28.07541037830104,28.179772064649676,1.2128048629780395,0.5350084718448462,-0.10436168634863563,t-Test,FDR correction BH,0.9843657807668258,False,control,10 µm sulforaphane,0.9302164214688815,0.047694955599912894,Unpaired t-test
1274,P64490,-0.1362358223002929,0.8960909595505215,26.565138276613684,26.59894584854084,0.20817994854898048,0.37603657935020746,-0.03380757192715578,t-Test,FDR correction BH,0.9843657807668258,False,control,10 µm sulforaphane,0.9768388119876823,0.04764790414828571,Unpaired t-test
117,P08394,0.13545113917587293,0.8966851862380276,24.595415357857835,24.492771534122348,1.264187250262364,0.3529559263549893,0.10264382373548742,t-Test,FDR correction BH,0.9843657807668258,False,control,10 µm sulforaphane,1.0737393513603215,0.04736000497979158,Unpaired t-test
108,P08192,0.1349392958693711,0.8970728357596349,26.906391503466203,26.85492989989488,0.5014335681987081,0.42998870789986043,0.051461603571322456,t-Test,FDR correction BH,0.9843657807668258,False,control,10 µm sulforaphane,1.0363142888252166,0.04717229398566327,Unpaired t-test
1253,P62672,0.134861665415458,0.8971316326640053,25.83111455258494,25.796848122567987,0.19090596426691306,0.3965269819464658,0.0342664300169524,t-Test,FDR correction BH,0.9843657807668258,False,control,10 µm sulforaphane,1.0240359970351656,0.047143829926433026,Unpaired t-test
1062,P32703,0.1344552690907808,0.8974394468147904,26.467887667569695,26.440677044824696,0.20190428872448068,0.2865374781488261,0.027210622744998858,t-Test,FDR correction BH,0.9843657807668258,False,control,10 µm sulforaphane,1.0190399580115355,0.046994845035305134,Unpaired t-test
186,P0A6T5,0.13297570692762803,0.8985602669014605,27.240082578944904,27.18025332131267,0.5752156726620793,0.5257639676155211,0.059829257632234345,t-Test,FDR correction BH,0.9843657807668258,False,control,10 µm sulforaphane,1.042342392745309,0.04645278922280012,Unpaired t-test
32,P02925,-0.13160717751683804,0.8995972042437139,26.35838436978489,26.389450307773764,0.3682425676019387,0.17764263228852023,-0.031065937988874026,t-Test,FDR correction BH,0.9843657807668258,False,control,10 µm sulforaphane,0.9786969182957499,0.04595190292895156,Unpaired t-test
561,P0ACD4,0.13027531236061762,0.9006065696587815,29.997515248603122,29.98801144386769,0.10193265650848929,0.07466982356352284,0.009503804735430776,t-Test,FDR correction BH,0.9843657807668258,False,control,10 µm sulforaphane,1.0066092809922584,0.045464889311626656,Unpaired t-test
507,P0ABH0,-0.1288265034063384,0.9017047932556168,26.66572860038379,26.700516538008834,0.4442271182926384,0.14636393579190543,-0.03478793762504395,t-Test,FDR correction BH,0.9843657807668258,False,control,10 µm sulforaphane,0.9761752386562432,0.044935621709095784,Unpaired t-test
402,P0A9J6,0.12694266813889296,0.9031331310178139,25.230724523152354,25.18899002277319,0.4880039132725693,0.29345267471297576,0.04173450037916382,t-Test,FDR correction BH,0.9843657807668258,False,control,10 µm sulforaphane,1.029350634282284,0.04424822553952685,Unpaired t-test
520,P0ABP8,-0.1260335579210448,0.9038225676257837,31.08399811169128,31.174306209716256,0.9322980982498837,0.8192126676793442,-0.09030809802497686,t-Test,FDR correction BH,0.9843657807668258,False,control,10 µm sulforaphane,0.9393221287164285,0.04391681893202931,Unpaired t-test
850,P13445,-0.12480104650651798,0.9047574067780229,25.993032863683347,26.092866348180696,1.3180400364124683,0.42718576608064995,-0.09983348449734919,t-Test,FDR correction BH,0.9843657807668258,False,control,10 µm sulforaphane,0.9331406881875759,0.04346785286230834,Unpaired t-test
857,P14900,0.12465810536032428,0.9048658360902485,27.197670532451347,27.158403564374222,0.4989214766190797,0.22078786064720607,0.0392669680771256,t-Test,FDR correction BH,0.9843657807668258,False,control,10 µm sulforaphane,1.0275915757267833,0.04341580860147327,Unpaired t-test
522,P0ABQ4,-0.12407557445807992,0.905307743452239,27.596223791320284,27.631640329687468,0.4328906733018643,0.2388289248319738,-0.03541653836718339,t-Test,FDR correction BH,0.9843657807668258,False,control,10 µm sulforaphane,0.9757499992262365,0.04320376492256161,Unpaired t-test
325,P0A8I8,0.12404203565602422,0.9053331870873034,25.93708824979123,25.91870884381285,0.17065662093981424,0.1916769772768898,0.018379405978379282,t-Test,FDR correction BH,0.9843657807668258,False,control,10 µm sulforaphane,1.0128211282680226,0.04319155926640707,Unpaired t-test
1108,P37197,-0.12398201858741204,0.9053787183110817,24.20100247341692,24.225044169501437,0.31607414314241306,0.11359409225558205,-0.024041696084516673,t-Test,FDR correction BH,0.9843657807668258,False,control,10 µm sulforaphane,0.9834736497287739,0.0431697181781738,Unpaired t-test
365,P0A927,0.12395570882056735,0.9053986780220458,29.60250651407475,29.52381912380074,0.9235194101876315,0.5966862083115021,0.07868739027400906,t-Test,FDR correction BH,0.9843657807668258,False,control,10 µm sulforaphane,1.0560567693719327,0.04316014395624021,Unpaired t-test
352,P0A8X0,-0.12119260739531583,0.9074953032630145,27.90337708835955,27.928414945184308,0.22368698781103477,0.27930150473810367,-0.025037856824756233,t-Test,FDR correction BH,0.9851310524459348,False,control,10 µm sulforaphane,0.982794809325797,0.042155613974752495,Unpaired t-test
82,P06989,-0.11983270606258845,0.9085274896892471,25.96945269692165,26.070967247914158,0.42217528560911444,1.4052345666903943,-0.10151455099250839,t-Test,FDR correction BH,0.9851310524459348,False,control,10 µm sulforaphane,0.9320540011693259,0.04166192753070575,Unpaired t-test
250,P0A7K2,-0.11975706063146191,0.9085849115255954,29.120223380578587,29.29359879948739,1.8591139596806605,1.6826846461053713,-0.1733754189088046,t-Test,FDR correction BH,0.9851310524459348,False,control,10 µm sulforaphane,0.8867655205072882,0.04163447960105822,Unpaired t-test
1022,P30178,0.11943642011264259,0.9088283138736382,29.145659439840053,29.074513772710187,0.09902160773419148,1.0269820528607012,0.07114566712986559,t-Test,FDR correction BH,0.9851310524459348,False,control,10 µm sulforaphane,1.0505506114488545,0.04151815129906067,Unpaired t-test
811,P0C018,-0.11853986327433777,0.9095089592083838,31.807663295369775,31.932212202877725,1.34387305948664,1.2271378810716338,-0.12454890750795045,t-Test,FDR correction BH,0.9851310524459348,False,control,10 µm sulforaphane,0.9172908108883099,0.041193018518475386,Unpaired t-test
537,P0AC28,-0.1164082013017892,0.911127604905689,24.608436756171397,24.63049044041588,0.2789153255868848,0.17286300452466122,-0.02205368424448295,t-Test,FDR correction BH,0.9861455963275645,False,control,10 µm sulforaphane,0.9848297956307382,0.04042079511753382,Unpaired t-test
927,P23830,0.11528298203361645,0.9119822124547289,26.403170965339395,26.381489716029648,0.2192974448053844,0.24087216248659757,0.02168124930974713,t-Test,FDR correction BH,0.9863322955942692,False,control,10 µm sulforaphane,1.0151417895040185,0.0400136321848436,Unpaired t-test
1016,P29217,-0.11252282027471669,0.9140791079763754,26.570202658713942,26.67606231495993,1.2986891177145854,0.9841897897432804,-0.10585965624598614,t-Test,FDR correction BH,0.9867164602270259,False,control,10 µm sulforaphane,0.9292510663547822,0.03901621709886723,Unpaired t-test
643,P0ADY3,0.11195887360680261,0.9145076322835833,32.4991014579401,32.46496306946473,0.4999834544636756,0.1701274413112662,0.03413838847536965,t-Test,FDR correction BH,0.9867164602270259,False,control,10 µm sulforaphane,1.0239451162005933,0.038812665644302635,Unpaired t-test
1371,P76389,0.1116909724305192,0.914711212519119,26.254820347779837,26.20819137438836,0.2754848444011039,0.6685669937656918,0.04662897339147776,t-Test,FDR correction BH,0.9867164602270259,False,control,10 µm sulforaphane,1.0328487295710949,0.03871599730575588,Unpaired t-test
853,P13518,-0.11122289573775518,0.9150669247333622,24.31822172119484,24.35803806341996,0.47233012972400173,0.40170655946772565,-0.03981634222512298,t-Test,FDR correction BH,0.9867164602270259,False,control,10 µm sulforaphane,0.972778776086475,0.03854714202150876,Unpaired t-test
392,P0A9D8,-0.11020882827570262,0.9158376333565379,30.120474282645908,30.138552911591294,0.15552136121242296,0.23778189100673394,-0.01807862894538559,t-Test,FDR correction BH,0.9868116377299209,False,control,10 µm sulforaphane,0.9875470372511336,0.03818151452826632,Unpaired t-test
473,P0AAV4,0.10882167755923569,0.9168920538853365,26.03843761436808,26.028898429932795,0.11930669615786556,0.0939049551812547,0.009539184435283232,t-Test,FDR correction BH,0.9872121443918067,False,control,10 µm sulforaphane,1.0066339667157869,0.03768179100550607,Unpaired t-test
1336,P75867,0.10743024716895383,0.9179499137414971,26.21328837378202,26.19292014286286,0.3140078180345403,0.09611352849317362,0.020368230919160624,t-Test,FDR correction BH,0.9876157554093786,False,control,10 µm sulforaphane,1.014218314037053,0.037181014636568345,Unpaired t-test
1156,P39286,-0.10574558452512083,0.9192309548940112,25.875605055275507,25.93397845222075,0.8608744470805666,0.4160103820636079,-0.05837339694524246,t-Test,FDR correction BH,0.9882587068972045,False,control,10 µm sulforaphane,0.9603462758841782,0.03657535930530176,Unpaired t-test
813,P0C054,-0.10471755779952002,0.9200128117089337,28.56507552465233,28.594062078398366,0.387831516931071,0.2818742125635286,-0.028986553746037202,t-Test,FDR correction BH,0.9883644321925097,False,control,10 µm sulforaphane,0.9801085501393769,0.03620612481123589,Unpaired t-test
361,P0A910,0.09801638811844952,0.9251116875525053,31.910885621244546,31.79377280379139,1.528262805349151,1.395443087291632,0.1171128174531546,t-Test,FDR correction BH,0.9907341297519316,False,control,10 µm sulforaphane,1.084562217315871,0.03380583227757089,Unpaired t-test
659,P0AE60,0.096279994902512,0.9264335449103536,26.24041521547791,26.20859015597775,0.4826580973881593,0.30793674151303974,0.03182505950016079,t-Test,FDR correction BH,0.9907341297519316,False,control,10 µm sulforaphane,1.0223045589394906,0.03318572811393091,Unpaired t-test
715,P0AF24,-0.09550302304155603,0.9270251109238333,26.68100743830471,26.71493430069078,0.3727502685446921,0.4895424740636001,-0.03392686238606757,t-Test,FDR correction BH,0.9907341297519316,False,control,10 µm sulforaphane,0.9767580445840345,0.03290850168295453,Unpaired t-test
159,P0A6H1,-0.09549504766985242,0.9270311834286908,28.460988825648702,28.48785720219072,0.42093874327044467,0.24555850096372167,-0.026868376542019234,t-Test,FDR correction BH,0.9907341297519316,False,control,10 µm sulforaphane,0.9815486107953755,0.03290565683368109,Unpaired t-test
1066,P33218,0.09519218224634945,0.9272617913036592,25.82726967406669,25.80717842247535,0.2997965645397296,0.20919094727667153,0.020091251591342285,t-Test,FDR correction BH,0.9907341297519316,False,control,10 µm sulforaphane,1.0140236155496174,0.0327976353619253,Unpaired t-test
178,P0A6P9,0.09362368179683458,0.9284562027291429,30.249303971061316,30.15023554131057,1.6843909117872111,0.7224316735195901,0.09906842975074781,t-Test,FDR correction BH,0.9907341297519316,False,control,10 µm sulforaphane,1.071081625411172,0.03223857804340084,Unpaired t-test
997,P27305,-0.09296334793270275,0.9289591075846246,25.8428091771409,25.937469042993975,1.016112438373593,1.4415306267882435,-0.09465986585307462,t-Test,FDR correction BH,0.9907341297519316,False,control,10 µm sulforaphane,0.9364930118347462,0.032003403058267064,Unpaired t-test
620,P0ADK0,0.09248792556763724,0.9293212076427319,29.555312658421876,29.528177177725723,0.2534974791538961,0.44043232780012936,0.02713548069615257,t-Test,FDR correction BH,0.9907341297519316,False,control,10 µm sulforaphane,1.0189868832077558,0.03183415188788709,Unpaired t-test
903,P21599,0.09075299658927238,0.9306427532951976,30.371423326772188,30.35723485150388,0.2379888738687108,0.1291876602682772,0.01418847526830902,t-Test,FDR correction BH,0.9907341297519316,False,control,10 µm sulforaphane,1.009883221234909,0.031217000057974547,Unpaired t-test
1203,P46837,0.0899389667322015,0.931262907258847,27.699252353986743,27.69009913262434,0.10382335392204325,0.14245353960435325,0.009153221362403485,t-Test,FDR correction BH,0.9907341297519316,False,control,10 µm sulforaphane,1.0063646987402382,0.030927694901425537,Unpaired t-test
781,P0AG55,-0.08893761473032785,0.9320258417324041,31.92536740136923,31.944296313773314,0.16174778112488644,0.3312583201279875,-0.01892891240408545,t-Test,FDR correction BH,0.9907341297519316,False,control,10 µm sulforaphane,0.9869651765743325,0.03057204605138472,Unpaired t-test
780,P0AG51,0.0882842154413483,0.9325237122498156,29.5118407213193,29.487152076277617,0.3432422651318781,0.3417549332512137,0.024688645041681667,t-Test,FDR correction BH,0.9907341297519316,False,control,10 µm sulforaphane,1.0172601286080976,0.030340116121615735,Unpaired t-test
383,P0A9A9,0.08794750939699082,0.9327802851636827,29.361921479427398,29.319248901936135,0.4162857459178323,0.7300534630173681,0.0426725774912633,t-Test,FDR correction BH,0.9907341297519316,False,control,10 µm sulforaphane,1.030020161967093,0.030220641546366233,Unpaired t-test
594,P0AD05,0.08639450110288485,0.9339638049571141,27.536321244598795,27.491177439826973,0.7830643912484015,0.45379079622304824,0.045143804771822005,t-Test,FDR correction BH,0.9907341297519316,False,control,10 µm sulforaphane,1.0317860204108,0.0296699541895945,Unpaired t-test
601,P0AD59,0.08623743449995509,0.934083512959493,27.807014165270843,27.793084933916468,0.2704960197790829,0.07141318533271884,0.01392923135437485,t-Test,FDR correction BH,0.9907341297519316,False,control,10 µm sulforaphane,1.009701767393062,0.02961429336725305,Unpaired t-test
533,P0AC13,0.0851999837633021,0.9348742512919392,27.49004087044647,27.47116182793998,0.2945033091173937,0.24610485903326762,0.018879042506490862,t-Test,FDR correction BH,0.9907341297519316,False,control,10 µm sulforaphane,1.0131719508983243,0.029246801579615674,Unpaired t-test
329,P0A8L1,0.08403677092420003,0.9357609415064927,29.360103599871923,29.31050068142798,1.0068560241871944,0.17729966054560553,0.04960291844394504,t-Test,FDR correction BH,0.9907341297519316,False,control,10 µm sulforaphane,1.0349800209147055,0.028835086139148144,Unpaired t-test
816,P0C0K3,0.08397801093824608,0.9358057355750208,25.656844195319184,25.637423128638346,0.23130947128667836,0.32702392015119397,0.019421066680838095,t-Test,FDR correction BH,0.9907341297519316,False,control,10 µm sulforaphane,1.0135526736765996,0.028814297334746268,Unpaired t-test
233,P0A7D1,-0.08254767349475313,0.9368961932315018,27.443919428424117,27.461708695033344,0.3030418809140193,0.21792240421481857,-0.01778926660922764,t-Test,FDR correction BH,0.9907341297519316,False,control,10 µm sulforaphane,0.987745130104448,0.028308525658860717,Unpaired t-test
748,P0AFI7,0.08224611581485215,0.9371261133809359,27.315203316613157,27.28985617910239,0.46403478530661274,0.26383396405949444,0.025347137510767226,t-Test,FDR correction BH,0.9907341297519316,False,control,10 µm sulforaphane,1.0177245448641126,0.02820196016887024,Unpaired t-test
1106,P37177,-0.08093150706176112,0.9381285032265447,25.849638368070135,25.86653913962549,0.23291957472566385,0.2767236486413688,-0.016900771555356187,t-Test,FDR correction BH,0.9907341297519316,False,control,10 µm sulforaphane,0.9883536280431392,0.027737668636114474,Unpaired t-test
531,P0ABZ6,0.0805546907880681,0.9384158488350911,28.311483975434903,28.28071610318923,0.23127456030665744,0.6198142590068626,0.030767872245672123,t-Test,FDR correction BH,0.9907341297519316,False,control,10 µm sulforaphane,1.0215557025074558,0.02760466606356236,Unpaired t-test
973,P25745,0.07792376033534136,0.9404223759206582,27.408307997874445,27.380677058075158,0.47099281396274717,0.3941658372370713,0.027630939799287546,t-Test,FDR correction BH,0.9907341297519316,False,control,10 µm sulforaphane,1.0193368899763422,0.026677046047248125,Unpaired t-test
673,P0AED7,0.07760227409762556,0.9406675964597416,26.71157948858287,26.699902128716865,0.18609515643913624,0.1824790509475175,0.011677359866006043,t-Test,FDR correction BH,0.9907341297519316,False,control,10 µm sulforaphane,1.008126975090362,0.02656381602727012,Unpaired t-test
363,P0A917,-0.07724562196850643,0.9409396488801819,32.035095493358284,32.09379386671417,0.8711456591860807,0.9866181351196686,-0.05869837335588812,t-Test,FDR correction BH,0.9907341297519316,False,control,10 µm sulforaphane,0.9601299760222022,0.026438230981717648,Unpaired t-test
302,P0A884,-0.07430297011307738,0.9431846183575581,28.05536479841388,28.075070217161965,0.41453172830311047,0.19789484917164207,-0.01970541874808518,t-Test,FDR correction BH,0.9907341297519316,False,control,10 µm sulforaphane,0.9864341020995782,0.025403290416047806,Unpaired t-test
627,P0ADQ2,0.07422385607866515,0.9432449830017351,26.063065999896306,26.04743312455201,0.17460698324447974,0.32030008721836895,0.015632875344294916,t-Test,FDR correction BH,0.9907341297519316,False,control,10 µm sulforaphane,1.010894804281593,0.025375496077093208,Unpaired t-test
657,P0AE48,0.07407510991769105,0.9433584786365183,26.61764718590284,26.586184488185108,0.12229631434097848,0.7254357564241238,0.03146269771773191,t-Test,FDR correction BH,0.9907341297519316,False,control,10 µm sulforaphane,1.0220478188985755,0.02532324288349085,Unpaired t-test
364,P0A921,-0.07387103354821443,0.94351419445234,26.63499986577984,26.646706096483634,0.22078304565285048,0.16306939655222527,-0.011706230703794063,t-Test,FDR correction BH,0.9907341297519316,False,control,10 µm sulforaphane,0.9919186899753263,0.025251561820243254,Unpaired t-test
625,P0ADP0,-0.07060096158871886,0.946009716304869,26.314894304883516,26.339563367386255,0.4397252215548585,0.4158305821942346,-0.02466906250273837,t-Test,FDR correction BH,0.9907341297519316,False,control,10 µm sulforaphane,0.9830460720426372,0.02410440301055512,Unpaired t-test
80,P06987,0.06802993137483307,0.9479722448309329,26.57204510834165,26.561949132402887,0.06413425062079019,0.24891534923990735,0.010095975938764212,t-Test,FDR correction BH,0.9907341297519316,False,control,10 µm sulforaphane,1.0070225404574404,0.023204377950149443,Unpaired t-test
640,P0ADV7,-0.06797522125494222,0.9480140107688679,27.062216092675378,27.073843918212788,0.18707329882347504,0.229756203278223,-0.01162782553740982,t-Test,FDR correction BH,0.9907341297519316,False,control,10 µm sulforaphane,0.9919725985707397,0.02318524414437837,Unpaired t-test
116,P08390,-0.0675409038557366,0.9483455769288884,27.546113388871927,27.555892359398882,0.20462256187192782,0.144977506437564,-0.009778970526955533,t-Test,FDR correction BH,0.9907341297519316,False,control,10 µm sulforaphane,0.9932446547778178,0.02303337700263558,Unpaired t-test
998,P27431,-0.06706797470900859,0.9487066329243472,26.390006629476428,26.40675786085947,0.4008147467918733,0.16277338520543266,-0.016751231383043574,t-Test,FDR correction BH,0.9907341297519316,False,control,10 µm sulforaphane,0.9884560795161306,0.02286806301964162,Unpaired t-test
525,P0ABT2,0.06688445437006299,0.9488467444443179,30.63731673861921,30.58198426238204,0.94199853131102,1.0797397761692216,0.05533247623716875,t-Test,FDR correction BH,0.9907341297519316,False,control,10 µm sulforaphane,1.0390985411261644,0.022803928159657514,Unpaired t-test
1158,P39310,0.06674492108558153,0.9489532746903655,25.80936411367932,25.78969347632495,0.216934845553194,0.46206885569961065,0.019670637354369802,t-Test,FDR correction BH,0.9907341297519316,False,control,10 µm sulforaphane,1.013728022517895,0.02275517118042222,Unpaired t-test
910,P22188,0.06622264921831712,0.949352026719865,26.926113985864802,26.90377263076505,0.5373053686247674,0.22968018521673708,0.022341355099751325,t-Test,FDR correction BH,0.9907341297519316,False,control,10 µm sulforaphane,1.0156063743815018,0.022572718117179178,Unpaired t-test
654,P0AE34,-0.06600602970168098,0.9495174193914088,25.91261351446724,25.93233059192654,0.267182413367719,0.44306642270154944,-0.01971707745930118,t-Test,FDR correction BH,0.9907341297519316,False,control,10 µm sulforaphane,0.9864261305577519,0.02249706349550157,Unpaired t-test
385,P0A9B6,-0.06398246617096776,0.9510625763991412,26.956362876574794,26.974294732269367,0.26710018835647303,0.40533677551231084,-0.017931855694573784,t-Test,FDR correction BH,0.9907341297519316,False,control,10 µm sulforaphane,0.9876475109189408,0.02179090715221236,Unpaired t-test
1079,P33602,-0.06308595404103214,0.9517472120636137,28.125057559864956,28.139065391319143,0.32882620908685833,0.1994577306456158,-0.014007831454186714,t-Test,FDR correction BH,0.9907341297519316,False,control,10 µm sulforaphane,0.9903374960195015,0.021478386682927293,Unpaired t-test
268,P0A7U7,-0.06275881350983123,0.9519970493796499,32.711680313088905,32.71796943562742,0.08904226162765548,0.1489906049815402,-0.006289122538511549,t-Test,FDR correction BH,0.9907341297519316,False,control,10 µm sulforaphane,0.9956502003463934,0.021364397666074057,Unpaired t-test
1078,P33599,0.06192345128939178,0.9526350428037789,28.685783654114402,28.677201506144524,0.13656358163294238,0.19741916676261675,0.008582147969878662,t-Test,FDR correction BH,0.9907341297519316,False,control,10 µm sulforaphane,1.0059664202713168,0.02107344695166577,Unpaired t-test
1026,P30847,-0.061819681593909964,0.952714297808394,24.66476432126778,24.68606307762842,0.42399680734670153,0.4199168818881405,-0.021298756360639715,t-Test,FDR correction BH,0.9907341297519316,False,control,10 µm sulforaphane,0.9853452684145934,0.021037317082508687,Unpaired t-test
1107,P37194,0.06156271501344981,0.9529105608115188,30.490306851311615,30.451875528972902,1.0265394808372015,0.3396018286010584,0.03843132233871316,t-Test,FDR correction BH,0.9907341297519316,False,control,10 µm sulforaphane,1.026996540841676,0.020947859874627838,Unpaired t-test
560,P0ACC7,0.060865987062882675,0.953442717907317,28.91154176272807,28.885386341121706,0.06649021841262476,0.741323602422125,0.02615542160636508,t-Test,FDR correction BH,0.9907341297519316,False,control,10 µm sulforaphane,1.0182948948139394,0.020705393906967053,Unpaired t-test
1231,P60624,-0.05964696250345316,0.9543738654836107,30.85340333151343,30.910044689642778,1.4356886472262993,0.8025435464887487,-0.05664135812934745,t-Test,FDR correction BH,0.9907341297519316,False,control,10 µm sulforaphane,0.9614999194867426,0.02028146186879016,Unpaired t-test
1076,P33593,-0.05735044110033467,0.9561282683635587,28.23314779782671,28.240459978164353,0.17914188409067686,0.12913916262680325,-0.00731218033764236,t-Test,FDR correction BH,0.9907341297519316,False,control,10 µm sulforaphane,0.9949444055687617,0.019483841504523827,Unpaired t-test
1402,P77433,0.056699888550526906,0.956625300444297,26.64743439644375,26.619519146562233,0.15857538652105935,0.8378725605286406,0.027915249881516502,t-Test,FDR correction BH,0.9907341297519316,False,control,10 µm sulforaphane,1.019537789199458,0.019258137264968746,Unpaired t-test
1381,P76558,0.05619244514573785,0.9570130098069809,27.031414811006176,27.018409627757933,0.29901353282152154,0.2669914240290699,0.013005183248242957,t-Test,FDR correction BH,0.9907341297519316,False,control,10 µm sulforaphane,1.0090552591253923,0.019082158305728947,Unpaired t-test
1161,P39337,-0.05564841953512195,0.9574286839200307,25.769709196012233,25.81264800230958,1.177422187543308,0.6323109098376594,-0.04293880629734659,t-Test,FDR correction BH,0.9907341297519316,False,control,10 µm sulforaphane,0.9706756413097234,0.01889356548830764,Unpaired t-test
328,P0A8K1,0.05543756294667786,0.9575897972474952,26.813096472739815,26.792415622322963,0.5096456048798482,0.39718373285209146,0.02068085041685208,t-Test,FDR correction BH,0.9907341297519316,False,control,10 µm sulforaphane,1.0144381101588478,0.018820489818352402,Unpaired t-test
127,P09147,0.055101361574577755,0.9578466897601663,27.54738407645012,27.527903453194988,0.5467742338133141,0.2757043984461298,0.01948062325513078,t-Test,FDR correction BH,0.9907341297519316,False,control,10 µm sulforaphane,1.013594515486107,0.01870399730907734,Unpaired t-test
999,P27434,0.05094357252094604,0.9610241174126931,26.926227902153016,26.908027069182932,0.5141619423243956,0.3443434789941954,0.018200832970084235,t-Test,FDR correction BH,0.9931685100727298,False,control,10 µm sulforaphane,1.0126957716834835,0.017265713343084972,Unpaired t-test
1010,P28630,0.04980274878445699,0.961896087263693,25.775030285520852,25.743178930099607,0.7167740115206626,0.8445757496302233,0.03185135542124584,t-Test,FDR correction BH,0.9931685100727298,False,control,10 µm sulforaphane,1.0223231925968046,0.016871841855635054,Unpaired t-test
1123,P37639,-0.04932563786194382,0.9622607763567734,25.17034810885537,25.19004984312359,0.5230644437241717,0.452787888686129,-0.019701734268217308,t-Test,FDR correction BH,0.9931685100727298,False,control,10 µm sulforaphane,0.9864366213438592,0.016707216542983985,Unpaired t-test
83,P06992,0.04683858677896212,0.9641619625192583,27.73779193155889,27.723273719920712,0.3622084764804992,0.3962770739202893,0.014518211638176126,t-Test,FDR correction BH,0.9944209684756402,False,control,10 µm sulforaphane,1.0101140623169265,0.01585000601402084,Unpaired t-test
422,P0A9R4,0.04532731488625043,0.9653173570302896,28.756224080912187,28.747505769110077,0.19477288040596472,0.2702757463766195,0.008718311802109469,t-Test,FDR correction BH,0.9949029923491082,False,control,10 µm sulforaphane,1.0060613694485283,0.015329884844072427,Unpaired t-test
677,P0AEF0,-0.04295482784540258,0.9671313510214968,26.356756289403368,26.368002848525467,0.3170420043418922,0.32425008281766055,-0.011246559122099598,t-Test,FDR correction BH,0.9952233903160562,False,control,10 µm sulforaphane,0.9922347855231869,0.014514538171532126,Unpaired t-test
1380,P76537,0.04227810793835833,0.9676488083656289,27.0325736816602,27.022229936178906,0.3211987874312837,0.27641692437420884,0.010343745481293354,t-Test,FDR correction BH,0.9952233903160562,False,control,10 µm sulforaphane,1.0071955021255663,0.014282233872312589,Unpaired t-test
802,P0AGG8,-0.041822452304968755,0.9679972375247254,27.2921601245743,27.31247531274331,0.7800560686062051,0.31522527807118195,-0.020315188169011122,t-Test,FDR correction BH,0.9952233903160562,False,control,10 µm sulforaphane,0.9860172640030574,0.01412588208156504,Unpaired t-test
638,P0ADU7,-0.03869466097651155,0.9703891906740563,24.654883963912425,24.662343846449055,0.239861734443791,0.2323111545869283,-0.007459882536629436,t-Test,FDR correction BH,0.9952233903160562,False,control,10 µm sulforaphane,0.9948425490086016,0.013054049792716313,Unpaired t-test
1071,P33362,-0.038538031760272456,0.9705089807069402,25.741035951431865,25.765219117752764,0.4139698417522732,1.0049634765978608,-0.02418316632089912,t-Test,FDR correction BH,0.9952233903160562,False,control,10 µm sulforaphane,0.9833772153304084,0.013000441467352635,Unpaired t-test
1222,P60240,-0.03785354000455491,0.9710324898892672,27.07930805756283,27.083966605193993,0.17644976108963573,0.1195928464161138,-0.0046585476311626905,t-Test,FDR correction BH,0.9952233903160562,False,control,10 µm sulforaphane,0.9967761486485276,0.012766238739197331,Unpaired t-test
239,P0A7E9,-0.03689876852599728,0.9717627392710116,27.712250468755215,27.734611766612776,1.036471266368918,0.16582758357497757,-0.022361297857560913,t-Test,FDR correction BH,0.9952233903160562,False,control,10 µm sulforaphane,0.9846198311212631,0.012439757299382837,Unpaired t-test
36,P03004,-0.03671310849961701,0.9719047433766428,26.77871781692871,26.784456321474337,0.2052699658605717,0.17652078371831795,-0.005738504545625744,t-Test,FDR correction BH,0.9952233903160562,False,control,10 µm sulforaphane,0.9960302720385324,0.012376298297116737,Unpaired t-test
78,P06983,-0.03558267562583166,0.9727693915032177,27.23997730115808,27.24806946190473,0.367088098238783,0.14284232005110312,-0.008092160746649313,t-Test,FDR correction BH,0.9952233903160562,False,control,10 µm sulforaphane,0.9944066429915217,0.011990103069680659,Unpaired t-test
265,P0A7T3,0.03525253181962043,0.9730219203772352,29.714769866643554,29.687664528995143,1.0626019116074148,0.8027796018927453,0.027105337648411165,t-Test,FDR correction BH,0.9952233903160562,False,control,10 µm sulforaphane,1.0189655931578676,0.011877375773127155,Unpaired t-test
413,P0A9N4,0.034956021189718696,0.9732487259665479,28.46806966663776,28.45283815090195,0.4811910655132513,0.581417816188682,0.015231515735809609,t-Test,FDR correction BH,0.9952233903160562,False,control,10 µm sulforaphane,1.0106136111680293,0.011776156123604905,Unpaired t-test
240,P0A7F3,-0.03412115528216106,0.9738873425291974,27.471098549865747,27.479911185982704,0.42208460030206496,0.1481967543952686,-0.008812636116957151,t-Test,FDR correction BH,0.9952233903160562,False,control,10 µm sulforaphane,0.9939101647968903,0.01149127859127132,Unpaired t-test
1435,Q46861,0.03259229934130027,0.9750568696746864,25.062868457883482,25.044493600941088,0.19240463190837068,0.9573510603519321,0.018374856942394047,t-Test,FDR correction BH,0.9957148542016925,False,control,10 µm sulforaphane,1.0128179346946307,0.01097005356747791,Unpaired t-test
26,P00963,-0.028281460384352048,0.9783548827910207,26.734742600925674,26.7396170692068,0.1731192921804558,0.24320583221611752,-0.004874468281126809,t-Test,FDR correction BH,0.9970979026323501,False,control,10 µm sulforaphane,0.9966269775189264,0.009503583165850692,Unpaired t-test
501,P0ABD5,0.026805444860288852,0.9794842218406379,28.717470358111267,28.714428732813303,0.13482668447913673,0.1429978292355198,0.0030416252979641456,t-Test,FDR correction BH,0.9970979026323501,False,control,10 µm sulforaphane,1.0021105180140821,0.009002555506648028,Unpaired t-test
671,P0AEC5,0.025314067801825258,0.9806253673431378,24.569483884530044,24.56438767272963,0.15276405593447934,0.3134510986067424,0.005096211800413641,t-Test,FDR correction BH,0.9970979026323501,False,control,10 µm sulforaphane,1.003538671206395,0.008496876381857126,Unpaired t-test
158,P0A6G7,-0.02484757070428161,0.980982323793872,28.40996187003095,28.434436976224692,1.3061506258821198,1.0975904424740521,-0.024475106193740714,t-Test,FDR correction BH,0.9970979026323501,False,control,10 µm sulforaphane,0.9831782419050169,0.008338818051187646,Unpaired t-test
1311,P69786,-0.023997819470536783,0.9816325527934031,29.59687834349637,29.605821067134666,0.24734247584667332,0.5961709687913299,-0.008942723638295291,t-Test,FDR correction BH,0.9970979026323501,False,control,10 µm sulforaphane,0.9938205481578807,0.008051048015231257,Unpaired t-test
569,P0ACG1,0.023581422171620757,0.9819511853716787,30.5732801319951,30.564517013361957,0.4452335140142318,0.4648134946246715,0.008763118633144273,t-Test,FDR correction BH,0.9970979026323501,False,control,10 µm sulforaphane,1.006092615914717,0.007910101266666709,Unpaired t-test
783,P0AG63,0.022848612700299715,0.982511949445347,32.732934184399966,32.729107666815864,0.16259131002163804,0.24021932795313566,0.0038265175841019072,t-Test,FDR correction BH,0.9970979026323501,False,control,10 µm sulforaphane,1.0026558604400795,0.007662158971245401,Unpaired t-test
617,P0ADG4,0.02279769834006984,0.9825509107938903,29.00641778861545,29.001732962481483,0.3326046595629787,0.12672582505416144,0.00468482613396759,t-Test,FDR correction BH,0.9970979026323501,False,control,10 µm sulforaphane,1.0032525521320794,0.007644937436988705,Unpaired t-test
367,P0A935,0.02271103613020679,0.9826172276978554,26.24272184561758,26.231383609040016,0.7814107312004248,0.37029207256199065,0.011338236577564942,t-Test,FDR correction BH,0.9970979026323501,False,control,10 µm sulforaphane,1.0078900302427412,0.0076156258835437364,Unpaired t-test
534,P0AC16,0.01979864933002272,0.9848459711280464,26.250709266427627,26.238161985046734,0.5985349579914946,0.9201366527414787,0.012547281380893338,t-Test,FDR correction BH,0.9986586775954803,False,control,10 µm sulforaphane,1.0087350424777013,0.006631687390649613,Unpaired t-test
951,P24215,-0.01847073008838611,0.9858622303977365,26.19534032385192,26.19971354283468,0.38018214021158225,0.1537344216401075,-0.0043732189827601076,t-Test,FDR correction BH,0.9989886371094091,False,control,10 µm sulforaphane,0.9969733052959722,0.006183771426438673,Unpaired t-test
1292,P67910,-0.014722415026946335,0.9887309735015615,30.042365893866577,30.04349373860538,0.08951701805845098,0.09794257131447458,-0.0011278447388036739,t-Test,FDR correction BH,0.9991072034465741,False,control,10 µm sulforaphane,0.9992185430958007,0.0049218606955678534,Unpaired t-test
663,P0AE82,-0.012624732902443,0.9903365014361755,26.104823304822254,26.107424457069275,0.24734254975147835,0.2572439213365014,-0.0026011522470206216,t-Test,FDR correction BH,0.9991072034465741,False,control,10 µm sulforaphane,0.9981986430482402,0.004217213598548011,Unpaired t-test
262,P0A7R9,-0.012372366824536251,0.9905296613706347,32.79400249709214,32.79592545746071,0.19619214489974973,0.18433209911794302,-0.0019229603685744223,t-Test,FDR correction BH,0.9991072034465741,False,control,10 µm sulforaphane,0.9986679933516048,0.0041325150000243605,Unpaired t-test
840,P12008,0.012364599203854262,0.9905356066860656,26.84097201923144,26.83865051614957,0.1647818371442498,0.2803598596395887,0.0023215030818697358,t-Test,FDR correction BH,0.9991072034465741,False,control,10 µm sulforaphane,1.0016104386816813,0.004129908303792353,Unpaired t-test
970,P25714,-0.012222611579278505,0.9906442837389808,27.823932501021513,27.828116031819143,0.5152820778338444,0.29316723275504264,-0.004183530797629231,t-Test,FDR correction BH,0.9991072034465741,False,control,10 µm sulforaphane,0.9971043977892722,0.004082262106022972,Unpaired t-test
662,P0AE78,0.01175966049001592,0.9909986271211861,27.36316499972324,27.358784468441108,0.4180890659658342,0.49140742635756934,0.004380531282130562,t-Test,FDR correction BH,0.9991072034465741,False,control,10 µm sulforaphane,1.0030409672961753,0.00392694716367137,Unpaired t-test
121,P08660,-0.011546723524089022,0.9911616101203808,26.747719820164704,26.74982861961238,0.15312778576018643,0.276794248843174,-0.0021087994476758354,t-Test,FDR correction BH,0.9991072034465741,False,control,10 µm sulforaphane,0.998539359383866,0.00385552749131196,Unpaired t-test
1159,P39315,-0.008776285435024891,0.9932821565008361,25.666972828251758,25.669089407186924,0.3528871406391852,0.22351718408014098,-0.0021165789351655917,t-Test,FDR correction BH,0.9991072034465741,False,control,10 µm sulforaphane,0.9985339749448195,0.0029273662023148028,Unpaired t-test
939,P23894,0.006834416096008257,0.9947685374748321,29.205618937720377,29.203147914614277,0.2875294366732093,0.5563224931399992,0.0024710231061000343,t-Test,FDR correction BH,0.9991072034465741,False,control,10 µm sulforaphane,1.0017142503491812,0.0022779590445898695,Unpaired t-test
1125,P37648,-0.006464045932542978,0.9950520357602017,26.800339628529553,26.801370373451746,0.12615627020212927,0.2456935438771642,-0.0010307449221933496,t-Test,FDR correction BH,0.9991072034465741,False,control,10 µm sulforaphane,0.9992857972276051,0.002154207442606995,Unpaired t-test
333,P0A8N0,-0.006285038070354939,0.995189056862785,25.856429110659594,25.85814313102513,0.25311873825069964,0.3988111468275708,-0.0017140203655365838,t-Test,FDR correction BH,0.9991072034465741,False,control,10 µm sulforaphane,0.9988126370900369,0.0020944081458576604,Unpaired t-test
726,P0AF96,0.005103410265202553,0.9960935350652904,27.2559460061079,27.253634158130453,0.7271847897165983,0.294670913334908,0.0023118479774488776,t-Test,FDR correction BH,0.9991072034465741,False,control,10 µm sulforaphane,1.0016037355179908,0.0016998785889215042,Unpaired t-test
1061,P32695,-0.004389972577622101,0.996639639842295,25.880317819657552,25.8814339521425,0.3783491192201297,0.22533277987870176,-0.0011161324849489063,t-Test,FDR correction BH,0.9991072034465741,False,control,10 µm sulforaphane,0.9992266551003521,0.0014618434117910414,Unpaired t-test
994,P27298,0.0030031478065688988,0.9977011978600204,28.125683388964475,28.125155764001228,0.2773762042915548,0.12515608387368554,0.0005276249632473196,t-Test,FDR correction BH,0.9991072034465741,False,control,10 µm sulforaphane,1.0003657886400226,0.0009995063587222327,Unpaired t-test
101,P07650,-0.0027395421390856546,0.9979029779447284,27.8605018368357,27.860860658331067,0.1906696053382128,0.12292807509856912,-0.00035882149536803354,t-Test,FDR correction BH,0.9991072034465741,False,control,10 µm sulforaphane,0.9997513148194485,0.0009116813494265544,Unpaired t-test
47,P04846,0.002236298217820386,0.9982881924313638,25.74969854782277,25.74931351210231,0.08640668589840807,0.28542437353964906,0.00038503572045911483,t-Test,FDR correction BH,0.9991072034465741,False,control,10 µm sulforaphane,1.0002669220414013,0.0007440656115610234,Unpaired t-test
1038,P31120,-0.001442230864525349,0.9988960224123227,28.64687548278976,28.64698936803313,0.10580487208493944,0.08666933095221148,-0.0001138852433690829,t-Test,FDR correction BH,0.9991072034465741,False,control,10 µm sulforaphane,0.9999210638802708,0.0004797162212002043,Unpaired t-test
1291,P67660,0.001301310585862838,0.9990038919116655,26.36872428047075,26.368467786283635,0.2097687983148774,0.2693466473053807,0.00025649418711637395,t-Test,FDR correction BH,0.9991072034465741,False,control,10 µm sulforaphane,1.0001778040278924,0.00043281984962532623,Unpaired t-test
774,P0AG24,0.0011663448418531245,0.9991072034465741,25.513251551214317,25.51266176930047,0.8581288719465556,0.175247559160195,0.0005897819138489524,t-Test,FDR correction BH,0.9991072034465741,False,control,10 µm sulforaphane,1.0004088892431557,0.00038790980466138123,Unpaired t-test
