,identifier,T-statistics,pvalue,mean_group1,mean_group2,std(group1),std(group2),log2FC,test,correction,padj,rejected,group1,group2,FC,-log10 pvalue,Method
1415,sp|Q46835|YGHG_ECOLI,-8.14571055157192,0.00018404853283986064,26.722986779388908,27.67682135213074,0.19442662946221292,0.057732912810190176,-0.9538345727418331,t-Test,FDR correction BH,0.12169160607331314,True,0,1,0.5162584613502038,3.735067640222706,Unpaired t-test
109,sp|P08200|IDH_ECOLI,-7.568249333118336,0.00027645152922706564,28.754553356374824,29.45507675994491,0.06934018558895323,0.14454915339059843,-0.7005234035700845,t-Test,FDR correction BH,0.12169160607331314,True,0,1,0.6153489202234917,3.558381003363012,Unpaired t-test
1308,sp|P75726|CILA_ECOLI,7.460335615153255,0.00029914921190854585,28.081817187707614,26.85219191080602,0.2216872857577019,0.17987033128790397,1.2296252769015936,t-Test,FDR correction BH,0.12169160607331314,True,0,1,2.3450607173650315,3.52411213694435,Unpaired t-test
36,sp|P02943|LAMB_ECOLI,-7.006237821504008,0.00042144145509695897,26.117247592703496,27.919537517339336,0.4278614606373089,0.12431006598192669,-1.80228992463584,t-Test,FDR correction BH,0.12169160607331314,True,0,1,0.286719131062708,3.3752627472415426,Unpaired t-test
957,sp|P25539|RIBD_ECOLI,-6.994788636504356,0.0004251977850220585,26.87680688259146,27.187936792841583,0.06357900370963111,0.04351076643562679,-0.3111299102501235,t-Test,FDR correction BH,0.12169160607331314,True,0,1,0.8060102494817681,3.371409006508108,Unpaired t-test
1244,sp|P62768|YAEH_ECOLI,-6.152383501538184,0.0008452621758203262,28.99936814715449,29.677382493924316,0.1465251269911082,0.12233085336715344,-0.6780143467698245,t-Test,FDR correction BH,0.1700672086125103,False,0,1,0.6250249357493192,3.073008564598284,Unpaired t-test
959,sp|P25665|METE_ECOLI,-6.0149897098195515,0.0009519856849095794,26.67616041904055,27.714068209463335,0.060995591698167755,0.2925811242027615,-1.0379077904227856,t-Test,FDR correction BH,0.1700672086125103,False,0,1,0.48703326191450347,3.0213695820898114,Unpaired t-test
1280,sp|P68066|GRCA_ECOLI,-5.8965827190393,0.001056457497351201,31.538684531288407,32.216395968751456,0.10528986186346169,0.16894605497634507,-0.6777114374630493,t-Test,FDR correction BH,0.1700672086125103,False,0,1,0.6251561802199307,2.9761479704878084,Unpaired t-test
509,sp|P0ABK9|NRFA_ECOLI,5.843766539029311,0.001107241752643147,26.481789218901987,25.636906614434714,0.16642515551915885,0.1871134329737428,0.8448826044672728,t-Test,FDR correction BH,0.1700672086125103,False,0,1,1.796118585372659,2.95575754589975,Unpaired t-test
508,sp|P0ABK5|CYSK_ECOLI,-5.764809970940862,0.0011884500951258581,29.62247088731209,30.524137954379277,0.25181138022860444,0.09991084157882621,-0.9016670670671871,t-Test,FDR correction BH,0.1700672086125103,False,0,1,0.5352678595409618,2.9250190502559557,Unpaired t-test
949,sp|P25437|FRMA_ECOLI,-5.303488754608509,0.0018237239811038858,29.08765531782339,29.7443931128887,0.1828481120436423,0.11211210825397801,-0.656737795065311,t-Test,FDR correction BH,0.21869004823073898,False,0,1,0.6343109730571475,2.739040891092249,Unpaired t-test
1083,sp|P36943|EAEH_ECOLI,5.297685270838912,0.001833878811159237,28.845291120148985,28.37480484943231,0.07651346741200075,0.13344370015186835,0.4704862707166768,t-Test,FDR correction BH,0.21869004823073898,False,0,1,1.3855764078853283,2.7366293673485553,Unpaired t-test
486,sp|P0AB80|ILVE_ECOLI,-5.149408326627178,0.0021164787763827244,28.177132293727645,28.85255303192509,0.20495045889225083,0.09801972430445473,-0.6754207381974453,t-Test,FDR correction BH,0.23297547146182143,False,0,1,0.6261495864899373,2.6743860821845766,Unpaired t-test
829,sp|P11349|NARH_ECOLI,4.853159797906189,0.002842515100013173,27.35979086980628,26.919208657866946,0.1418978888372646,0.06774512651544402,0.4405822119393328,t-Test,FDR correction BH,0.2905456505799179,False,0,1,1.357151907225117,2.5462972195742717,Unpaired t-test
73,sp|P06721|METC_ECOLI,-4.718814270909587,0.003262005890674752,25.528985678096557,26.24443714186794,0.19823993579102178,0.17223205053434984,-0.7154514637713838,t-Test,FDR correction BH,0.31119536197037134,False,0,1,0.6090145225891108,2.4865152590268194,Unpaired t-test
533,sp|P0AC33|FUMA_ECOLI,-4.615324650167646,0.0036331141171776155,26.751532772670416,27.40346787051603,0.20074493562855936,0.13985678778348573,-0.651935097845616,t-Test,FDR correction BH,0.31596812564961935,False,0,1,0.6364260977327552,2.4397209606062735,Unpaired t-test
302,sp|P0A898|YBEY_ECOLI,-4.584261597637815,0.0037536395080667567,27.013764517184953,27.611473865818994,0.21223978507522667,0.07715814996415696,-0.5977093486340408,t-Test,FDR correction BH,0.31596812564961935,False,0,1,0.6608023174133827,2.4255474384741222,Unpaired t-test
1310,sp|P75745|PXPC_ECOLI,-4.239681338940936,0.00544168028153998,26.048533272462958,26.45419703510266,0.08314429833189406,0.14336146415417872,-0.4056637626397013,t-Test,FDR correction BH,0.3825891520325348,False,0,1,0.754888899660232,2.2642669781832176,Unpaired t-test
700,sp|P0AEX9|MALE_ECOLI,-4.137257122101059,0.006097290480935656,27.007231166666678,27.41057805239698,0.09180879791241403,0.14172102613169263,-0.40334688573030064,t-Test,FDR correction BH,0.3825891520325348,False,0,1,0.7561021774095722,2.2148631142675095,Unpaired t-test
1111,sp|P37650|BCSC_ECOLI,-4.094355343210164,0.006397842722139916,26.023047591696713,26.324499171421643,0.09347381166961108,0.08674717290827466,-0.30145157972492953,t-Test,FDR correction BH,0.3825891520325348,False,0,1,0.8114355527957582,2.1939664403610584,Unpaired t-test
1123,sp|P37773|MPL_ECOLI,4.07349187829068,0.006549970854140021,27.738677883921188,26.92169073586864,0.11695397603321674,0.32710389548241897,0.8169871480525472,t-Test,FDR correction BH,0.3825891520325348,False,0,1,1.7617230542421771,2.18376063251422,Unpaired t-test
1316,sp|P75825|HCP_ECOLI,4.04051855047418,0.006798722490790962,26.997673065071396,25.38407035056731,0.4551573000474311,0.5208511568494197,1.6136027145040863,t-Test,FDR correction BH,0.3825891520325348,False,0,1,3.0601507274946593,2.167572685429482,Unpaired t-test
870,sp|P17169|GLMS_ECOLI,-4.015105545987279,0.006997654045990394,28.842484802930407,29.450049990302748,0.24309528749747614,0.0979682416586324,-0.6075651873723409,t-Test,FDR correction BH,0.3825891520325348,False,0,1,0.656303400213098,2.1550475322205425,Unpaired t-test
913,sp|P23331|KITH_ECOLI,-3.9756829079676463,0.007319255085993453,28.01255205623933,28.296646144866006,0.09703385199049705,0.07683189933187685,-0.2840940886266772,t-Test,FDR correction BH,0.3825891520325348,False,0,1,0.8212571388599755,2.135533116824754,Unpaired t-test
623,sp|P0ADR8|PPNN_ECOLI,-3.9352551514112815,0.00766629875129558,27.810702265830383,28.35945529975206,0.1823933521951879,0.15832776891239334,-0.5487530339216775,t-Test,FDR correction BH,0.3825891520325348,False,0,1,0.6836107390672259,2.115414260543311,Unpaired t-test
28,sp|P00968|CARB_ECOLI,-3.9296746331177275,0.007715630148999298,26.412876550512863,26.95608446798701,0.18098736535307042,0.15674205022463797,-0.5432079174741489,t-Test,FDR correction BH,0.3825891520325348,False,0,1,0.6862433088915447,2.112628598562945,Unpaired t-test
757,sp|P0AFU8|RISA_ECOLI,-3.8753153164679577,0.008215133483560262,28.76533626083635,29.428543390782774,0.26537945439009464,0.13204789335303768,-0.6632071299464251,t-Test,FDR correction BH,0.3825891520325348,False,0,1,0.6314729628696585,2.0853853755396106,Unpaired t-test
289,sp|P0A843|TATE_ECOLI,-3.835033196655892,0.008608545851507242,28.10828195193379,28.687090559926418,0.2504809698005684,0.07480521379453875,-0.5788086079926273,t-Test,FDR correction BH,0.3825891520325348,False,0,1,0.6695164425441237,2.065070203018113,Unpaired t-test
1102,sp|P37626|YHII_ECOLI,-3.832418237012295,0.00863480079460214,27.202661346347604,27.46573573735371,0.05881150258858215,0.10333152819398735,-0.2630743910061071,t-Test,FDR correction BH,0.3825891520325348,False,0,1,0.833310237312184,2.063747677181987,Unpaired t-test
1139,sp|P39285|MSCM_ECOLI,3.8157983794904013,0.008803767337823131,24.66126647906018,24.17347597850769,0.044998816782500894,0.21679494690139958,0.4877905005524923,t-Test,FDR correction BH,0.3825891520325348,False,0,1,1.402295602971023,2.055331443314819,Unpaired t-test
1029,sp|P31572|CAIB_ECOLI,3.8085862502671257,0.008878232110538585,25.398860574634533,24.967389067135052,0.11942041367316382,0.15569862182828617,0.4314715074994808,t-Test,FDR correction BH,0.3825891520325348,False,0,1,1.3486084174438078,2.0516735050632557,Unpaired t-test
1097,sp|P37349|DHAM_ECOLI,3.8005033098305074,0.008962521998187674,25.93477235121475,25.259311560613078,0.2957806866475954,0.08530473020753825,0.6754607906016723,t-Test,FDR correction BH,0.3825891520325348,False,0,1,1.5971068003132978,2.04756976536266,Unpaired t-test
1360,sp|P76440|PRET_ECOLI,3.7963827270889934,0.009005834288761148,27.181800098888328,26.638579542465536,0.23314414374118944,0.08406653513739262,0.5432205564227921,t-Test,FDR correction BH,0.3825891520325348,False,0,1,1.4572218741269145,2.045476048505524,Unpaired t-test
59,sp|P05459|PDXB_ECOLI,-3.788422338834208,0.00909016853187015,27.586096099557405,28.007737668991176,0.15896358660425122,0.1090500535036806,-0.4216415694337705,t-Test,FDR correction BH,0.3825891520325348,False,0,1,0.7465746514503483,2.041428064876742,Unpaired t-test
820,sp|P0CK95|ACFD_ECOLI,-3.7135706942070286,0.009927563229598575,26.37718264787206,27.31181145163255,0.42824786935363524,0.08143183933802761,-0.9346288037604893,t-Test,FDR correction BH,0.40371780462804047,False,0,1,0.5231770627045349,2.003157338192228,Unpaired t-test
1379,sp|P77252|YKGE_ECOLI,3.691430526433077,0.010191417526428452,26.516862479830614,26.012134125855162,0.0988411672762786,0.21521034599634933,0.5047283539754517,t-Test,FDR correction BH,0.40371780462804047,False,0,1,1.4188561736590592,1.9917654056805005,Unpaired t-test
627,sp|P0ADT2|YGIB_ECOLI,-3.671263265086771,0.010438545612325295,28.2006852369747,28.730437274234152,0.24713273471046993,0.037285760157725306,-0.5297520372594526,t-Test,FDR correction BH,0.40371780462804047,False,0,1,0.6926737769048801,1.9813600067496435,Unpaired t-test
1008,sp|P30178|HCXB_ECOLI,-3.564672666694581,0.01186011312768443,29.092789032079835,29.758782579511795,0.20903270550383773,0.24702931792586172,-0.6659935474319596,t-Test,FDR correction BH,0.433941371742507,False,0,1,0.630254514648513,1.9259111684342536,Unpaired t-test
457,sp|P0AAJ3|FDNH_ECOLI,-3.5480557586603996,0.012100452101177276,26.81897691462019,27.844416065790824,0.4237166847751595,0.2665560247729637,-1.0254391511706338,t-Test,FDR correction BH,0.433941371742507,False,0,1,0.4912607385127184,1.917198403123339,Unpaired t-test
128,sp|P09152|NARG_ECOLI,3.535846160336468,0.012280477384421142,26.841415717001247,26.289771843243564,0.22242751909428,0.15345269959645969,0.5516438737576834,t-Test,FDR correction BH,0.433941371742507,False,0,1,1.4657548940098117,1.9107847503454969,Unpaired t-test
294,sp|P0A862|TPX_ECOLI,-3.514298401294602,0.0126054550224775,30.377777711114422,31.063972389389285,0.27910565078542465,0.1909896045951867,-0.6861946782748625,t-Test,FDR correction BH,0.433941371742507,False,0,1,0.6214909643692326,1.8994414728606477,Unpaired t-test
257,sp|P0A7P5|RL34_ECOLI,-3.5058002232611702,0.012736224747159536,30.637357518028107,33.69457045227449,1.505797216425745,0.11814515086630129,-3.057212934246383,t-Test,FDR correction BH,0.433941371742507,False,0,1,0.12013988272129271,1.8949592858509092,Unpaired t-test
1233,sp|P61517|CAN_ECOLI,-3.4382400542470384,0.013830738779388153,27.698985598553335,28.52216813252256,0.3273507327261538,0.25457205469875205,-0.8231825339692236,t-Test,FDR correction BH,0.44067213977156533,False,0,1,0.5651937690800942,1.8591546211023813,Unpaired t-test
849,sp|P14900|MURD_ECOLI,-3.4299136056521644,0.013972662533670244,26.475676389731035,27.217226613130308,0.259265942653459,0.2702028653997376,-0.7415502233992726,t-Test,FDR correction BH,0.44067213977156533,False,0,1,0.5980963326646931,1.8547208298555131,Unpaired t-test
925,sp|P23871|HEMH_ECOLI,-3.4173764044047994,0.014189394410962543,24.94546191604368,25.449317782140596,0.24755550624768755,0.06270076292357767,-0.5038558660969166,t-Test,FDR correction BH,0.44067213977156533,False,0,1,0.705219432381478,1.8480361393973224,Unpaired t-test
88,sp|P07003|POXB_ECOLI,-3.4090810305717096,0.014334831683657163,27.880760029417115,28.505991705924853,0.24253141576580786,0.20515164792576487,-0.6252316765077381,t-Test,FDR correction BH,0.44067213977156533,False,0,1,0.6483156586004467,1.843607402074878,Unpaired t-test
280,sp|P0A809|RUVA_ECOLI,-3.3942138440872105,0.014599612323932584,26.805853830245926,27.263080391244035,0.2289046399899125,0.04517871651361191,-0.45722656099810877,t-Test,FDR correction BH,0.44067213977156533,False,0,1,0.7283851622758127,1.8356586762574947,Unpaired t-test
483,sp|P0AB67|PNTB_ECOLI,-3.3841743871127252,0.014781455422107013,27.791664372372857,28.440399052849987,0.2905935877272727,0.16061790496917144,-0.6487346804771299,t-Test,FDR correction BH,0.44067213977156533,False,0,1,0.6378394872302444,1.8302828020257227,Unpaired t-test
1318,sp|P75829|YBJX_ECOLI,3.332145572353006,0.015764641112885825,27.616751396573314,27.179633502545578,0.13720023935972767,0.18111414613396443,0.43711789402773604,t-Test,FDR correction BH,0.4603918659701962,False,0,1,1.3538969121620286,1.8023159116567953,Unpaired t-test
827,sp|P10443|DPO3A_ECOLI,-3.289608335145035,0.016621931751945415,25.093834360830453,25.402235196372203,0.09311392411296956,0.13303004882638952,-0.30840083554175024,t-Test,FDR correction BH,0.4693661154251048,False,0,1,0.8075363821242166,1.7793185051934055,Unpaired t-test
621,sp|P0ADQ2|FABY_ECOLI,-3.284516560070476,0.016727932834856983,25.979784427268335,26.393230787352692,0.14825553994920254,0.15986132764226654,-0.4134463600843574,t-Test,FDR correction BH,0.4693661154251048,False,0,1,0.7508276265430386,1.7765577239439443,Unpaired t-test
593,sp|P0AD49|YFIA_ECOLI,-3.2325389345827835,0.01785342729224173,27.262037501434108,29.007396995387154,0.6133595984569983,0.705958920099861,-1.7453594939530461,t-Test,FDR correction BH,0.491312585676883,False,0,1,0.29825960550679537,1.748278400771323,Unpaired t-test
535,sp|P0AC41|SDHA_ECOLI,-3.1945142507928677,0.018729265483109783,24.912954294188143,25.675501106646998,0.201869898735321,0.36081699555564567,-0.7625468124588544,t-Test,FDR correction BH,0.49280674148249076,False,0,1,0.5894548377203949,1.7274792542791857,Unpaired t-test
397,sp|P0A9I1|CITE_ECOLI,3.145136504694645,0.019937418360683357,28.21124481895962,27.028541629644437,0.5284248406326851,0.380775233610589,1.182703189315184,t-Test,FDR correction BH,0.49280674148249076,False,0,1,2.270017137701555,1.70033107793491,Unpaired t-test
805,sp|P0C037|PPNP_ECOLI,-3.131534653719167,0.020284985646027615,28.295599960856165,28.73867766317997,0.11669442852220044,0.21549900359443344,-0.44307770232380506,t-Test,FDR correction BH,0.49280674148249076,False,0,1,0.7355637550248194,1.6928252952730987,Unpaired t-test
391,sp|P0A9E5|FNR_ECOLI,-3.129853236343681,0.020328407776160396,27.75055916501598,28.131629003989623,0.13838832890913305,0.15912334947120843,-0.38106983897364444,t-Test,FDR correction BH,0.49280674148249076,False,0,1,0.7678679624709526,1.6918966361729524,Unpaired t-test
398,sp|P0A9J0|RNG_ECOLI,-3.119016493854585,0.02061070686209682,26.440831841329732,27.034819947587284,0.24818719181363016,0.21727000026521273,-0.5939881062575516,t-Test,FDR correction BH,0.49280674148249076,False,0,1,0.6625089702995965,1.685907113458833,Unpaired t-test
1014,sp|P30855|EVGS_ECOLI,-3.1127957333398255,0.02077468748484619,24.997661628238802,25.472779936949948,0.25504177521840793,0.0696064730143901,-0.4751183087111457,t-Test,FDR correction BH,0.49280674148249076,False,0,1,0.7194077922988911,1.682465500618588,Unpaired t-test
1051,sp|P33224|AIDB_ECOLI,-3.1107435940806183,0.02082909379894271,27.482236732494073,28.578796651308263,0.47304664574558175,0.38601959038652817,-1.0965599188141901,t-Test,FDR correction BH,0.49280674148249076,False,0,1,0.4676302235279587,1.6813296242759566,Unpaired t-test
338,sp|P0A8R0|RRAA_ECOLI,-3.1060392966267893,0.02095440096066268,29.688194726357114,30.138634160831955,0.07833137130467573,0.2386567620733597,-0.45043943447484125,t-Test,FDR correction BH,0.49280674148249076,False,0,1,0.7318199069708153,1.6787247501580917,Unpaired t-test
34,sp|P02930|TOLC_ECOLI,-3.093247820294019,0.02129929585046363,29.348722424220398,29.848686097211996,0.23208284577100668,0.15655976221658757,-0.4999636729915977,t-Test,FDR correction BH,0.49280674148249076,False,0,1,0.7071245863336202,1.6716347539937975,Unpaired t-test
582,sp|P0ACX3|YDHR_ECOLI,-3.0913307928013034,0.021351515004831883,27.317689460254616,27.93738467717058,0.3256425606824353,0.12046700372142256,-0.6196952169159644,t-Test,FDR correction BH,0.49280674148249076,False,0,1,0.6508084026797801,1.6705713040162335,Unpaired t-test
1180,sp|P45577|PROQ_ECOLI,-3.066877053475742,0.022029995750171835,29.181014192447474,29.59563796116472,0.15402060943421048,0.17638029524538446,-0.41462376871724516,t-Test,FDR correction BH,0.4956135734954745,False,0,1,0.7502151129723759,1.6569855866294003,Unpaired t-test
561,sp|P0ACF8|HNS_ECOLI,-3.054544617853003,0.022381033350398157,31.47485316295553,32.099973548728045,0.22541851463283422,0.27355896670079966,-0.6251203857725152,t-Test,FDR correction BH,0.4956135734954745,False,0,1,0.6483656721564958,1.6501198656175258,Unpaired t-test
696,sp|P0AEU7|SKP_ECOLI,-3.0403893614861266,0.022791470607287114,30.91362109619797,31.714795745240558,0.4323418118727159,0.14626679460946362,-0.8011746490425864,t-Test,FDR correction BH,0.4956135734954745,False,0,1,0.5738817300396057,1.6422276512994725,Unpaired t-test
102,sp|P07762|GLGB_ECOLI,-3.0294038463538135,0.023115636988133296,26.696698605927086,27.132334409392527,0.10293199894150355,0.2268093215081732,-0.4356358034654413,t-Test,FDR correction BH,0.4956135734954745,False,0,1,0.739367839429167,1.6360941343859834,Unpaired t-test
354,sp|P0A8Z3|YBGC_ECOLI,-3.026410623739663,0.023204828388677004,26.94401491587073,27.60743360300774,0.3062400345240999,0.22444547689228608,-0.6634186871370069,t-Test,FDR correction BH,0.4956135734954745,False,0,1,0.6313803702928388,1.6344216390581898,Unpaired t-test
538,sp|P0AC53|G6PD_ECOLI,-2.990516966048451,0.024303977310919066,28.790516884863635,29.138407201159566,0.1592037679528351,0.12350294994882212,-0.34789031629593126,t-Test,FDR correction BH,0.4981108655597393,False,0,1,0.7857322512235903,1.6143226489185523,Unpaired t-test
682,sp|P0AEM9|TCYJ_ECOLI,-2.987596876166865,0.02439585035273725,26.5809279054154,27.113650287394073,0.14751612970584382,0.2713370341337651,-0.5327223819786724,t-Test,FDR correction BH,0.4981108655597393,False,0,1,0.6912491076354651,1.6126840393240012,Unpaired t-test
200,sp|P0A705|IF2_ECOLI,-2.978242766798832,0.024692696997887977,29.677864059267684,30.253419603275113,0.30743806039908583,0.13237246744242967,-0.5755555440074289,t-Test,FDR correction BH,0.4981108655597393,False,0,1,0.6710278064310238,1.6074314727520513,Unpaired t-test
81,sp|P06988|HISX_ECOLI,-2.977573164441816,0.024714096055025503,26.268737453805308,26.727243985419214,0.1748775996151214,0.20137898328346693,-0.45850653161390653,t-Test,FDR correction BH,0.4981108655597393,False,0,1,0.7277392197007024,1.6070552697062903,Unpaired t-test
42,sp|P04079|GUAA_ECOLI,2.947090156421001,0.025709866384379144,29.04602774744107,28.735492878381635,0.11911863669614933,0.1382724001605419,0.3105348690594347,t-Test,FDR correction BH,0.5081867647013105,False,0,1,1.2401673980762937,1.5899001804041104,Unpaired t-test
1098,sp|P37440|UCPA_ECOLI,-2.9406939394509135,0.025924272413134643,27.34112936538764,27.680755566706047,0.14604889467190943,0.13669245351614487,-0.3396262013184064,t-Test,FDR correction BH,0.5081867647013105,False,0,1,0.790246036114576,1.5862934236137491,Unpaired t-test
1152,sp|P39406|RSMC_ECOLI,2.911848882210527,0.02691549866893865,27.384857417181813,26.076198614551,0.2764193898847698,0.7276962613590076,1.3086588026308128,t-Test,FDR correction BH,0.516263126380408,False,0,1,2.477111489433606,1.5699975695112274,Unpaired t-test
54,sp|P05020|PYRC_ECOLI,2.899559443591312,0.027350188512266185,27.922996383093754,27.493435792208306,0.13834328273075075,0.2161101604519724,0.4295605908854476,t-Test,FDR correction BH,0.516263126380408,False,0,1,1.346823305426994,1.5630396759281802,Unpaired t-test
1094,sp|P37340|MDTK_ECOLI,-2.897644930666231,0.027418586726003502,25.21553029866991,25.62853033420747,0.09573010562040014,0.2275516797650692,-0.41300003553755715,t-Test,FDR correction BH,0.516263126380408,False,0,1,0.7510599449697869,1.5619549344085122,Unpaired t-test
60,sp|P05637|APAH_ECOLI,2.872234420519333,0.028344108520146235,26.621087497037696,26.051490552100052,0.26157669767625547,0.22262055912749848,0.5695969449376435,t-Test,FDR correction BH,0.5193796055402975,False,0,1,1.4841088875883282,1.5475371979028476,Unpaired t-test
1416,sp|Q46845|YGHU_ECOLI,-2.859593613944374,0.028817026812987943,24.922353422735632,25.752151516405327,0.49003366850278435,0.11171858839334275,-0.8297980936696945,t-Test,FDR correction BH,0.5193796055402975,False,0,1,0.5626079742730826,1.540350829397195,Unpaired t-test
948,sp|P25397|TEHB_ECOLI,2.8549774495286773,0.02899184142313977,27.675540736308395,26.963820565832272,0.22107159155202014,0.37089803544399114,0.7117201704761236,t-Test,FDR correction BH,0.5193796055402975,False,0,1,1.6377557008265793,1.5377241994600863,Unpaired t-test
1161,sp|P40710|NLPE_ECOLI,-2.842453404921385,0.029471909775425992,27.139241259099347,27.405735549078344,0.09382611194874987,0.132539333191364,-0.26649428997899705,t-Test,FDR correction BH,0.5193796055402975,False,0,1,0.8313372203877342,1.5305917210195712,Unpaired t-test
45,sp|P04693|TYRB_ECOLI,-2.8395167382709277,0.029585712179071674,27.503631364636377,27.90620646879249,0.08451786836523294,0.23056011422101985,-0.40257510415611364,t-Test,FDR correction BH,0.5193796055402975,False,0,1,0.7565067686962362,1.528917972044624,Unpaired t-test
708,sp|P0AF18|NAGA_ECOLI,-2.8317005314482246,0.02989091971836697,27.955900114862228,28.374612830541246,0.23285761364337293,0.10663276024952811,-0.4187127156790176,t-Test,FDR correction BH,0.5193796055402975,False,0,1,0.7480918321139352,1.5244607218805395,Unpaired t-test
944,sp|P24232|HMP_ECOLI,2.825770337089235,0.030124743018759392,27.157449045426326,26.254929982472873,0.5359287241229919,0.13714150645278195,0.9025190629534521,t-Test,FDR correction BH,0.5193796055402975,False,0,1,1.8693271324352194,1.5210766491809184,Unpaired t-test
165,sp|P0A6J8|DDLA_ECOLI,-2.8133305686458394,0.030621653470371917,28.609776978520042,29.010072212417416,0.08878956585303567,0.22989481628983396,-0.4002952338973742,t-Test,FDR correction BH,0.5216617394774072,False,0,1,0.7577032105917824,1.5139713625054647,Unpaired t-test
504,sp|P0ABH9|CLPA_ECOLI,-2.8027122476411823,0.031052781475201515,27.67601359857131,28.233537812825666,0.338337920771469,0.06510493737399949,-0.5575242142543573,t-Test,FDR correction BH,0.5226289364775892,False,0,1,0.6794671865051344,1.5078994929035334,Unpaired t-test
769,sp|P0AG27|YIBN_ECOLI,-2.7940609681181683,0.0314088669022171,28.140138979388766,28.423466275680102,0.1037126329730678,0.14174498747412695,-0.28332729629133624,t-Test,FDR correction BH,0.5226289364775892,False,0,1,0.821693753004289,1.5029477308091,Unpaired t-test
440,sp|P0AA39|RLUC_ECOLI,-2.7805284664385246,0.03197468948450134,25.36679051494314,25.932754642724994,0.2712966442128158,0.2251454499958384,-0.5659641277818537,t-Test,FDR correction BH,0.5252893592872437,False,0,1,0.6755038382774412,1.4951936643887118,Unpaired t-test
937,sp|P24183|FDNG_ECOLI,-2.772795917200642,0.03230290958579836,25.557797220845003,26.47021737550076,0.5566408651157283,0.1224548754987672,-0.9124201546557558,t-Test,FDR correction BH,0.5252893592872437,False,0,1,0.5312930866841227,1.4907583581597046,Unpaired t-test
889,sp|P21365|YCIC_ECOLI,-2.7376012891072667,0.03384313611036803,25.438279646221826,26.008499172390835,0.3115634898311656,0.1818912941850433,-0.5702195261690086,t-Test,FDR correction BH,0.5419467120503161,False,0,1,0.6735142960428475,1.4705293994060595,Unpaired t-test
699,sp|P0AEX5|KPPR_ECOLI,-2.7238649601948124,0.03446547195310565,26.076285772626715,26.602032493713743,0.28292558311139354,0.17809394584538338,-0.5257467210870281,t-Test,FDR correction BH,0.5419467120503161,False,0,1,0.694599500764802,1.4626157701155036,Unpaired t-test
1338,sp|P76046|YCJX_ECOLI,-2.7053040074574004,0.03532592171547865,25.65106285310393,25.936207554261706,0.1429303875191852,0.1135768777007289,-0.2851447011577761,t-Test,FDR correction BH,0.5419467120503161,False,0,1,0.8206592932122718,1.4519064978240888,Unpaired t-test
450,sp|P0AAD6|SDAC_ECOLI,-2.7042461470573658,0.03537564926570366,25.843580745714235,27.621402184653956,1.0187048991695344,0.5087608191254275,-1.7778214389397213,t-Test,FDR correction BH,0.5419467120503161,False,0,1,0.2916234341822225,1.4512955805863872,Unpaired t-test
1419,sp|Q46857|DKGA_ECOLI,-2.7000378920541483,0.03557421184264748,28.4023790150268,28.77930008353156,0.20779542323183903,0.12362941636803644,-0.37692106850476037,t-Test,FDR correction BH,0.5419467120503161,False,0,1,0.7700793050028218,1.4488647130618324,Unpaired t-test
392,sp|P0A9F3|CYSB_ECOLI,-2.694838533156947,0.03582118552883806,26.063439358094225,26.679939079226855,0.3205572299297936,0.23291837650056943,-0.6164997211326302,t-Test,FDR correction BH,0.5419467120503161,False,0,1,0.652251507642542,1.44586004494951,Unpaired t-test
35,sp|P02931|OMPF_ECOLI,-2.6838993027144094,0.036346810580470235,27.652051956497708,28.162924883367843,0.20395539317660719,0.25903369740932086,-0.5108729268701353,t-Test,FDR correction BH,0.5419467120503161,False,0,1,0.7017976749043656,1.4395336923172835,Unpaired t-test
758,sp|P0AFW4|RNK_ECOLI,-2.6836886648232254,0.03635701212916167,26.21475441392257,26.986964185712612,0.3921022605635111,0.30763953305919917,-0.7722097717900418,t-Test,FDR correction BH,0.5419467120503161,False,0,1,0.5855199482236744,1.4394118149202633,Unpaired t-test
23,sp|P00959|SYM_ECOLI,-2.636838661699233,0.0387037694558512,28.358214452665425,28.71532235293649,0.1999059727486301,0.12272618186685905,-0.357107900271064,t-Test,FDR correction BH,0.564777562872262,False,0,1,0.7807280991691145,1.4122467359073159,Unpaired t-test
93,sp|P07024|USHA_ECOLI,-2.6349692121683534,0.03880070001248583,27.370804181113822,27.78041938623774,0.2636920613291346,0.05444148600255469,-0.4096152051239166,t-Test,FDR correction BH,0.564777562872262,False,0,1,0.7528241397959253,1.4111604391269919,Unpaired t-test
704,sp|P0AEZ9|MOAB_ECOLI,-2.610499797342014,0.040093539625063276,28.265917378039216,28.8058043624415,0.32242807927862177,0.1560634096749836,-0.5398869844022833,t-Test,FDR correction BH,0.564777562872262,False,0,1,0.6878247887067719,1.3969256007269286,Unpaired t-test
476,sp|P0AB26|YCEB_ECOLI,-2.5963679771146415,0.0408610004341805,27.25750330589665,28.24332645197967,0.5946045756068389,0.2809734367691752,-0.9858231460830211,t-Test,FDR correction BH,0.564777562872262,False,0,1,0.5049375431741923,1.3886910043769645,Unpaired t-test
1041,sp|P32176|FDOG_ECOLI,-2.5936022142473143,0.041013020018542574,25.575181019230754,26.174875000309697,0.2304902921937558,0.3275102647664479,-0.5996939810789428,t-Test,FDR correction BH,0.564777562872262,False,0,1,0.6598939147002382,1.3870782499981114,Unpaired t-test
984,sp|P27431|ROXA_ECOLI,-2.592479094558605,0.04107492349564426,26.26332247162873,26.597219024444154,0.1746523538580884,0.13878212116876534,-0.33389655281542474,t-Test,FDR correction BH,0.564777562872262,False,0,1,0.7933907305391708,1.3864232367900517,Unpaired t-test
106,sp|P08178|PUR5_ECOLI,2.5851195054690725,0.04148302893059256,26.8885095648832,26.36911484344904,0.19770274539017652,0.28638552871867984,0.5193947214341605,t-Test,FDR correction BH,0.564777562872262,False,0,1,1.433353762389624,1.3821295406191396,Unpaired t-test
660,sp|P0AEA8|CYSG_ECOLI,-2.581219829304458,0.04170101775868268,25.626514574642798,25.853347537934077,0.14724863100071037,0.03854318355015463,-0.22683296329127955,t-Test,FDR correction BH,0.564777562872262,False,0,1,0.8545086710511993,1.379853345467827,Unpaired t-test
594,sp|P0AD57|ISPB_ECOLI,-2.575235300291262,0.042037916268253366,27.286992022771138,27.61274639162962,0.1858682645676391,0.11599972962929146,-0.3257543688584832,t-Test,FDR correction BH,0.564777562872262,False,0,1,0.7978810743065932,1.376358819181076,Unpaired t-test
340,sp|P0A8R9|HDFR_ECOLI,-2.5713973462074726,0.0422554927365825,26.237858932540487,26.52172198837685,0.08347229059119679,0.17202298686389395,-0.2838630558363633,t-Test,FDR correction BH,0.564777562872262,False,0,1,0.8213886652851944,1.3741168296695587,Unpaired t-test
375,sp|P0A988|DPO3B_ECOLI,-2.564367383310667,0.042657130551299216,28.566896282371168,28.976441494196862,0.2657755568388198,0.07669097185983591,-0.40954521182569437,t-Test,FDR correction BH,0.564777562872262,False,0,1,0.752860664439916,1.3700083619116712,Unpaired t-test
1260,sp|P64451|YDCL_ECOLI,-2.557348651651826,0.04306216743882593,26.251215938892628,26.740770354571044,0.23696299161086817,0.23191679063015733,-0.4895544156784162,t-Test,FDR correction BH,0.564777562872262,False,0,1,0.7122450446418186,1.3659041147115034,Unpaired t-test
366,sp|P0A937|BAME_ECOLI,-2.5551646113912283,0.04318903412609102,27.071111842249973,28.77035889609617,0.6302371211146033,0.9641441311849884,-1.6992470538461966,t-Test,FDR correction BH,0.564777562872262,False,0,1,0.3079467795991652,1.3646265083488751,Unpaired t-test
1343,sp|P76187|YDHF_ECOLI,-2.5456155871464534,0.043748387830751585,25.77436340326482,26.692454951531328,0.4231458074262768,0.459527896622961,-0.9180915482665064,t-Test,FDR correction BH,0.564777562872262,False,0,1,0.5292086146864466,1.3590379465070173,Unpaired t-test
547,sp|P0ACA7|GSTB_ECOLI,-2.5445929915529955,0.04380874177415869,26.067554283091308,26.490652077834397,0.26291710246320554,0.11753721577145355,-0.4230977947430894,t-Test,FDR correction BH,0.564777562872262,False,0,1,0.7458214552668108,1.3584392199646442,Unpaired t-test
1303,sp|P69829|PTSN_ECOLI,2.533930671632375,0.044443313441221585,26.936223073567284,26.231021939917852,0.08250581257269847,0.47492197549103915,0.7052011336494317,t-Test,FDR correction BH,0.5648537453616931,False,0,1,1.6303719476285927,1.3521935699923056,Unpaired t-test
507,sp|P0ABK2|CYDB_ECOLI,-2.5312545846878542,0.0446041042808325,28.34600328953653,29.056631459923935,0.2985689470535155,0.383801938029914,-0.7106281703874053,t-Test,FDR correction BH,0.5648537453616931,False,0,1,0.6110540191137049,1.3506251775096583,Unpaired t-test
886,sp|P21165|PEPQ_ECOLI,-2.5214625639512325,0.045197717078511696,28.358155943280284,28.722225594207956,0.07845020793347891,0.23746472139762106,-0.3640696509276715,t-Test,FDR correction BH,0.5673502906960547,False,0,1,0.7769697570652379,1.3448835007028597,Unpaired t-test
626,sp|P0ADS9|YGGN_ECOLI,2.4925271158887434,0.04700115179739775,27.320655999184314,27.032276745572794,0.10119539881477391,0.17296604570132093,0.28837925361152017,t-Test,FDR correction BH,0.5799403989249318,False,0,1,1.2212675155348531,1.327891499231837,Unpaired t-test
1383,sp|P77338|MSCK_ECOLI,-2.4894538345754373,0.04719711352871775,25.66085527979789,25.971428592720514,0.2070260025946438,0.061904081313703216,-0.31057331292262447,t-Test,FDR correction BH,0.5799403989249318,False,0,1,0.8063212713467395,1.3260845610456224,Unpaired t-test
1087,sp|P37095|PEPB_ECOLI,-2.4848575223620686,0.04749179870095783,28.024181843815498,28.32181447166692,0.15943319953152363,0.1327469664478968,-0.29763262785142075,t-Test,FDR correction BH,0.5799403989249318,False,0,1,0.8135863457992935,1.3233813816686137,Unpaired t-test
1389,sp|P77444|SUFS_ECOLI,-2.479746255327185,0.04782177992532631,24.851724414236465,25.23356743740735,0.16214260696655397,0.21176320124087594,-0.3818430231708838,t-Test,FDR correction BH,0.5799403989249318,False,0,1,0.7674565489054475,1.3203742634908107,Unpaired t-test
997,sp|P28635|METQ_ECOLI,-2.4492491744966505,0.04984154200391542,28.855016461090884,29.187994566157542,0.21002604370265796,0.10647610507052248,-0.33297810506665826,t-Test,FDR correction BH,0.5993550135092687,False,0,1,0.7938959793321497,1.3024085298835566,Unpaired t-test
75,sp|P06959|ODP2_ECOLI,-2.419309187467196,0.05191189394748362,29.11565009463098,29.522910736088477,0.240774409412977,0.164439353873152,-0.40726064145749774,t-Test,FDR correction BH,0.6190493353237422,False,0,1,0.7540537964975895,1.2847331260828845,Unpaired t-test
1024,sp|P31142|THTM_ECOLI,2.3923058773909514,0.05385667176075561,28.043349969492148,27.16653421939251,0.22096483583471616,0.5951252454013912,0.8768157500996381,t-Test,FDR correction BH,0.6300490057918426,False,0,1,1.8363177892591653,1.2687604886630892,Unpaired t-test
846,sp|P14081|SELB_ECOLI,-2.388587744679548,0.0541303760039428,26.06932395565472,26.371058771758218,0.10786443923441079,0.19036322977364453,-0.3017348161034974,t-Test,FDR correction BH,0.6300490057918426,False,0,1,0.8112762637554979,1.2665589561738495,Unpaired t-test
1424,sp|Q46948|YAJL_ECOLI,-2.3882520988301974,0.054155155634099686,27.210455733435403,27.58055614411822,0.13381547770200022,0.2326752859479771,-0.3701004106828165,t-Test,FDR correction BH,0.6300490057918426,False,0,1,0.7737286438619416,1.266360191728299,Unpaired t-test
1394,sp|P77522|SUFB_ECOLI,-2.3746381005681463,0.05517031141374453,25.58419525191969,25.87652438741049,0.11150034822524807,0.18174702599019232,-0.29232913549079953,t-Test,FDR correction BH,0.6320352550568565,False,0,1,0.8165826752273241,1.2582945646213948,Unpaired t-test
214,sp|P0A759|NAGB_ECOLI,-2.365097949995684,0.05589354660955557,29.213020212260496,29.53590662135654,0.11492292424383435,0.20665665672201675,-0.3228864090960428,t-Test,FDR correction BH,0.6320352550568565,False,0,1,0.7994687742201666,1.2526383322504218,Unpaired t-test
847,sp|P14294|TOP3_ECOLI,-2.3594098949446027,0.056329467881997254,24.468071035089388,25.41165386385565,0.24343230208879346,0.6485032665394923,-0.9435828287662638,t-Test,FDR correction BH,0.6320352550568565,False,0,1,0.5199400422686551,1.2492643513210817,Unpaired t-test
402,sp|P0A9K3|PHOL_ECOLI,-2.35380581751174,0.056762429673292654,28.145284386555307,28.56822211375945,0.29154235040643156,0.10890576878807874,-0.42293772720414324,t-Test,FDR correction BH,0.6320352550568565,False,0,1,0.7459042090189388,1.2459390231666405,Unpaired t-test
1022,sp|P31119|AAS_ECOLI,-2.3516365181025534,0.05693095841332693,25.661075844811098,26.080611226041825,0.24266457434891492,0.19129857282699564,-0.41953538123072676,t-Test,FDR correction BH,0.6320352550568565,False,0,1,0.7476653705762726,1.244651504926979,Unpaired t-test
1088,sp|P37127|AEGA_ECOLI,2.3451816734231885,0.05743552118271225,25.20291127177922,24.818702921548716,0.2261372087404608,0.17141065101791786,0.38420835023050515,t-Test,FDR correction BH,0.6320352550568565,False,0,1,1.305143419465764,1.2408194336938885,Unpaired t-test
882,sp|P19931|HYAE_ECOLI,2.3380893570692804,0.05799530091600189,27.266350818152937,26.773313020102783,0.24159139415066763,0.27392465754838946,0.49303779805015324,t-Test,FDR correction BH,0.6320352550568565,False,0,1,1.4074052483136505,1.2366071938323344,Unpaired t-test
1418,sp|Q46856|YQHD_ECOLI,-2.33441294678051,0.05828770902480688,27.86172269162492,28.977996944399962,0.629883240982922,0.5377928777891543,-1.1162742527750424,t-Test,FDR correction BH,0.6320352550568565,False,0,1,0.46128354912474445,1.2344230141167791,Unpaired t-test
298,sp|P0A877|TRPA_ECOLI,-2.3342469760032794,0.05830094595912304,25.4051762782028,25.804497466989496,0.2663080679873563,0.12990586198418688,-0.399321188786697,t-Test,FDR correction BH,0.6320352550568565,False,0,1,0.7582149516653269,1.2343243985601229,Unpaired t-test
807,sp|P0C058|IBPB_ECOLI,-2.319765972588949,0.059468027025647706,24.761384630168116,25.56056656144457,0.39710718653432714,0.44538379956068075,-0.7991819312764541,t-Test,FDR correction BH,0.6361185587124589,False,0,1,0.5746749499762274,1.2257164698761707,Unpaired t-test
1219,sp|P60595|HIS5_ECOLI,-2.3185557799538965,0.05956665748949651,24.958900941776395,25.70032369954701,0.5302484216531962,0.16003190615994362,-0.7414227577706143,t-Test,FDR correction BH,0.6361185587124589,False,0,1,0.5981491782701953,1.2249967691238335,Unpaired t-test
798,sp|P0AGJ5|YFIF_ECOLI,-2.304651962767349,0.06071211670885509,26.888489908549396,27.85040519687308,0.7152509656174133,0.10504223604173601,-0.9619152883236843,t-Test,FDR correction BH,0.6435484371138639,False,0,1,0.5133749161485921,1.2167246253225665,Unpaired t-test
201,sp|P0A707|IF3_ECOLI,-2.2985422134991937,0.06122269439346595,29.312754950928323,29.851434478904554,0.2843142890568898,0.28971544398154403,-0.5386795279762318,t-Test,FDR correction BH,0.644188791743013,False,0,1,0.688400701206432,1.2130875611407628,Unpaired t-test
887,sp|P21170|SPEA_ECOLI,-2.292391367904176,0.06174121945827367,28.16189503165603,28.856701429241426,0.48094259622023244,0.2104500532156238,-0.6948063975853955,t-Test,FDR correction BH,0.6449028105459097,False,0,1,0.617792217607792,1.2094247969665086,Unpaired t-test
558,sp|P0ACE7|HINT_ECOLI,-2.2836617915702195,0.06248498539773386,29.39404114440808,29.68586185563672,0.19371443744497102,0.10706418163171916,-0.2918207112286382,t-Test,FDR correction BH,0.6479421311895446,False,0,1,0.8168705001637592,1.2042243273325717,Unpaired t-test
598,sp|P0AD68|FTSI_ECOLI,-2.2675751252497034,0.06388005622058546,25.88491498015789,26.274242096165143,0.2546154265084569,0.15364438748417053,-0.38932711600725156,t-Test,FDR correction BH,0.6539657784136503,False,0,1,0.763485616976985,1.1946347103125263,Unpaired t-test
773,sp|P0AG48|RL21_ECOLI,-2.2568859754337627,0.06482488196735417,33.02480170160072,33.36903026774151,0.2571740915435904,0.060431037693964275,-0.3442285661407851,t-Test,FDR correction BH,0.6539657784136503,False,0,1,0.7877290762641099,1.188258265317939,Unpaired t-test
310,sp|P0A8E1|YCFP_ECOLI,-2.2548359620675744,0.06500773452426081,28.443047078096868,28.92255454880577,0.2351726564797952,0.2834841870980786,-0.47950747070890287,t-Test,FDR correction BH,0.6539657784136503,False,0,1,0.7172224385782962,1.187034968566827,Unpaired t-test
689,sp|P0AES2|GUDD_ECOLI,-2.2471276151171184,0.06570008315571103,25.7427642996366,26.282641249292183,0.3331191577679712,0.24938870596753762,-0.5398769496555822,t-Test,FDR correction BH,0.6539657784136503,False,0,1,0.6878295729275102,1.1824340807591904,Unpaired t-test
591,sp|P0AD33|YFCZ_ECOLI,-2.2437208087427236,0.06600850522005945,29.87302648001264,30.18960759439515,0.11308475403612014,0.21664831117808322,-0.31658111438250813,t-Test,FDR correction BH,0.6539657784136503,False,0,1,0.8029704968626421,1.1804001018496897,Unpaired t-test
360,sp|P0A912|PAL_ECOLI,-2.240858423117254,0.06626879896284532,29.453697166550327,30.122846819802827,0.1351605936049341,0.4992403656705621,-0.6691496532525001,t-Test,FDR correction BH,0.6539657784136503,False,0,1,0.628877248009533,1.1786909003691488,Unpaired t-test
600,sp|P0ADA3|NLPD_ECOLI,-2.2387844888016195,0.06645805773760721,28.710491734059445,29.17249718254282,0.33847846483057603,0.11485269957416394,-0.46200544848337444,t-Test,FDR correction BH,0.6539657784136503,False,0,1,0.7259763982236589,1.1774523552957292,Unpaired t-test
1195,sp|P51024|YAIL_ECOLI,-2.2359036992963723,0.06672187536575329,26.064832157655157,26.902666410043665,0.590692623670665,0.2689309536788392,-0.8378342523885074,t-Test,FDR correction BH,0.6539657784136503,False,0,1,0.559482824402817,1.17573175539262,Unpaired t-test
1345,sp|P76193|YNHG_ECOLI,-2.223705886570793,0.06785098964831696,26.624299908926723,27.20437974494476,0.41792032315466415,0.1717241401515528,-0.5800798360180366,t-Test,FDR correction BH,0.6549502144021123,False,0,1,0.6689267592256825,1.168443813506549,Unpaired t-test
1049,sp|P33195|GCSP_ECOLI,-2.216044661262329,0.06857024702566429,27.767969327288647,28.29928749195959,0.4121132155573742,0.05115480234337364,-0.5313181646709424,t-Test,FDR correction BH,0.6549502144021123,False,0,1,0.6919222481637765,1.1638642859773896,Unpaired t-test
843,sp|P13458|SBCC_ECOLI,-2.1979054492857015,0.07030476314422551,24.952348184655403,25.511964283364513,0.2579083909549858,0.35772497288185995,-0.5596160987091103,t-Test,FDR correction BH,0.6549502144021123,False,0,1,0.6784826840128331,1.1530152505537459,Unpaired t-test
725,sp|P0AFB8|NTRC_ECOLI,-2.197650764316968,0.07032943641108143,24.76468057196425,25.21442475265048,0.32539881673196464,0.14056193286908947,-0.44974418068623123,t-Test,FDR correction BH,0.6549502144021123,False,0,1,0.7321726656391608,1.1528628628160564,Unpaired t-test
755,sp|P0AFT5|BTSR_ECOLI,-2.1914358046458804,0.07093430144668317,24.818906028735146,25.351984724234754,0.3206079449205786,0.27336821807268386,-0.5330786954996078,t-Test,FDR correction BH,0.6549502144021123,False,0,1,0.6910784055928085,1.1491437037928471,Unpaired t-test
481,sp|P0AB58|LAPB_ECOLI,-2.1886280055901164,0.07120932348964677,25.065586021182707,25.568868190587942,0.2567197510681714,0.3045168144266912,-0.5032821694052352,t-Test,FDR correction BH,0.6549502144021123,False,0,1,0.7054999230581296,1.1474631401410138,Unpaired t-test
678,sp|P0AEJ4|ENVZ_ECOLI,-2.185810525914436,0.07148639804767452,24.628661864810045,25.1514137172426,0.32500808869531467,0.25682276167749934,-0.5227518524325561,t-Test,FDR correction BH,0.6549502144021123,False,0,1,0.6960429069396225,1.14577658497932,Unpaired t-test
144,sp|P0A6A6|LEUC_ECOLI,-2.179911519927848,0.07207011538061649,24.43574398538745,25.727586699996703,0.21508596853308076,1.0036466444305283,-1.2918427146092526,t-Test,FDR correction BH,0.6549502144021123,False,0,1,0.4084290208459864,1.1422447826564597,Unpaired t-test
759,sp|P0AFX7|RSEA_ECOLI,2.1717933124476696,0.07288145867538773,27.382306169637733,25.689516507620503,1.263706587898809,0.47501689633007665,1.6927896620172298,t-Test,FDR correction BH,0.6549502144021123,False,0,1,3.2328121124389524,1.1373829438241327,Unpaired t-test
192,sp|P0A6W9|GSH1_ECOLI,2.16861648864617,0.07320150677956289,27.547191064504798,26.737934262863934,0.47071625178342597,0.4429308691771756,0.8092568016408634,t-Test,FDR correction BH,0.6549502144021123,False,0,1,1.7523085156275944,1.1354799793334849,Unpaired t-test
856,sp|P15640|PUR2_ECOLI,-2.1684212705651933,0.07322122103639331,26.659210937234484,26.902253459682086,0.14470831481681531,0.12941059528071513,-0.2430425224476025,t-Test,FDR correction BH,0.6549502144021123,False,0,1,0.8449614793849618,1.1353630331034055,Unpaired t-test
1035,sp|P31808|YCIK_ECOLI,-2.1648018960302973,0.07358771694705131,26.40335994279754,26.87292026146919,0.31756008339730013,0.20075186981007867,-0.4695603186716504,t-Test,FDR correction BH,0.6549502144021123,False,0,1,0.7221846600201057,1.133194670816012,Unpaired t-test
983,sp|P27303|EMRA_ECOLI,-2.159556897537734,0.0741221717039058,27.215738904271937,27.528558591267434,0.19240181020483635,0.16102570713158432,-0.3128196869954962,t-Test,FDR correction BH,0.6549502144021123,False,0,1,0.8050667513540851,1.1300518647820974,Unpaired t-test
1103,sp|P37631|YHIN_ECOLI,-2.157015424238465,0.07438257554829467,25.7261547876937,26.136868207926003,0.22798735535282758,0.23830151389726495,-0.41071342023230173,t-Test,FDR correction BH,0.6549502144021123,False,0,1,0.7522512895229727,1.1285287879688881,Unpaired t-test
876,sp|P18390|YJJA_ECOLI,2.1529912167385423,0.07479682630355995,26.07688065097755,25.332990314889503,0.4085212580444579,0.43732347179056524,0.7438903360880467,t-Test,FDR correction BH,0.6549502144021123,False,0,1,1.6746856719090872,1.1261168292490733,Unpaired t-test
7,sp|P00550|PTM3C_ECOLI,-2.1391019938245797,0.07624485895704038,26.686444149712823,27.123384167341197,0.27643789201501584,0.2207998429250825,-0.4369400176283733,t-Test,FDR correction BH,0.6549502144021123,False,0,1,0.7386997437852922,1.1177894346285353,Unpaired t-test
989,sp|P27833|WECE_ECOLI,-2.134399989234371,0.07674155898424818,26.518081464021435,26.908049845264845,0.2713404573242416,0.16284704913462564,-0.3899683812434098,t-Test,FDR correction BH,0.6549502144021123,False,0,1,0.7631463297568919,1.1149693824718283,Unpaired t-test
288,sp|P0A840|SURE_ECOLI,-2.125330528827095,0.0777090058323428,25.93412776109992,26.44344176677432,0.2427757287148853,0.33666273556366516,-0.5093140056744012,t-Test,FDR correction BH,0.6549502144021123,False,0,1,0.7025564205472935,1.109528647136721,Unpaired t-test
1428,sp|Q59385|COPA_ECOLI,-2.124897371710714,0.07775552240020725,27.45317580168627,27.693300622679217,0.14706544376875613,0.12916035971617,-0.2401248209929463,t-Test,FDR correction BH,0.6549502144021123,False,0,1,0.846672055703555,1.109268756477763,Unpaired t-test
1290,sp|P69423|TATC_ECOLI,-2.1240757406893818,0.07784383536817117,25.729479050220736,26.16483440013658,0.34685356706706777,0.07563847435302626,-0.4353553499158451,t-Test,FDR correction BH,0.6549502144021123,False,0,1,0.7395115832455844,1.1087757745100268,Unpaired t-test
609,sp|P0ADE8|YGFZ_ECOLI,-2.123416973136347,0.07791471713737609,27.739143526942126,28.117061637864357,0.2977195965864727,0.07993647389222137,-0.3779181109222307,t-Test,FDR correction BH,0.6549502144021123,False,0,1,0.7695472892555794,1.108380501661595,Unpaired t-test
1137,sp|P39199|PRMB_ECOLI,-2.121123325165294,0.0781620239305114,28.67281293844055,29.03589406966593,0.2301448247506707,0.18690895796918808,-0.36308113122537833,t-Test,FDR correction BH,0.6549502144021123,False,0,1,0.7775023111263534,1.1070042035053458,Unpaired t-test
235,sp|P0A7E3|PYRE_ECOLI,2.1206536175661155,0.07821276800269643,27.321668638479366,26.744430471432057,0.16120428152236743,0.4430449338499912,0.5772381670473088,t-Test,FDR correction BH,0.6549502144021123,False,0,1,1.4919903113100028,1.106722343864922,Unpaired t-test
921,sp|P23839|YICC_ECOLI,-2.111504858114879,0.07920788925856397,28.856590907533405,29.171057785061247,0.2084971635834785,0.15188667396576302,-0.31446687752784186,t-Test,FDR correction BH,0.6549502144021123,False,0,1,0.8041480945708971,1.1012315596879831,Unpaired t-test
1251,sp|P63235|GADC_ECOLI,2.1087527997699262,0.07950976027009639,30.370271971119166,29.732050290431403,0.20022225451989328,0.48446743993484864,0.6382216806877636,t-Test,FDR correction BH,0.6549502144021123,False,0,1,1.556409488485636,1.0995795559817196,Unpaired t-test
1000,sp|P29018|CYDD_ECOLI,-2.108596899295481,0.07952689602457225,25.522422269983142,26.119667929393472,0.314630108973144,0.376414619855051,-0.5972456594103299,t-Test,FDR correction BH,0.6549502144021123,False,0,1,0.6610147366360988,1.0994859679522138,Unpaired t-test
942,sp|P24228|DACB_ECOLI,2.1069431528755245,0.07970889964675458,25.61002919720982,24.92802417751384,0.4259586546395027,0.3645446357924047,0.6820050196959784,t-Test,FDR correction BH,0.6549502144021123,False,0,1,1.604367914913916,1.0984931861108214,Unpaired t-test
586,sp|P0ACZ4|EVGA_ECOLI,-2.095516673548039,0.08097812891233726,26.57352879517996,27.27543871313066,0.4055710052467341,0.41485249835583526,-0.7019099179507009,t-Test,FDR correction BH,0.6549502144021123,False,0,1,0.6147578179799139,1.0916322622976011,Unpaired t-test
1409,sp|P77804|YDGA_ECOLI,-2.0952848035193825,0.08100409713324971,28.83103670946131,29.071076910751408,0.1937277887810467,0.042929705645814255,-0.24004020129009973,t-Test,FDR correction BH,0.6549502144021123,False,0,1,0.846721717785219,1.0914930142403412,Unpaired t-test
601,sp|P0ADA5|YAJG_ECOLI,-2.0918476157322887,0.08139004251339167,28.66005383446736,28.957864452340363,0.2283072452768835,0.09317249457164625,-0.29781061787300445,t-Test,FDR correction BH,0.6549502144021123,False,0,1,0.8134859771734547,1.089428724668679,Unpaired t-test
1246,sp|P63177|RLMB_ECOLI,-2.0906360252657357,0.08152653311822299,27.1752317417251,27.724763460859727,0.4408199186874224,0.11381665887246495,-0.5495317191346274,t-Test,FDR correction BH,0.6549502144021123,False,0,1,0.6832418641995508,1.0887010254747949,Unpaired t-test
202,sp|P0A715|KDSA_ECOLI,-2.0896815435790868,0.08163422382513116,29.778895698367897,30.092895323818684,0.2372777486872876,0.10693564243216919,-0.3139996254507871,t-Test,FDR correction BH,0.6549502144021123,False,0,1,0.8044085797806189,1.08812773214826,Unpaired t-test
1174,sp|P45464|LPOA_ECOLI,-2.0871020295782947,0.0819259876855193,27.187688879045396,27.48304012343791,0.21303309063819703,0.12122027109509177,-0.2953512443925135,t-Test,FDR correction BH,0.6549502144021123,False,0,1,0.8148739157377365,1.0865783141349643,Unpaired t-test
5,sp|P00490|PHSM_ECOLI,-2.082075676789246,0.08249756776298527,26.868489425629747,27.59263384746179,0.5951489703571857,0.09322403729076816,-0.7241444218320439,t-Test,FDR correction BH,0.6558556637157329,False,0,1,0.6053559394311318,1.0835588553614122,Unpaired t-test
552,sp|P0ACC3|ERPA_ECOLI,-2.0697782350598395,0.08391318988119384,29.749174217074746,30.087262577860734,0.11774592703393817,0.2572564279302906,-0.3380883607859886,t-Test,FDR correction BH,0.6591749012319851,False,0,1,0.7910888478595094,1.0761697692976946,Unpaired t-test
271,sp|P0A7X3|RS9_ECOLI,2.0623364980030368,0.08478183606858243,30.863913048172243,28.98015454936124,1.5018488788917495,0.49739589899373027,1.8837584988110017,t-Test,FDR correction BH,0.6591749012319851,False,0,1,3.6903521692023995,1.0716971824148922,Unpaired t-test
1226,sp|P60785|LEPA_ECOLI,-2.0579502834470547,0.0852981023250387,28.214096833659404,28.52563159315926,0.2284156539639324,0.1287439059670268,-0.31153475949985676,t-Test,FDR correction BH,0.6591749012319851,False,0,1,0.8057840985247958,1.0690606307191326,Unpaired t-test
1131,sp|P39099|DEGQ_ECOLI,-2.056946178629561,0.08541673651001054,26.625107272643227,27.132308002401103,0.4234998914376142,0.05524644313355781,-0.5072007297578764,t-Test,FDR correction BH,0.6591749012319851,False,0,1,0.7035862871871231,1.0684570255428787,Unpaired t-test
1025,sp|P31224|ACRB_ECOLI,-2.0565398647888866,0.08546478983242121,27.656497048755732,27.90314325831816,0.1557889710065425,0.1374092243580898,-0.246646209562428,t-Test,FDR correction BH,0.6591749012319851,False,0,1,0.8428534961505899,1.0682127710145297,Unpaired t-test
1225,sp|P60752|MSBA_ECOLI,-2.054732127667493,0.08567891797983873,26.78322017774092,27.15825518758001,0.20256877780395077,0.2427125197748382,-0.37503500983909177,t-Test,FDR correction BH,0.6591749012319851,False,0,1,0.7710867005381279,1.0671260267508105,Unpaired t-test
261,sp|P0A7S9|RS13_ECOLI,-2.047753003681033,0.08651073041741031,30.838258050522153,31.630898747168978,0.5504209184422783,0.38278660026065753,-0.7926406966468242,t-Test,FDR correction BH,0.6620152685952628,False,0,1,0.5772864641117392,1.0629300211820674,Unpaired t-test
549,sp|P0ACB2|HEM2_ECOLI,-2.0326352428671983,0.08834078623125793,28.884080024249894,29.08342410615283,0.15059645760596216,0.07858057965761459,-0.19934408190293595,t-Test,FDR correction BH,0.6623586498431951,False,0,1,0.8709464471638484,1.0538387398480902,Unpaired t-test
1243,sp|P62707|GPMA_ECOLI,-2.029235006459881,0.08875777785125366,28.77036173542129,29.875996930639687,0.9359313858871102,0.12094413209967454,-1.1056351952183974,t-Test,FDR correction BH,0.6623586498431951,False,0,1,0.464697827345643,1.0517935793447066,Unpaired t-test
745,sp|P0AFK4|POTB_ECOLI,2.0218224406820937,0.08967375426699888,25.367365767388144,24.843492589368644,0.41940055098253204,0.15973792541058307,0.5238731780194996,t-Test,FDR correction BH,0.6623586498431951,False,0,1,1.4378101347249608,1.047334647757389,Unpaired t-test
674,sp|P0AEH1|RSEP_ECOLI,-2.0175290374901147,0.09020866666663765,25.960833250721432,26.28387933279832,0.23002382557284703,0.1549321304941303,-0.323046082076889,t-Test,FDR correction BH,0.6623586498431951,False,0,1,0.7993802964097027,1.0447517362420216,Unpaired t-test
1268,sp|P64604|MLAD_ECOLI,-2.0113325065850436,0.09098638902275162,25.93051574357986,27.292991787080716,0.6688679796553461,0.9639640556036513,-1.3624760435008554,t-Test,FDR correction BH,0.6623586498431951,False,0,1,0.38891423776802825,1.041023570474806,Unpaired t-test
714,sp|P0AF50|YJBR_ECOLI,-2.009486925217505,0.09121933533283029,27.989477913083995,28.32194002993309,0.20588715525351073,0.19931854981072153,-0.33246211684909355,t-Test,FDR correction BH,0.6623586498431951,False,0,1,0.7941799715991635,1.0399130965583097,Unpaired t-test
479,sp|P0AB43|YCGL_ECOLI,-2.0032109382551253,0.0920160024834895,27.639755446176974,27.940309136899586,0.24158495548183714,0.09575533243034896,-0.3005536907226123,t-Test,FDR correction BH,0.6623586498431951,False,0,1,0.8119407225010148,1.0361366380248478,Unpaired t-test
297,sp|P0A873|TRMD_ECOLI,-1.99867545026392,0.09259610696644131,25.618039467237956,26.3807973391319,0.5131198608805748,0.4166968061314288,-0.7627578718939425,t-Test,FDR correction BH,0.6623586498431951,False,0,1,0.5893686095836919,1.0334072720495298,Unpaired t-test
1341,sp|P76149|SAD_ECOLI,-1.9966277559718761,0.09285922339584606,26.50933185582005,27.340579904827422,0.4189573765496471,0.5869043651294097,-0.831248049007371,t-Test,FDR correction BH,0.6623586498431951,False,0,1,0.5620428190471626,1.032174952764493,Unpaired t-test
1422,sp|Q46893|ISPD_ECOLI,-1.9954490338796917,0.09301102442568795,28.153134163603756,28.58663750042249,0.34518748502076796,0.14977678120313528,-0.43350333681873465,t-Test,FDR correction BH,0.6623586498431951,False,0,1,0.7404615169151334,1.031465572268819,Unpaired t-test
666,sp|P0AED5|UVRY_ECOLI,-1.9878427552573585,0.09399663740030002,27.49469657928377,27.73161690603941,0.1421481353513116,0.14969583876891288,-0.2369203267556408,t-Test,FDR correction BH,0.6623586498431951,False,0,1,0.8485547620902599,1.026887682406848,Unpaired t-test
364,sp|P0A932|GFCE_ECOLI,-1.9867074580925432,0.09414464926459505,27.8451551972856,28.45713555856997,0.5156896048964126,0.13684115201698308,-0.6119803612843704,t-Test,FDR correction BH,0.6623586498431951,False,0,1,0.6542979423109512,1.026204358184714,Unpaired t-test
655,sp|P0AE74|CITT_ECOLI,1.9825334444546887,0.09469085105197594,26.451736378439765,25.519934202555923,0.8017195274131181,0.1412872823158548,0.931802175883842,t-Test,FDR correction BH,0.6623586498431951,False,0,1,1.9076575028201077,1.0236919801264637,Unpaired t-test
661,sp|P0AEB2|DACA_ECOLI,1.9816557586044534,0.0948061090142611,28.102583760706864,27.40443736921609,0.520246022427578,0.3189037764217887,0.6981463914907735,t-Test,FDR correction BH,0.6623586498431951,False,0,1,1.6224189310283923,1.0231636771587431,Unpaired t-test
430,sp|P0A9W6|IBAG_ECOLI,-1.9741203377392995,0.0958014996577644,28.489138034645297,29.264325029787926,0.6446634782051833,0.21676974234516766,-0.7751869951426293,t-Test,FDR correction BH,0.6623586498431951,False,0,1,0.5843128835666634,1.018627692508155,Unpaired t-test
444,sp|P0AAA1|YAGU_ECOLI,-1.972921089646807,0.09596088265580693,29.99558013968335,30.35663588818683,0.22146037088268614,0.22677859544446166,-0.3610557485034782,t-Test,FDR correction BH,0.6623586498431951,False,0,1,0.7785946040915052,1.0179057660107576,Unpaired t-test
3,sp|P00393|NDH_ECOLI,-1.9713509056568284,0.09616996775469648,26.072201194025283,26.662434082970904,0.4785325960019508,0.1998427807235495,-0.5902328889456214,t-Test,FDR correction BH,0.6623586498431951,False,0,1,0.6642356732755923,1.0169605295706157,Unpaired t-test
721,sp|P0AF98|LPTF_ECOLI,-1.9673550935581414,0.09670411989819218,26.537109933746766,26.8531597956017,0.17169756415671714,0.21895754078792282,-0.31604986185493544,t-Test,FDR correction BH,0.6623586498431951,False,0,1,0.8032662341076526,1.0145550232185856,Unpaired t-test
314,sp|P0A8F8|UVRB_ECOLI,-1.9641886216780402,0.09712952760259617,26.13164373568828,26.470051563696806,0.183490573426813,0.2353328883354702,-0.33840782800852764,t-Test,FDR correction BH,0.6623586498431951,False,0,1,0.7909136902757795,1.012648723485813,Unpaired t-test
797,sp|P0AGI8|TRKA_ECOLI,1.9619143390458802,0.09743623329186492,26.17025006865696,25.650360478468453,0.4291999941182867,0.16262845016365335,0.5198895901885052,t-Test,FDR correction BH,0.6623586498431951,False,0,1,1.4338455112620063,1.0112795134240211,Unpaired t-test
63,sp|P05847|TTDA_ECOLI,-1.9577691955553873,0.09799774777680106,25.296963530194382,26.511582460662595,0.8551082975702374,0.6507797293589249,-1.2146189304682125,t-Test,FDR correction BH,0.6623586498431951,False,0,1,0.4308868781105,1.008783905321251,Unpaired t-test
595,sp|P0AD59|IVY_ECOLI,-1.953974340061903,0.0985146632992595,27.716258159211478,28.084375737758894,0.24468417418425328,0.2158862272241527,-0.368117578547416,t-Test,FDR correction BH,0.6623586498431951,False,0,1,0.7747927833640214,1.0064991226394593,Unpaired t-test
1412,sp|Q2M7R5|YIBT_ECOLI,-1.9516395428398705,0.09883405792247377,26.06722406771054,26.401353865834636,0.2743373186167938,0.11257064301270744,-0.3341297981240956,t-Test,FDR correction BH,0.6623586498431951,False,0,1,0.7932624707876633,1.0050933730337641,Unpaired t-test
727,sp|P0AFC7|NUOB_ECOLI,-1.9487462588218425,0.0992312958644221,28.82995844637018,29.086423791913937,0.2143245793910366,0.0776198653291792,-0.2564653455437558,t-Test,FDR correction BH,0.6623586498431951,False,0,1,0.8371364231315302,1.0033513371430354,Unpaired t-test
1095,sp|P37342|YJJI_ECOLI,-1.9487062593860827,0.09923679887257002,28.098803078903856,28.392703714667785,0.13700938294847426,0.2224116466769867,-0.29390063576392933,t-Test,FDR correction BH,0.6623586498431951,False,0,1,0.8156936715230044,1.003327253412335,Unpaired t-test
716,sp|P0AF63|NSRR_ECOLI,-1.9437922295024017,0.0999151935235172,26.920013133927064,27.308923719326884,0.14009823160177498,0.31696439419890793,-0.38891058539982026,t-Test,FDR correction BH,0.6623586498431951,False,0,1,0.7637060800903929,1.0003684661113177,Unpaired t-test
105,sp|P07913|TDH_ECOLI,-1.9433905583547808,0.09997085066453862,28.56081687166576,28.996859873993976,0.2675379265383873,0.28187273724679246,-0.4360430023282156,t-Test,FDR correction BH,0.6623586498431951,False,0,1,0.7391591832332459,1.0001266124096548,Unpaired t-test
315,sp|P0A8G0|UVRC_ECOLI,-1.9424343119838563,0.10010347718136296,25.08684996265223,25.454009795715976,0.306031713294928,0.11632195319113203,-0.3671598330637451,t-Test,FDR correction BH,0.6623586498431951,False,0,1,0.7753073069688562,0.9995508366620347,Unpaired t-test
1258,sp|P64426|DIGH_ECOLI,-1.9380384348137134,0.10071543780974719,24.826278542848755,25.069977509976404,0.14761252990822385,0.1601439423651708,-0.24369896712764927,t-Test,FDR correction BH,0.6623586498431951,False,0,1,0.8445770985696602,0.9969039550499811,Unpaired t-test
1026,sp|P31433|YICH_ECOLI,-1.9348349855270845,0.10116376000078643,25.878982663468893,26.481634567756018,0.47129696305894997,0.2625421960724691,-0.602651904287125,t-Test,FDR correction BH,0.6623586498431951,False,0,1,0.6585423359854852,0.9949750374015073,Unpaired t-test
1380,sp|P77258|NEMA_ECOLI,-1.9334356432584767,0.10136022511885213,27.111782574988993,27.515705488857257,0.33313972075016385,0.14125807467930696,-0.4039229138682643,t-Test,FDR correction BH,0.6623586498431951,False,0,1,0.7558003470297335,0.9941324335649595,Unpaired t-test
928,sp|P23893|GSA_ECOLI,-1.9280516173833788,0.1021197052328689,28.949462525046197,29.272922485025582,0.22629045418563287,0.18228580474540543,-0.3234599599793846,t-Test,FDR correction BH,0.6623586498431951,False,0,1,0.7991510044392652,0.9908904474510545,Unpaired t-test
857,sp|P15770|AROE_ECOLI,-1.9272412264128,0.10223451303760743,25.623907770870794,26.21175268208136,0.5144401147942396,0.120253370338148,-0.587844911210567,t-Test,FDR correction BH,0.6623586498431951,False,0,1,0.6653360398926972,0.9904024672983066,Unpaired t-test
1397,sp|P77625|HXPA_ECOLI,1.9205200160414342,0.10319169954455971,27.177779087098205,25.86175449777123,0.2420131484870484,1.1619411195477374,1.3160245893269753,t-Test,FDR correction BH,0.6623586498431951,False,0,1,2.489790906455342,0.9863552347531184,Unpaired t-test
1106,sp|P37637|MDTF_ECOLI,1.9196018928695855,0.10332314660253059,28.963808773987818,28.7026897807334,0.21598703640386827,0.09412858127495614,0.2611189932544171,t-Test,FDR correction BH,0.6623586498431951,False,0,1,1.1984078617504517,0.9858023762955934,Unpaired t-test
272,sp|P0A7X6|RIMM_ECOLI,-1.9153865384318083,0.10392880955294077,27.504039643957622,27.884561820693136,0.2680844477978471,0.2157203379685217,-0.38052217673551425,t-Test,FDR correction BH,0.6623586498431951,False,0,1,0.7681595085734474,0.9832640472884522,Unpaired t-test
1157,sp|P39836|YFEH_ECOLI,-1.9136680201047516,0.10417674439422035,24.525703193443093,25.17661732747777,0.4415288453168657,0.3900473958389212,-0.6509141340346787,t-Test,FDR correction BH,0.6623586498431951,False,0,1,0.6368766420011338,0.9822292187378171,Unpaired t-test
174,sp|P0A6P1|EFTS_ECOLI,-1.913124545882495,0.10425527578132411,32.069024484591175,32.39334718779364,0.26359586450869094,0.12935817619455325,-0.32432270320246204,t-Test,FDR correction BH,0.6623586498431951,False,0,1,0.7986732485844886,0.9819019585629122,Unpaired t-test
193,sp|P0A6X3|HFQ_ECOLI,-1.9070496632910547,0.1051371270972718,31.583562106650493,31.817283176489862,0.13606808584689792,0.16292839525843464,-0.23372106983936902,t-Test,FDR correction BH,0.6623586498431951,False,0,1,0.8504385676692028,0.9782438943791157,Unpaired t-test
1217,sp|P60560|GUAC_ECOLI,-1.905975645202994,0.10529380894695321,27.624531730885508,28.0884482978082,0.3361594069119021,0.25441921761357716,-0.46391656692269123,t-Test,FDR correction BH,0.6623586498431951,False,0,1,0.72501534388108,0.9775971636599071,Unpaired t-test
124,sp|P09053|AVTA_ECOLI,-1.8999410062965125,0.10617851122641923,25.707365058379366,26.608002379866505,0.7273452683264108,0.380912834926624,-0.9006373214871388,t-Test,FDR correction BH,0.6623586498431951,False,0,1,0.5356500515175867,0.9739633683778323,Unpaired t-test
92,sp|P07023|TYRA_ECOLI,-1.8930633050813122,0.10719585998452003,25.23015850059098,25.64899994105476,0.34807381282141353,0.16031262817671502,-0.4188414404637797,t-Test,FDR correction BH,0.6623586498431951,False,0,1,0.7480250864321616,0.9698219872234497,Unpaired t-test
633,sp|P0ADV1|LPTA_ECOLI,-1.8890387285774408,0.10779567798883645,27.82840942136951,28.22706968203847,0.30840470039469337,0.19621041808834305,-0.398660260668958,t-Test,FDR correction BH,0.6623586498431951,False,0,1,0.7585623850258859,0.9673986516096487,Unpaired t-test
1121,sp|P37765|RLUB_ECOLI,1.8876328821289152,0.10800599117864838,27.580354192225663,27.269402864287215,0.169168330228807,0.22976251497614958,0.31095132793844726,t-Test,FDR correction BH,0.6623586498431951,False,0,1,1.2405254455237327,0.9665521531828649,Unpaired t-test
858,sp|P15977|MALQ_ECOLI,-1.8835788515262968,0.10861476236670775,25.209436668834268,25.867914141110415,0.2681021477243228,0.5429157941765971,-0.6584774722761466,t-Test,FDR correction BH,0.6623586498431951,False,0,1,0.6335465486613674,0.9641111436358328,Unpaired t-test
737,sp|P0AFG8|ODP1_ECOLI,-1.881311304218013,0.10895675663232857,29.457970356429456,29.775475668245367,0.28557189767762625,0.06242350419624393,-0.3175053118159106,t-Test,FDR correction BH,0.6623586498431951,False,0,1,0.8024562747959232,0.9627458330895791,Unpaired t-test
907,sp|P22525|YCBB_ECOLI,-1.8810611096976717,0.10899455690311083,24.49355677466347,25.376055053545524,0.7110163574459761,0.3933936976215287,-0.8824982788820535,t-Test,FDR correction BH,0.6623586498431951,False,0,1,0.5424273097138153,0.9625951898205527,Unpaired t-test
1013,sp|P30850|RNB_ECOLI,1.8808022235198576,0.10903368408644143,28.146157995884032,27.784578307582244,0.1902390274712053,0.2732883386859682,0.3615796883017879,t-Test,FDR correction BH,0.6623586498431951,False,0,1,1.2848319627317564,0.9624393134999605,Unpaired t-test
743,sp|P0AFJ7|PITA_ECOLI,-1.8783824771242281,0.10940007325269126,27.616221599127623,28.204980142354888,0.4878440590856214,0.23820246098457973,-0.5887585432272644,t-Test,FDR correction BH,0.6623586498431951,False,0,1,0.6649148283031514,0.9609823872052485,Unpaired t-test
684,sp|P0AEN8|FUCM_ECOLI,-1.8735354302603606,0.11013768508857509,28.386959534405683,28.745864174617598,0.26940414703092447,0.1936836587852648,-0.3589046402119145,t-Test,FDR correction BH,0.6623586498431951,False,0,1,0.7797563815324373,0.9580640559083343,Unpaired t-test
1377,sp|P77213|GCS2_ECOLI,-1.8724184496952343,0.11030836474484272,25.10401541676761,25.5063847856266,0.2868136340331371,0.23722304310831724,-0.40236936885899155,t-Test,FDR correction BH,0.6623586498431951,False,0,1,0.7566146579163886,0.9573915535182225,Unpaired t-test
138,sp|P09831|GLTB_ECOLI,-1.867881215292944,0.11100438304038544,26.02849640723589,26.405988648452446,0.27976649188444314,0.21037986201447587,-0.37749224121655445,t-Test,FDR correction BH,0.6623586498431951,False,0,1,0.7697744857482275,0.9546598726307107,Unpaired t-test
119,sp|P08622|DNAJ_ECOLI,-1.8673418999063889,0.11108740458586083,28.49247648045126,28.729014125218047,0.12564559360123387,0.17986005717214307,-0.23653764476678774,t-Test,FDR correction BH,0.6623586498431951,False,0,1,0.8487798752890177,0.9543351798436078,Unpaired t-test
1215,sp|P60438|RL3_ECOLI,1.8634941201363358,0.11168152035927949,30.41276982053904,28.994397402478857,0.44159652354790013,1.242166026571394,1.4183724180601835,t-Test,FDR correction BH,0.6631379901831077,False,0,1,2.6728380355563734,0.9520186824792304,Unpaired t-test
1105,sp|P37636|MDTE_ECOLI,-1.8421569039641976,0.11503378528288374,27.72028806038397,28.513525446726014,0.23805504247461393,0.7068135264411941,-0.7932373863420423,t-Test,FDR correction BH,0.6722727324132783,False,0,1,0.577047751389408,0.9391745891504857,Unpaired t-test
1371,sp|P77148|YDHS_ECOLI,-1.8405912996443576,0.11528364769575808,23.62358691298268,24.219259636393254,0.4775372550659283,0.29354655617860437,-0.5956727234105728,t-Test,FDR correction BH,0.6722727324132783,False,0,1,0.6617358182581402,0.9382322904428816,Unpaired t-test
764,sp|P0AG14|SOHB_ECOLI,-1.8395969094817113,0.11544262628625741,27.397172453201456,27.716077866112318,0.2875749442430987,0.08635798521761422,-0.31890541291086194,t-Test,FDR correction BH,0.6722727324132783,False,0,1,0.8016778879027426,0.9376338017287043,Unpaired t-test
900,sp|P22186|MRAZ_ECOLI,-1.8388648385270723,0.11555980519116847,25.793344166852947,26.144059383640645,0.24866152107282963,0.2174720814935077,-0.3507152167876981,t-Test,FDR correction BH,0.6722727324132783,False,0,1,0.7841952363351398,0.9371931989537655,Unpaired t-test
506,sp|P0ABJ9|CYDA_ECOLI,-1.8388080660384887,0.11556889739599334,28.895504144977362,29.20604695632845,0.23190860502379232,0.17827637290933165,-0.3105428113510875,t-Test,FDR correction BH,0.6722727324132783,False,0,1,0.8063383188344131,0.9371590301608669,Unpaired t-test
1297,sp|P69783|PTGA_ECOLI,-1.8323849380688002,0.11660215654367563,32.17149386894493,32.70582396590132,0.4799886247562763,0.15719080369129612,-0.5343300969563884,t-Test,FDR correction BH,0.6755371903400803,False,0,1,0.6904792203636546,0.9332934172754839,Unpaired t-test
995,sp|P28629|ADIA_ECOLI,1.8204417642284956,0.11854774509197735,27.51616721720691,26.806593635394197,0.4230096884401067,0.5261658003743046,0.7095735818127125,t-Test,FDR correction BH,0.6786873826352295,False,0,1,1.6353206930161375,0.9261067023641988,Unpaired t-test
263,sp|P0A7T7|RS18_ECOLI,-1.8162522466632482,0.1192378035368047,29.29068801000254,33.56812741953112,4.077360274757508,0.12039411283326927,-4.277439409528583,t-Test,FDR correction BH,0.6786873826352295,False,0,1,0.05156587993759281,0.9235860326447013,Unpaired t-test
431,sp|P0A9W9|YRDA_ECOLI,-1.8155384951589848,0.11935576070677334,26.90570167260949,27.17413621086103,0.19754773898783873,0.16296399170080886,-0.2684345382515403,t-Test,FDR correction BH,0.6786873826352295,False,0,1,0.8302199250467647,0.9231566149246182,Unpaired t-test
825,sp|P10384|FADL_ECOLI,-1.8150681486910316,0.11943355481421374,26.95672146868828,28.18183073048833,0.8890933850005083,0.7591114527186231,-1.2251092618000499,t-Test,FDR correction BH,0.6786873826352295,False,0,1,0.42776511503369696,0.9228736411851314,Unpaired t-test
1285,sp|P68767|AMPA_ECOLI,1.8107550370744343,0.12014926921683204,28.499129890678283,28.005279000585258,0.30599869256128404,0.3598792497320241,0.4938508900930252,t-Test,FDR correction BH,0.6786873826352295,False,0,1,1.4081986748592223,0.9202788663587286,Unpaired t-test
1271,sp|P65556|YFCD_ECOLI,-1.8096212354046175,0.12033811251401602,25.670431218568773,26.551199563031393,0.5411862990461439,0.6463663939120703,-0.88076834446262,t-Test,FDR correction BH,0.6786873826352295,False,0,1,0.5430781239656072,0.9195968046374169,Unpaired t-test
2,sp|P00370|DHE4_ECOLI,-1.8081083349014677,0.12059055347264848,26.816834875802513,27.25498398842115,0.4068276453775686,0.10322252210616036,-0.43814911261863543,t-Test,FDR correction BH,0.6786873826352295,False,0,1,0.7380809130765115,0.9186867115605976,Unpaired t-test
1231,sp|P61316|LOLA_ECOLI,1.8060186209097,0.12094009963101575,27.04302815364186,26.527445104177716,0.20086927419419537,0.4518283251775051,0.5155830494641442,t-Test,FDR correction BH,0.6786873826352295,False,0,1,1.4295717688488747,0.9174296779561185,Unpaired t-test
698,sp|P0AEW9|K1PF_ECOLI,-1.7978912262108153,0.12230908402749908,28.574104760795535,28.943827437184865,0.3498865384930101,0.06667688404794644,-0.36972267638932976,t-Test,FDR correction BH,0.6835903586203853,False,0,1,0.7739312522433058,0.9125412862465627,Unpaired t-test
1113,sp|P37652|BCSB_ECOLI,-1.792702201868971,0.12319109484882572,27.055113308254604,27.35393534782498,0.25437211642004154,0.13656334570029313,-0.2988220395703749,t-Test,FDR correction BH,0.6835903586203853,False,0,1,0.8129158712244784,0.909420685010848,Unpaired t-test
399,sp|P0A9J4|PANE_ECOLI,-1.7923751266217638,0.12324689903847619,25.997304192587183,26.478131651990573,0.28656517623193933,0.3657527716088727,-0.48082745940338967,t-Test,FDR correction BH,0.6835903586203853,False,0,1,0.7165665185716245,0.909223999007491,Unpaired t-test
44,sp|P04425|GSHB_ECOLI,-1.7867150415755433,0.12421654505672215,27.681506272882277,28.22079933066652,0.5061238104463098,0.1309645461201193,-0.5392930577842421,t-Test,FDR correction BH,0.6863084014523915,False,0,1,0.6881080097198478,0.9058205543342895,Unpaired t-test
1329,sp|P75914|YCDX_ECOLI,-1.776543891755051,0.1259778671883932,27.453028551056995,27.82056245054054,0.16740431088353636,0.316821000056936,-0.36753389948354354,t-Test,FDR correction BH,0.6933627997945796,False,0,1,0.775106308957901,0.8997057485512565,Unpaired t-test
127,sp|P09148|GAL7_ECOLI,-1.7659506611984406,0.1278383312756619,26.743211756882275,27.111597323026665,0.31630487859419787,0.17463950519118102,-0.36838556614439,t-Test,FDR correction BH,0.6963346685488137,False,0,1,0.7746488752151155,0.8933389070108555,Unpaired t-test
155,sp|P0A6F5|CH60_ECOLI,1.7640893875115575,0.12816799237085066,31.963276111886074,30.92228140685826,0.9281376992823537,0.42804858981899685,1.0409947050278134,t-Test,FDR correction BH,0.6963346685488137,False,0,1,2.0576458638116444,0.8922204184389034,Unpaired t-test
1132,sp|P39160|UXUB_ECOLI,-1.76262225232044,0.1284284319906205,25.716768898246777,26.4392679725418,0.43519849046231773,0.560942600625016,-0.7224990742950226,t-Test,FDR correction BH,0.6963346685488137,False,0,1,0.6060467223455267,0.89133881980512,Unpaired t-test
1259,sp|P64429|YPFJ_ECOLI,-1.7624206643230096,0.12846425751005366,26.058267382406473,26.598684382633476,0.4963661222426915,0.18892526724137412,-0.5404170002270021,t-Test,FDR correction BH,0.6963346685488137,False,0,1,0.68757214275247,0.8912176888727277,Unpaired t-test
401,sp|P0A9J8|CMPDT_ECOLI,-1.7567985988290915,0.1294673419082868,25.881119912837907,26.22485919213341,0.1782408453545206,0.2882384855490042,-0.3437392792955052,t-Test,FDR correction BH,0.6965406742556416,False,0,1,0.7879962781530917,0.8878397683991573,Unpaired t-test
1198,sp|P52095|LDCC_ECOLI,-1.7519989509389189,0.13032975165974478,24.72248767912112,25.09976990294775,0.2999690399067853,0.22166983193542864,-0.37728222382662935,t-Test,FDR correction BH,0.6965406742556416,False,0,1,0.7698865522566841,0.8849564322786484,Unpaired t-test
837,sp|P13009|METH_ECOLI,-1.751469218278738,0.1304252785326361,25.989136459639802,26.280846785088507,0.14895165027578103,0.24704634702935785,-0.29171032544870457,t-Test,FDR correction BH,0.6965406742556416,False,0,1,0.8169330042512114,0.8846382271372515,Unpaired t-test
169,sp|P0A6L2|DAPA_ECOLI,-1.7513362541900839,0.13044926673690563,29.703052419035686,29.95340855603854,0.21902687657715414,0.11546695502135955,-0.25035613700285353,t-Test,FDR correction BH,0.6965406742556416,False,0,1,0.8406888610858746,0.8845583577520371,Unpaired t-test
808,sp|P0C093|SLMA_ECOLI,-1.7443754965360903,0.13171110385607043,26.26348957846497,26.80151986384098,0.3352428319035583,0.4159480179606743,-0.5380302853760099,t-Test,FDR correction BH,0.699059499406349,False,0,1,0.6887105654740511,0.880377610458561,Unpaired t-test
61,sp|P05791|ILVD_ECOLI,-1.7412616196074016,0.13227943531424247,26.552960143488242,27.00484418113479,0.41537641799541214,0.17177604486866963,-0.45188403764654694,t-Test,FDR correction BH,0.699059499406349,False,0,1,0.7310874859035814,0.878507667707775,Unpaired t-test
1407,sp|P77774|BAMB_ECOLI,-1.7406763128689369,0.1323865299364924,29.251327000750464,29.49302010248581,0.20446022955358858,0.12662573076283984,-0.24169310173534697,t-Test,FDR correction BH,0.699059499406349,False,0,1,0.8457521814395935,0.8781562012396249,Unpaired t-test
307,sp|P0A8C1|YBJQ_ECOLI,-1.7338741049304658,0.1336373629396473,27.06574043909722,27.424108467129162,0.3135615133912272,0.17273349543687605,-0.35836802803194345,t-Test,FDR correction BH,0.6991922351302908,False,0,1,0.7800464668149829,0.874072102863742,Unpaired t-test
1393,sp|P77504|YBBP_ECOLI,-1.7319773129423528,0.1339882070053608,24.332003091706916,25.4777432533658,1.091164924601624,0.3495583435368067,-1.1457401616588854,t-Test,FDR correction BH,0.6991922351302908,False,0,1,0.45195775644581976,0.8729334244551997,Unpaired t-test
136,sp|P09424|MTLD_ECOLI,-1.730068037071664,0.13434226669675794,27.221350278972512,27.67229688886489,0.40936130346316857,0.1903747527136166,-0.45094660989237667,t-Test,FDR correction BH,0.6991922351302908,False,0,1,0.7315626829396192,0.8717873283196746,Unpaired t-test
748,sp|P0AFL6|PPX_ECOLI,-1.7299397835321184,0.13436608292161425,26.18975038979096,26.518197166772705,0.24751543860894046,0.21651059148140617,-0.32844677698174607,t-Test,FDR correction BH,0.6991922351302908,False,0,1,0.796393429219957,0.8717103433277559,Unpaired t-test
1119,sp|P37690|ENVC_ECOLI,-1.7215713636126728,0.13592898769089126,25.698944837387085,25.97011206669039,0.12987983178599502,0.2399183508155056,-0.2711672293033054,t-Test,FDR correction BH,0.704558289506368,False,0,1,0.8286488464874748,0.8666879174268854,Unpaired t-test
730,sp|P0AFD6|NUOI_ECOLI,-1.716256290539859,0.13693081390624612,27.616066392675577,28.348784897630974,0.38831981414968775,0.6292942298626484,-0.7327185049553968,t-Test,FDR correction BH,0.704558289506368,False,0,1,0.6017689171901714,0.8634988104225679,Unpaired t-test
1388,sp|P77434|ALAC_ECOLI,-1.706446601860829,0.13879869857286584,26.06730766324937,26.559956207379706,0.3553369222184333,0.351818295151254,-0.4926485441303363,t-Test,FDR correction BH,0.704558289506368,False,0,1,0.7107191392512037,0.8576146059652614,Unpaired t-test
1402,sp|P77735|YAJO_ECOLI,-1.7058788979127049,0.13890755043749634,26.237589781442274,26.765598448344235,0.26973105425977734,0.46331255757296463,-0.528008666901961,t-Test,FDR correction BH,0.704558289506368,False,0,1,0.6935113183264746,0.8572741471765708,Unpaired t-test
711,sp|P0AF26|NARJ_ECOLI,1.7045499614836055,0.13916268549741695,25.721993524729847,24.941325213636127,0.5003727200893132,0.6155436929538977,0.78066831109372,t-Test,FDR correction BH,0.704558289506368,False,0,1,1.7179264973290322,0.8564771990286744,Unpaired t-test
149,sp|P0A6D3|AROA_ECOLI,-1.7010286571259539,0.1398409213850236,27.364523432278332,27.778021555252458,0.32042756834447145,0.27313034936424213,-0.4134981229741257,t-Test,FDR correction BH,0.704558289506368,False,0,1,0.7508006878558248,0.854365723217158,Unpaired t-test
738,sp|P0AFH8|OSMY_ECOLI,-1.6954938789097176,0.14091345406497022,27.493934798838545,27.96643695675301,0.3703119327872089,0.3096103951958542,-0.4725021579144659,t-Test,FDR correction BH,0.704558289506368,False,0,1,0.7207135337810955,0.8510475395575842,Unpaired t-test
306,sp|P0A8B5|YBAB_ECOLI,-1.6910468325606272,0.14178097615110827,29.553777601477847,30.280207173559827,0.5233937074683536,0.5288291000956523,-0.7264295720819796,t-Test,FDR correction BH,0.704558289506368,False,0,1,0.604397847626375,0.8483820378896128,Unpaired t-test
1112,sp|P37651|GUN_ECOLI,-1.6875522374285206,0.1424663219637399,25.71914253711985,26.163469497172308,0.3790572003402251,0.2535569341098475,-0.4443269600524573,t-Test,FDR correction BH,0.704558289506368,False,0,1,0.7349270917354974,0.8462877876830959,Unpaired t-test
113,sp|P08331|CPDB_ECOLI,-1.6873583820003897,0.14250443381626096,26.833570730094102,27.12712269507882,0.23473974702702977,0.1889320292737692,-0.2935519649847187,t-Test,FDR correction BH,0.704558289506368,False,0,1,0.8158908323301792,0.8461716230099989,Unpaired t-test
910,sp|P23003|TRMA_ECOLI,1.6857284146023062,0.14282527475350856,26.9768403378318,26.211410924849154,0.7485199733098122,0.24133282619570187,0.7654294129826447,t-Test,FDR correction BH,0.704558289506368,False,0,1,1.6998758849204578,0.8451949318127109,Unpaired t-test
589,sp|P0AD12|YEEZ_ECOLI,-1.6827449388337057,0.14341434955145885,26.82268343270634,27.88185636037351,1.086086379688372,0.094704759880215,-1.05917292766717,t-Test,FDR correction BH,0.704558289506368,False,0,1,0.47990710333081954,0.8434073924671512,Unpaired t-test
715,sp|P0AF52|GHXP_ECOLI,-1.6824190303404145,0.14347884097606425,26.559675125795614,27.2375513246646,0.5188984385695126,0.4666606170828834,-0.6778761988689865,t-Test,FDR correction BH,0.704558289506368,False,0,1,0.6250847890202003,0.8432121402183511,Unpaired t-test
230,sp|P0A7C6|PEPE_ECOLI,1.6807216063204629,0.14381518415618813,26.82233376350991,26.6307448864453,0.18854595954747488,0.058591583282092394,0.19158887706461059,t-Test,FDR correction BH,0.704558289506368,False,0,1,1.1420207602985428,0.8421952582708617,Unpaired t-test
811,sp|P0C0L7|PROP_ECOLI,-1.6805405955438788,0.14385109622959022,26.105214605875773,26.622966227754524,0.4590754105009086,0.2720319260493353,-0.5177516218787517,t-Test,FDR correction BH,0.704558289506368,False,0,1,0.6984595044835517,0.8420868241827765,Unpaired t-test
613,sp|P0ADI7|YECD_ECOLI,-1.677043518818001,0.14454661058431545,26.3850138992679,26.76311580349849,0.17099874935846313,0.3510734564335119,-0.37810190423059,t-Test,FDR correction BH,0.704558289506368,False,0,1,0.7694492583971348,0.8399920874716129,Unpaired t-test
695,sp|P0AEU0|HISJ_ECOLI,-1.6769504082656566,0.14456517315940284,26.077747781905153,26.755962700953475,0.6116119185500701,0.34151167362328466,-0.6782149190483224,t-Test,FDR correction BH,0.704558289506368,False,0,1,0.6249380470043039,0.8399363192574153,Unpaired t-test
330,sp|P0A8M6|YEEX_ECOLI,-1.6748598231617042,0.14498256012209088,29.89505266303163,30.223417763570982,0.32608906307054525,0.09475723524629495,-0.32836510053935086,t-Test,FDR correction BH,0.704558289506368,False,0,1,0.7964385173512001,0.8386842356840706,Unpaired t-test
946,sp|P24255|RP54_ECOLI,-1.6745633660299062,0.14504184214963983,26.51358773205567,26.720023532303756,0.15125883970109655,0.15070735770978097,-0.20643580024808728,t-Test,FDR correction BH,0.704558289506368,False,0,1,0.8666757240151267,0.838506692983543,Unpaired t-test
425,sp|P0A9T4|TAS_ECOLI,-1.6682847054816035,0.14630288408936712,26.281355426397752,27.374389607303,1.1086229340246894,0.24239460042050978,-1.0930341809052493,t-Test,FDR correction BH,0.704558289506368,False,0,1,0.4687744417062921,0.8347471124819921,Unpaired t-test
590,sp|P0AD24|YEJL_ECOLI,1.668039136287511,0.14635241994060647,25.5822153470317,24.143790753226043,1.2720339833687522,0.782843748153476,1.4384245938056566,t-Test,FDR correction BH,0.704558289506368,False,0,1,2.710247479699616,0.8346000921016413,Unpaired t-test
950,sp|P25516|ACNA_ECOLI,-1.6673085902617581,0.14649988024909105,25.744414365162328,26.324453898823002,0.5075114158996937,0.3248291141609072,-0.5800395336606741,t-Test,FDR correction BH,0.704558289506368,False,0,1,0.6689454462670181,0.834162730307689,Unpaired t-test
1328,sp|P75913|GHRA_ECOLI,-1.6593442910308605,0.14811678932799854,25.65383769347033,26.40817845914149,0.6982959280962847,0.36382820559060586,-0.7543407656711594,t-Test,FDR correction BH,0.704558289506368,False,0,1,0.5928172092894358,0.8293957105589036,Unpaired t-test
114,sp|P08373|MURB_ECOLI,-1.6563098206541174,0.14873735764609683,26.887017264573533,27.181892924200262,0.2268988081378245,0.20881281974770372,-0.29487565962672946,t-Test,FDR correction BH,0.704558289506368,False,0,1,0.815142583399985,0.8275799381229242,Unpaired t-test
236,sp|P0A7E5|PYRG_ECOLI,-1.6534137834330138,0.14933194889208695,29.982838111601673,30.249412939812736,0.2065807215691813,0.18790096934922948,-0.2665748282110627,t-Test,FDR correction BH,0.704558289506368,False,0,1,0.8312908124087386,0.8258472670026406,Unpaired t-test
726,sp|P0AFC3|NUOA_ECOLI,-1.6531855745432216,0.14937890000393916,28.275187050924433,28.91078741070632,0.6437769998334854,0.17030225901756144,-0.6356003597818862,t-Test,FDR correction BH,0.704558289506368,False,0,1,0.6436729024597444,0.8257107429424002,Unpaired t-test
356,sp|P0A903|BAMC_ECOLI,-1.6518166252632087,0.14966084232781726,28.505898389572142,28.830826056053343,0.29048915642443685,0.17804403338966882,-0.3249276664812015,t-Test,FDR correction BH,0.704558289506368,False,0,1,0.7983384122646173,0.824891814790563,Unpaired t-test
513,sp|P0ABN9|DCUB_ECOLI,1.6517677621660838,0.14967091539505084,28.106075831486002,26.46597196352986,1.4143829855647743,0.9784179039451668,1.6401038679561424,t-Test,FDR correction BH,0.704558289506368,False,0,1,3.1168827129692316,0.8248625851655454,Unpaired t-test
1100,sp|P37617|ZNTA_ECOLI,-1.6471303000299526,0.15062989499882135,26.032389390027873,26.565960889696605,0.537199504456786,0.16195120666437782,-0.5335714996687315,t-Test,FDR correction BH,0.704558289506368,False,0,1,0.6908423833219014,0.8220888266441463,Unpaired t-test
304,sp|P0A8A2|YEEN_ECOLI,-1.6452920304723706,0.15101166237194985,29.24258884132856,29.917387233064712,0.7039023804380782,0.09572555776243272,-0.6747983917361537,t-Test,FDR correction BH,0.704558289506368,False,0,1,0.6264197517227055,0.8209895115929116,Unpaired t-test
1376,sp|P77212|RCLA_ECOLI,1.6439853650815044,0.15128359248383214,25.61394948571827,24.681738319371775,0.797053398704354,0.5738647670371839,0.9322111663464945,t-Test,FDR correction BH,0.704558289506368,False,0,1,1.9081983824271065,0.8202081709862601,Unpaired t-test
1032,sp|P31677|OTSA_ECOLI,-1.6433269519369276,0.15142079296997837,25.80914711344695,26.020785933185042,0.17276982246726041,0.1410982215418159,-0.2116388197380914,t-Test,FDR correction BH,0.704558289506368,False,0,1,0.8635557236229416,0.8198144838050273,Unpaired t-test
1010,sp|P30749|MOAE_ECOLI,1.6407149627891775,0.1519662587550816,26.538205053970756,25.949322816807275,0.23332069817275664,0.5762186917102937,0.5888822371634816,t-Test,FDR correction BH,0.704558289506368,False,0,1,1.5040809727930948,0.8182528282601103,Unpaired t-test
1164,sp|P41407|AZOR_ECOLI,-1.637131390969057,0.15271769125755866,26.5145577877273,27.21085946891664,0.695321005511434,0.24334186792033524,-0.6963016811893432,t-Test,FDR correction BH,0.704558289506368,False,0,1,0.6171522375780617,0.8161106501047082,Unpaired t-test
184,sp|P0A6T3|GAL1_ECOLI,-1.6348650544176753,0.15319475375804217,27.725712002182764,28.037890049678253,0.25142760720331686,0.21487266469264246,-0.3121780474954896,t-Test,FDR correction BH,0.704558289506368,False,0,1,0.8054248849172919,0.8147561071116745,Unpaired t-test
1214,sp|P60422|RL2_ECOLI,-1.6265988744745006,0.15494691559980314,30.894678016178876,31.443299649951626,0.4274710553716735,0.398176888893205,-0.5486216337727505,t-Test,FDR correction BH,0.704558289506368,False,0,1,0.6836730049246558,0.8098170644799929,Unpaired t-test
1399,sp|P77717|YBAY_ECOLI,-1.6262783282441677,0.15501524616561765,26.746823209553572,27.274647356450842,0.553572241761306,0.09784916498809411,-0.5278241468972702,t-Test,FDR correction BH,0.704558289506368,False,0,1,0.6936000237644729,0.8096255857008396,Unpaired t-test
376,sp|P0A991|ALF1_ECOLI,-1.6262574646865935,0.15501969463221255,30.701803840531667,30.996010404604615,0.30810204023346655,0.05708445310939791,-0.29420656407294743,t-Test,FDR correction BH,0.704558289506368,False,0,1,0.8155207192897834,0.8096131229475109,Unpaired t-test
1183,sp|P45799|NUDE_ECOLI,1.6250460537368254,0.15527819778613805,26.234034635844928,25.756636319349454,0.48618542197544806,0.1501180678152421,0.47739831649547426,t-Test,FDR correction BH,0.704558289506368,False,0,1,1.3922307224764654,0.8088895181663032,Unpaired t-test
977,sp|P27248|GCST_ECOLI,-1.6222630939160638,0.15587361749103398,28.728103894919045,29.063888423170113,0.300752632576111,0.19513208919943015,-0.3357845282510681,t-Test,FDR correction BH,0.704558289506368,False,0,1,0.7923531429103984,0.8072273854375568,Unpaired t-test
584,sp|P0ACY3|YEAG_ECOLI,-1.621640269679453,0.15600717080331805,25.835580295317055,26.18425067533758,0.33884780134393166,0.15450328670593344,-0.3486703800205255,t-Test,FDR correction BH,0.704558289506368,False,0,1,0.785307521439416,0.8068554390254206,Unpaired t-test
966,sp|P26365|AMIB_ECOLI,-1.617635163118008,0.15686861125268134,25.256437714220418,25.600660155170925,0.21946200624626247,0.2961077522911831,-0.3442224409505066,t-Test,FDR correction BH,0.704558289506368,False,0,1,0.787732420699757,0.8044639482136511,Unpaired t-test
1423,sp|Q46920|QUEF_ECOLI,-1.6170072528063912,0.1570040773872583,26.916169048539594,27.1353904641903,0.22415828654161857,0.06994726487204818,-0.21922141565070774,t-Test,FDR correction BH,0.704558289506368,False,0,1,0.8590289065418015,0.8040890688404921,Unpaired t-test
173,sp|P0A6N8|EFPL_ECOLI,1.6167441970675174,0.15706086258038532,27.547873836409728,27.305109137576697,0.15142124445037466,0.2114534402729869,0.24276469883303164,t-Test,FDR correction BH,0.704558289506368,False,0,1,1.1832580185945751,0.8039320217259676,Unpaired t-test
1255,sp|P63417|YHBS_ECOLI,-1.6106922914926272,0.1583727041715889,27.41168515458498,28.009276948725734,0.6090260710841855,0.20504812177615203,-0.5975917941407545,t-Test,FDR correction BH,0.7048360813347381,False,0,1,0.660856163475277,0.8003196677538832,Unpaired t-test
1006,sp|P30128|GREB_ECOLI,-1.6106348302215145,0.15838520977329962,26.308227362821768,26.67941893408989,0.3808894685758617,0.11942635961813541,-0.37119157126812397,t-Test,FDR correction BH,0.7048360813347381,False,0,1,0.773143667145458,0.8002853758635811,Unpaired t-test
337,sp|P0A8Q0|FRDC_ECOLI,1.6088960170154805,0.15876408309190246,29.707232040672515,28.891887800962955,0.7617779198783613,0.43606131310594687,0.8153442397095603,t-Test,FDR correction BH,0.7048360813347381,False,0,1,1.7597179859238425,0.7992477404433842,Unpaired t-test
223,sp|P0A7A5|PIMT_ECOLI,-1.6073897756116717,0.15909297992391364,25.932874040629734,26.351050013599018,0.31273697908758125,0.32441143838123626,-0.41817597296928355,t-Test,FDR correction BH,0.7048360813347381,False,0,1,0.7483702052478679,0.7983489834431138,Unpaired t-test
1311,sp|P75777|YBHG_ECOLI,-1.5961569679370458,0.16156630053435234,27.137318537751028,27.667819291855025,0.3666217807602754,0.44382486147513467,-0.530500754103997,t-Test,FDR correction BH,0.7051742618570488,False,0,1,0.6923143925861818,0.7916492191691165,Unpaired t-test
1034,sp|P31802|NARP_ECOLI,-1.5942356408920613,0.16199300404438097,25.754725996240072,25.98484818588628,0.22047997905318864,0.11788229762243109,-0.230122189646206,t-Test,FDR correction BH,0.7051742618570488,False,0,1,0.8525626805652962,0.7905037408309946,Unpaired t-test
603,sp|P0ADB7|ECNB_ECOLI,-1.587149655676074,0.16357600395284938,27.424038591110172,28.94777086893611,1.6601152981302238,0.09521655544335789,-1.523732277825939,t-Test,FDR correction BH,0.7051742618570488,False,0,1,0.34778502570944647,0.78628040552543,Unpaired t-test
602,sp|P0ADB1|OSME_ECOLI,-1.5863983475469396,0.1637447050311445,28.829667992300987,30.344765671997234,1.4742004939006663,0.750415274429329,-1.5150976796962468,t-Test,FDR correction BH,0.7051742618570488,False,0,1,0.3498727769685412,0.7858327347739551,Unpaired t-test
878,sp|P18843|NADE_ECOLI,-1.5851287934481297,0.16403015050981157,28.665994022570832,28.99003330198383,0.3057926569174699,0.17849109550378545,-0.3240392794129967,t-Test,FDR correction BH,0.7051742618570488,False,0,1,0.7988301668719311,0.7850763166075677,Unpaired t-test
880,sp|P19926|AGP_ECOLI,-1.5850875506011983,0.16403943144190086,27.583858617836455,27.887760580386455,0.25310807604968905,0.21497090994139992,-0.30390196255000035,t-Test,FDR correction BH,0.7051742618570488,False,0,1,0.8100585187878188,0.7850517446398139,Unpaired t-test
48,sp|P04846|NLPA_ECOLI,-1.5846536978537604,0.1641370921306822,25.56377357515247,25.8081365608584,0.0882614864108377,0.2520879010261608,-0.24436298570592996,t-Test,FDR correction BH,0.7051742618570488,False,0,1,0.8441884607584194,0.7847932648495662,Unpaired t-test
1016,sp|P30864|YAFC_ECOLI,-1.5833423961538113,0.16443260333955767,25.569889783164566,25.97904695674883,0.2973264698099463,0.33455896645279193,-0.4091571735842656,t-Test,FDR correction BH,0.7051742618570488,False,0,1,0.7530631868105071,0.7840120672910038,Unpaired t-test
154,sp|P0A6F3|GLPK_ECOLI,-1.5824465365512619,0.16463478218641978,27.218926578507453,27.58486252295405,0.3794764997358541,0.12815244821132796,-0.3659359444465977,t-Test,FDR correction BH,0.7051742618570488,False,0,1,0.7759653063123815,0.7834784065731064,Unpaired t-test
1337,sp|P76034|YCIT_ECOLI,-1.581183944113309,0.16492012665743858,25.868667624688303,26.10507159860843,0.11412589597014175,0.23245571548229854,-0.23640397392012602,t-Test,FDR correction BH,0.7051742618570488,False,0,1,0.8488585214183865,0.7827263403355982,Unpaired t-test
930,sp|P23908|ARGE_ECOLI,-1.5808640512947238,0.1649924965975302,25.844572797369516,26.198574111477853,0.3331655825743568,0.1985781772530618,-0.3540013141083378,t-Test,FDR correction BH,0.7051742618570488,False,0,1,0.7824110690610334,0.7825358058490333,Unpaired t-test
709,sp|P0AF20|NAGC_ECOLI,-1.5804654116397951,0.16508272377506034,26.931705348752274,27.562153187814033,0.2598111425824063,0.6402047191366979,-0.6304478390617589,t-Test,FDR correction BH,0.7051742618570488,False,0,1,0.6459758614101888,0.7822983741130138,Unpaired t-test
512,sp|P0ABN5|DCUA_ECOLI,1.5780420440290428,0.1656322317397252,29.401909912972656,28.383979392353154,0.9970153980005703,0.504246335474524,1.017930520619501,t-Test,FDR correction BH,0.7054158441057938,False,0,1,2.0250120889110987,0.7808551463879931,Unpaired t-test
189,sp|P0A6V1|GLGC_ECOLI,-1.5657083818477724,0.16845592009726562,27.763393877427642,28.19343285729868,0.40393100708576557,0.2513079458660409,-0.4300389798710391,t-Test,FDR correction BH,0.7072391863948314,False,0,1,0.742241730571851,0.773513721872553,Unpaired t-test
746,sp|P0AFK9|POTD_ECOLI,-1.565415500970241,0.1685235238071973,27.74045480551441,27.889213280919428,0.15690590115159928,0.049714815537640074,-0.14875847540501752,t-Test,FDR correction BH,0.7072391863948314,False,0,1,0.9020263758651608,0.7733394684033608,Unpaired t-test
52,sp|P04994|EX7L_ECOLI,-1.5642385673548889,0.16879544643815825,25.068714015251363,25.467681842472782,0.3974267273286056,0.1929043651862829,-0.3989678272214192,t-Test,FDR correction BH,0.7072391863948314,False,0,1,0.7584006851909495,0.7726392734298846,Unpaired t-test
480,sp|P0AB52|YCHN_ECOLI,1.5630652288509927,0.16906695172067143,28.025211373054933,26.367263452691354,1.6386048062549439,0.8308108203193658,1.6579479203635792,t-Test,FDR correction BH,0.7072391863948314,False,0,1,3.1556734451614292,0.771941277606572,Unpaired t-test
581,sp|P0ACV0|LPXL_ECOLI,1.5613739158819304,0.16945904108333365,24.901789973720156,22.985556585278612,1.8278165989960802,1.0852141921829854,1.916233388441544,t-Test,FDR correction BH,0.7072391863948314,False,0,1,3.774363542573926,0.7709352554612678,Unpaired t-test
555,sp|P0ACD8|MBHL_ECOLI,1.560900662998436,0.16956890704635702,30.20390933963106,29.9316981021151,0.2718439786639003,0.1316827099091368,0.2722112375159611,t-Test,FDR correction BH,0.7072391863948314,False,0,1,1.2076574021551094,0.7706537790613219,Unpaired t-test
212,sp|P0A749|MURA_ECOLI,-1.5574573643130025,0.1703703011169026,28.558173550066684,29.018094282483258,0.49970652474760224,0.1091041867549912,-0.45992073241657394,t-Test,FDR correction BH,0.7072391863948314,False,0,1,0.7270262033646286,0.768606109012834,Unpaired t-test
932,sp|P23917|MAK_ECOLI,-1.5565622114534048,0.17057922474715922,27.212791583759063,27.379815451248025,0.16272518021957297,0.08979057379345808,-0.16702386748896103,t-Test,FDR correction BH,0.7072391863948314,False,0,1,0.8906781653878554,0.7680738637141422,Unpaired t-test
1269,sp|P64612|ZAPE_ECOLI,-1.5537455182348479,0.17123820532389708,24.88537886272174,25.162533569724424,0.20640105210948567,0.22990261614746796,-0.2771547070026834,t-Test,FDR correction BH,0.7072391863948314,False,0,1,0.8252169118610555,0.7663993324729341,Unpaired t-test
772,sp|P0AG44|RL17_ECOLI,-1.552464021604234,0.17153881351934794,31.56759175938032,32.81195491922093,1.3794329047685914,0.1567403337325601,-1.24436315984061,t-Test,FDR correction BH,0.7072391863948314,False,0,1,0.42209417943203287,0.7656375981279145,Unpaired t-test
1186,sp|P46122|YAJI_ECOLI,-1.5484887834625236,0.17247448101432264,25.477835066869844,25.882691877644056,0.4205788843859401,0.16788741924324738,-0.40485681077421276,t-Test,FDR correction BH,0.7072391863948314,False,0,1,0.755311254615868,0.7632751531965872,Unpaired t-test
789,sp|P0AGB6|RPOE_ECOLI,-1.54614017312327,0.1730295433651402,26.29478292029864,27.430700659801516,0.4579476876863202,1.187243248782532,-1.135917739502876,t-Test,FDR correction BH,0.7072391863948314,False,0,1,0.45504535736437607,0.761879738344949,Unpaired t-test
908,sp|P22634|MURI_ECOLI,-1.5457445983391014,0.17312319772976822,26.845670856574216,27.36756868371556,0.5596899682251312,0.16952810217095526,-0.5218978271413448,t-Test,FDR correction BH,0.7072391863948314,False,0,1,0.6964550621127873,0.761644734718354,Unpaired t-test
65,sp|P06136|FTSQ_ECOLI,-1.543881182792625,0.1735650141171708,25.527975382398182,25.65571299952021,0.12189477442517746,0.07535506701548449,-0.12773761712202614,t-Test,FDR correction BH,0.7072391863948314,False,0,1,0.9152656123049363,0.7605378120346198,Unpaired t-test
1151,sp|P39401|OPGB_ECOLI,-1.5375891968905708,0.17506470884204484,24.67095140795518,24.94589604809767,0.24273631150183136,0.19236406599655656,-0.27494464014248976,t-Test,FDR correction BH,0.7072391863948314,False,0,1,0.8264820317515972,0.7568013941787493,Unpaired t-test
176,sp|P0A6P7|ENGB_ECOLI,-1.5370292889012613,0.17519875249301492,26.965095095831114,27.249892365924527,0.2289541840840309,0.2248953957740006,-0.2847972700934136,t-Test,FDR correction BH,0.7072391863948314,False,0,1,0.8208569488900976,0.7564689905613664,Unpaired t-test
196,sp|P0A6Y5|HSLO_ECOLI,1.5370213713785246,0.17520064866420113,29.017816036963804,28.61863268101097,0.3263147765616503,0.30962897693930436,0.39918335595283594,t-Test,FDR correction BH,0.7072391863948314,False,0,1,1.3187612087143672,0.7564642902298008,Unpaired t-test
1191,sp|P46853|YHHX_ECOLI,-1.5349486021565157,0.17569772203546025,27.670582223142393,27.95986234544992,0.29699114452675346,0.13546404332592446,-0.2892801223075274,t-Test,FDR correction BH,0.7072391863948314,False,0,1,0.818310278141101,0.7552338692038676,Unpaired t-test
15,sp|P00864|CAPP_ECOLI,-1.533947588261523,0.17593825128618226,29.00794653461652,29.199552976521616,0.20774536533502716,0.060414400914905346,-0.19160644190509757,t-Test,FDR correction BH,0.7072391863948314,False,0,1,0.8756301634946125,0.7546397289534811,Unpaired t-test
1001,sp|P29131|FTSN_ECOLI,-1.5339199409915703,0.17594489892142556,27.1731181496245,27.462155587019165,0.27418255355527904,0.17703724896746342,-0.2890374373946649,t-Test,FDR correction BH,0.7072391863948314,False,0,1,0.8184479428983974,0.7546233199193884,Unpaired t-test
142,sp|P0A6A0|UBIB_ECOLI,-1.5259866321020568,0.17786220608464048,24.72540874485928,25.395281996937726,0.6081101371285415,0.45640426976312004,-0.6698732520784461,t-Test,FDR correction BH,0.7129434647258278,False,0,1,0.6285619071192245,0.7499163252867207,Unpaired t-test
273,sp|P0A7Y0|RNC_ECOLI,-1.5224066925528592,0.1787338103265515,28.332652264664787,28.550704879942664,0.0743336629603536,0.23668132220445168,-0.21805261527787678,t-Test,FDR correction BH,0.7139924996094884,False,0,1,0.8597251313826441,0.7477932860542668,Unpaired t-test
1057,sp|P33570|TKT2_ECOLI,-1.520818337074924,0.1791218080781316,27.146694888101788,27.321466245238838,0.19034412804927336,0.058210305509621425,-0.1747713571370504,t-Test,FDR correction BH,0.7139924996094884,False,0,1,0.8859079094585602,0.7468515355836027,Unpaired t-test
1396,sp|P77570|ANMK_ECOLI,-1.5130143669942338,0.1810396336735598,25.047521683019514,25.484128741238433,0.4561784908545353,0.20424278846650168,-0.4366070582189181,t-Test,FDR correction BH,0.7196325438524002,False,0,1,0.7388702478820441,0.7422263378299104,Unpaired t-test
349,sp|P0A8W8|YFBU_ECOLI,-1.5005756839051816,0.18413622837447802,30.380775907368005,30.748619583537305,0.4099657326158901,0.11046111325791325,-0.3678436761693007,t-Test,FDR correction BH,0.7299139689858117,False,0,1,0.7749398953498663,0.7348607566604068,Unpaired t-test
183,sp|P0A6T1|G6PI_ECOLI,1.4964630912824717,0.18517089509406903,30.02959882544393,29.397649643745037,0.6040202007404778,0.4125037055375441,0.6319491816988929,t-Test,FDR correction BH,0.7319877096121901,False,0,1,1.5496572749579807,0.7324272740977499,Unpaired t-test
252,sp|P0A7L8|RL27_ECOLI,-1.4917880621190793,0.18635365102077825,30.851796326556816,31.667334877145386,0.8185718370397495,0.4759563858872946,-0.8155385505885704,t-Test,FDR correction BH,0.7326600715722688,False,0,1,0.568196342271796,0.7296620941757999,Unpaired t-test
1398,sp|P77689|SUFD_ECOLI,-1.4917434724750562,0.18636496579476297,25.5550744647767,25.850640745523535,0.21506821513668495,0.26742821230170455,-0.29556628074683644,t-Test,FDR correction BH,0.7326600715722688,False,0,1,0.8147524663303677,0.7296357260595568,Unpaired t-test
873,sp|P17993|UBIG_ECOLI,1.4890217866655793,0.18705681661745807,26.479584435391093,25.8938855034931,0.4428062434220469,0.5177672783841376,0.5856989318979942,t-Test,FDR correction BH,0.7333652180262533,False,0,1,1.500765878247487,0.7280264608664408,Unpaired t-test
208,sp|P0A734|MINE_ECOLI,-1.4828264426743434,0.18864060094391158,27.366929065586774,28.015219825320234,0.7473739720114504,0.12190966283920415,-0.6482907597334595,t-Test,FDR correction BH,0.7360220792071358,False,0,1,0.6380357821775149,0.7243648287343072,Unpaired t-test
313,sp|P0A8F4|URK_ECOLI,-1.482348987454238,0.1887631747512361,27.192674057923178,27.436758802761968,0.24578066574688692,0.14467682828671216,-0.2440847448387906,t-Test,FDR correction BH,0.7360220792071358,False,0,1,0.8443512882268672,0.7240827269989941,Unpaired t-test
1064,sp|P33607|NUOL_ECOLI,-1.479099318701333,0.18959941026126506,27.981395816057287,28.170226079874297,0.1630413274377481,0.14937578662058695,-0.1888302638170103,t-Test,FDR correction BH,0.7372737937061693,False,0,1,0.8773167608701442,0.7221630178454034,Unpaired t-test
1082,sp|P36938|PGM_ECOLI,-1.4767174572018922,0.19021451968439806,28.211834329675956,28.509556009672206,0.2643175925411517,0.22820284449016606,-0.29772167999625054,t-Test,FDR correction BH,0.7376611860931535,False,0,1,0.813536127720623,0.7207563350424785,Unpaired t-test
352,sp|P0A8Y5|YIDA_ECOLI,-1.47213331039053,0.19140358512221226,26.913708289971225,27.4681064504423,0.5514973485167595,0.34831341545246125,-0.5543981604710737,t-Test,FDR correction BH,0.7392014263835448,False,0,1,0.6809410626777609,0.718049931845425,Unpaired t-test
1425,sp|Q47147|YAFJ_ECOLI,-1.464569911491114,0.19338052050089752,26.44755117809741,26.719342996572593,0.14185833601965983,0.28843316545035147,-0.2717918184751831,t-Test,FDR correction BH,0.7392014263835448,False,0,1,0.8282901753456179,0.7135872751601632,Unpaired t-test
1167,sp|P42599|YGJR_ECOLI,-1.464433382441339,0.1934163800747173,25.09723939816697,25.54833595842871,0.3686317391755426,0.38570338544324506,-0.45109656026173894,t-Test,FDR correction BH,0.7392014263835448,False,0,1,0.7314866499661047,0.7135067491008552,Unpaired t-test
139,sp|P09832|GLTD_ECOLI,1.4639101964133663,0.19355385278644877,25.85014485740851,25.426240126825206,0.4338899379949942,0.25157936930340297,0.4239047305833026,t-Test,FDR correction BH,0.7392014263835448,False,0,1,1.3415536314869896,0.7131981794096546,Unpaired t-test
774,sp|P0AG51|RL30_ECOLI,-1.4634297485174115,0.19368017534513907,29.063198535747198,29.541373652664127,0.42196923481948284,0.37714441661369547,-0.4781751169169297,t-Test,FDR correction BH,0.7392014263835448,False,0,1,0.7178851118379236,0.7129148303848291,Unpaired t-test
1134,sp|P39172|ZNUA_ECOLI,-1.4633123064422926,0.19371106561413648,24.822069837347307,25.433936517272898,0.3064891404885044,0.6561881655607609,-0.6118666799255905,t-Test,FDR correction BH,0.7392014263835448,False,0,1,0.6543495016548528,0.7128455697925384,Unpaired t-test
1302,sp|P69811|PTFAH_ECOLI,1.4601064136828525,0.19455606213989313,29.00870710567519,28.55670217168909,0.4045818596090331,0.3518721477223964,0.45200493398609964,t-Test,FDR correction BH,0.7404513960696464,False,0,1,1.3679399822198932,0.7109552325400798,Unpaired t-test
861,sp|P16384|MIAA_ECOLI,1.4545630202394881,0.19602522355886706,26.449899572878024,26.19285041751362,0.21708137941721384,0.21578845991761927,0.2570491553644061,t-Test,FDR correction BH,0.7417709156404946,False,0,1,1.195031921173938,0.707688042176089,Unpaired t-test
414,sp|P0A9P4|TRXB_ECOLI,-1.4531268031103408,0.196407533340617,29.096850686776584,29.241094599296762,0.1540211931566915,0.07640548276965782,-0.14424391252017799,t-Test,FDR correction BH,0.7417709156404946,False,0,1,0.9048534688392744,0.7068418585780122,Unpaired t-test
308,sp|P0A8D0|NRDR_ECOLI,1.452937988387789,0.1964578455819339,26.720977061500808,26.186267118003997,0.5324724721846875,0.3504122989444841,0.5347099434968108,t-Test,FDR correction BH,0.7417709156404946,False,0,1,1.4486508713404416,0.7067306228720027,Unpaired t-test
751,sp|P0AFQ7|YCFH_ECOLI,1.4436809126407368,0.198939169465308,26.14549263204171,25.650484302936423,0.20608170202515233,0.5569820603963059,0.4950083291052856,t-Test,FDR correction BH,0.7431736175954584,False,0,1,1.4093288915911668,0.7012796994906363,Unpaired t-test
960,sp|P25714|YIDC_ECOLI,-1.4428744918385008,0.19915669148728388,27.533083756996813,27.99032284145749,0.32314774360579657,0.44366883123378204,-0.45723908446067796,t-Test,FDR correction BH,0.7431736175954584,False,0,1,0.7283788394809978,0.7008050971020959,Unpaired t-test
1184,sp|P45955|CPOB_ECOLI,-1.4392896894904352,0.20012630433481862,27.190883828034465,27.664314768999205,0.35873575175547456,0.44260691021553394,-0.4734309409647395,t-Test,FDR correction BH,0.7431736175954584,False,0,1,0.7202496997263597,0.6986958245238953,Unpaired t-test
339,sp|P0A8R7|YCJF_ECOLI,-1.4346968707836318,0.20137492046114935,25.469212918115637,26.22919965830875,0.7299667809348852,0.5558384394004774,-0.7599867401931135,t-Test,FDR correction BH,0.7431736175954584,False,0,1,0.590501757990158,0.6959946181098615,Unpaired t-test
211,sp|P0A744|MSRA_ECOLI,-1.433330641184794,0.2017477291592771,27.227386460594314,27.841030363633493,0.7336058799734385,0.10813910464459858,-0.6136439030391792,t-Test,FDR correction BH,0.7431736175954584,False,0,1,0.6535439197200874,0.6951913449287943,Unpaired t-test
89,sp|P07004|PROA_ECOLI,1.4307692616556515,0.20244837520740092,28.5834050724987,28.380933172532657,0.2129983470779207,0.12128134615480303,0.2024718999660422,t-Test,FDR correction BH,0.7431736175954584,False,0,1,1.15066821092106,0.693685704404541,Unpaired t-test
87,sp|P07001|PNTA_ECOLI,-1.4262543733874806,0.20368883914394414,28.501052567218714,28.68766664668446,0.1705666697505399,0.14921781299770193,-0.1866140794657447,t-Test,FDR correction BH,0.7431736175954584,False,0,1,0.8786654795829837,0.6910327669300816,Unpaired t-test
282,sp|P0A817|METK_ECOLI,-1.4251368735569858,0.2039969482296382,29.069167540330533,29.908283160382183,0.9593436397331369,0.3459823376779864,-0.8391156200516505,t-Test,FDR correction BH,0.7431736175954584,False,0,1,0.558986125582239,0.6903763295198942,Unpaired t-test
822,sp|P0DTT0|BIPA_ECOLI,-1.4242096984610972,0.2042529071798516,28.096644465344223,28.756185930728144,0.5231986492093255,0.6079707263958549,-0.6595414653839207,t-Test,FDR correction BH,0.7431736175954584,False,0,1,0.6330794779142163,0.6898317533356587,Unpaired t-test
801,sp|P0AGL2|TDCF_ECOLI,1.4215638873124814,0.2049849404769877,30.587341407465182,30.2794090989177,0.2618460730948178,0.26870622358440693,0.3079323085474819,t-Test,FDR correction BH,0.7431736175954584,False,0,1,1.2379322055230444,0.6882780438612394,Unpaired t-test
1300,sp|P69801|PTNC_ECOLI,-1.421067516562007,0.20512254246382425,27.805814911846316,28.43390910896418,0.6144408509803947,0.4566415570059815,-0.6280941971178642,t-Test,FDR correction BH,0.7431736175954584,False,0,1,0.6470305796396647,0.6879866091115193,Unpaired t-test
570,sp|P0ACM2|RSPR_ECOLI,1.419224143805281,0.20563429722926818,28.338635994476757,26.994642788198135,0.9813990365489734,1.3142429974316203,1.343993206278622,t-Test,FDR correction BH,0.7431736175954584,False,0,1,2.5385298179506233,0.6869044487468559,Unpaired t-test
216,sp|P0A780|NUSB_ECOLI,-1.4175617076404414,0.20609682456570183,28.68248427711947,29.14108708491922,0.4342608087026174,0.35412408877106133,-0.4586028077997497,t-Test,FDR correction BH,0.7431736175954584,False,0,1,0.7276906566873014,0.6859286995561453,Unpaired t-test
464,sp|P0AAQ2|YAJD_ECOLI,-1.4173454175928495,0.2061570714226767,27.134924451292992,27.43628422370854,0.18584936615803366,0.3179390151682305,-0.3013597724155481,t-Test,FDR correction BH,0.7431736175954584,False,0,1,0.8114871909334667,0.6858017638110762,Unpaired t-test
394,sp|P0A9G6|ACEA_ECOLI,-1.416652937116383,0.20635006810913362,24.731814009715862,24.990208312035186,0.2935925344120921,0.11666291939899703,-0.25839430231932425,t-Test,FDR correction BH,0.7431736175954584,False,0,1,0.8360178770245653,0.6853953834407158,Unpaired t-test
344,sp|P0A8U2|YAFD_ECOLI,-1.4082315625493582,0.20871041633151063,25.6279883149815,26.03041966798042,0.3946803944171903,0.29870069654629855,-0.40243135299892074,t-Test,FDR correction BH,0.7431736175954584,False,0,1,0.7565821513227942,0.6804558755995725,Unpaired t-test
874,sp|P18133|PNCB_ECOLI,-1.407645061205116,0.20887571818762382,25.276047373619264,25.634093656667886,0.3705303166642647,0.23833128967118122,-0.3580462830486226,t-Test,FDR correction BH,0.7431736175954584,False,0,1,0.780220449547533,0.6801120438399728,Unpaired t-test
317,sp|P0A8G6|NQOR_ECOLI,-1.4060610577395998,0.20932275851559812,30.17361615426491,30.861187868408848,0.4972066618066679,0.6856857373513389,-0.6875717141439388,t-Test,FDR correction BH,0.7431736175954584,False,0,1,0.6208980413862399,0.6791835506368983,Unpaired t-test
1127,sp|P38134|ETK_ECOLI,-1.4053485626150473,0.2095241252724323,27.30986878329003,27.647751330184786,0.4046958432335192,0.09816047028410538,-0.33788254689475394,t-Test,FDR correction BH,0.7431736175954584,False,0,1,0.791201712105739,0.6787659637742306,Unpaired t-test
1355,sp|P76316|DCYD_ECOLI,-1.4041697454242352,0.2098576737319632,26.55650158855885,27.013006781360083,0.5260571317218201,0.20086630385675786,-0.45650519280123447,t-Test,FDR correction BH,0.7431736175954584,False,0,1,0.7287494563645704,0.6780751455922821,Unpaired t-test
470,sp|P0AAT9|YBEL_ECOLI,-1.4005320604596438,0.21089002406587185,27.95832004332261,28.59485837447783,0.6952786749242564,0.36917681149427534,-0.6365383311552222,t-Test,FDR correction BH,0.7431736175954584,False,0,1,0.643254553107958,0.6759439636252084,Unpaired t-test
818,sp|P0CE47|EFTU1_ECOLI;sp|P0CE48|EFTU2_ECOLI,1.397418163532111,0.2117774080701201,32.57612904456719,32.047222097856974,0.4912923022619848,0.43404251071229816,0.5289069467102152,t-Test,FDR correction BH,0.7431736175954584,False,0,1,1.4428356215031384,0.6741203713003028,Unpaired t-test
531,sp|P0AC28|5FCL_ECOLI,-1.3969236615505978,0.2119186420568752,24.345329342336637,24.689313489171965,0.35875383244220377,0.23066012108698045,-0.34398414683532863,t-Test,FDR correction BH,0.7431736175954584,False,0,1,0.7878625434895274,0.6738308375963262,Unpaired t-test
752,sp|P0AFR2|DAUA_ECOLI,1.3964104996545057,0.2120652963136459,27.41773973918687,26.811452222842227,0.5539447902533925,0.5085968970950587,0.6062875163446435,t-Test,FDR correction BH,0.7431736175954584,False,0,1,1.5223367388397833,0.6735303963237252,Unpaired t-test
1096,sp|P37344|PSPF_ECOLI,1.3935089977639825,0.21289624609945043,25.97416527253572,25.059104483263624,1.0340985180167785,0.47354511652617204,0.915060789272097,t-Test,FDR correction BH,0.7431736175954584,False,0,1,1.8856485236838965,0.6718319962068975,Unpaired t-test
897,sp|P21889|SYD_ECOLI,-1.3931884253501687,0.21298823543312878,29.32284564659217,29.637984865691465,0.3336330697547503,0.20539788733392145,-0.31513921909929365,t-Test,FDR correction BH,0.7431736175954584,False,0,1,0.8037734234068733,0.6716443844841694,Unpaired t-test
115,sp|P08390|USG_ECOLI,-1.3917511328669723,0.21340111677238227,27.38301334213376,27.630185814265545,0.280568750874492,0.12611312244678277,-0.2471724721317834,t-Test,FDR correction BH,0.7431736175954584,False,0,1,0.8425460982993489,0.6708033121523451,Unpaired t-test
426,sp|P0A9U3|YBIT_ECOLI,-1.390649743494015,0.2137179988245506,27.75703346856878,27.929806439145025,0.15321051760414323,0.15110441602492733,-0.17277297057624708,t-Test,FDR correction BH,0.7431736175954584,False,0,1,0.8871358981359502,0.6701589010412744,Unpaired t-test
471,sp|P0AAX8|YBIS_ECOLI,-1.38923472097728,0.21412574561754857,28.26841365312635,28.479419196014767,0.2073201037614995,0.16194629272302888,-0.21100554288841877,t-Test,FDR correction BH,0.7431736175954584,False,0,1,0.8639348681237575,0.6693311117461147,Unpaired t-test
938,sp|P24186|FOLD_ECOLI,-1.388875621836348,0.21422933470617872,26.988175075783793,27.53422781020094,0.591136393674146,0.33806240341624466,-0.5460527344171453,t-Test,FDR correction BH,0.7431736175954584,False,0,1,0.6848914548847482,0.6691210609143587,Unpaired t-test
442,sp|P0AA47|PLAP_ECOLI,1.3883702383980703,0.2143751996148071,25.761983990955144,25.54529989550293,0.24943023783353976,0.10420589418890837,0.21668409545221579,t-Test,FDR correction BH,0.7431736175954584,False,0,1,1.1620596253825208,0.6688254582209963,Unpaired t-test
156,sp|P0A6F9|CH10_ECOLI,-1.3880657511844336,0.21446312503889384,31.769814348728907,31.974090203246625,0.13405533914306988,0.21680063311318806,-0.2042758545177179,t-Test,FDR correction BH,0.7431736175954584,False,0,1,0.8679742483031243,0.6686473700006126,Unpaired t-test
781,sp|P0AG86|SECB_ECOLI,-1.3865471103776976,0.2149021464861286,30.44710614188637,31.52084430306747,1.3396292771598481,0.06683068143826355,-1.073738161181101,t-Test,FDR correction BH,0.7431736175954584,False,0,1,0.4750864083943945,0.6677592466657201,Unpaired t-test
311,sp|P0A8E7|YAJQ_ECOLI,-1.3856719478985913,0.21515551706526378,29.86404995186858,30.40541412424958,0.6419900070846766,0.21391140861551583,-0.5413641723810017,t-Test,FDR correction BH,0.7431736175954584,False,0,1,0.6871208793644449,0.6672475131636691,Unpaired t-test
291,sp|P0A850|TIG_ECOLI,-1.3853218221637567,0.21525695896734298,31.255691463090077,31.563591392381625,0.34218752323662166,0.17636492372842028,-0.30789992929154764,t-Test,FDR correction BH,0.7431736175954584,False,0,1,0.8078168088528682,0.6670427994921297,Unpaired t-test
407,sp|P0A9M0|LON_ECOLI,-1.3843955329365083,0.21552554248924893,28.256213058142443,28.55129462627042,0.33862306788549146,0.14707489242280072,-0.29508156812797637,t-Test,FDR correction BH,0.7431736175954584,False,0,1,0.8150262505606471,0.6665012530912723,Unpaired t-test
831,sp|P11557|DAMX_ECOLI,-1.3811576670879273,0.21646677827801564,27.646437820008483,28.663615701115717,0.9529917531899857,0.8479152811883219,-1.0171778811072336,t-Test,FDR correction BH,0.7446249031630778,False,0,1,0.49408190278892833,0.6646087465052242,Unpaired t-test
400,sp|P0A9J6|RBSK_ECOLI,-1.3756286734743242,0.2180826730337756,25.17791637497693,25.901974192520562,0.6269802035139967,0.6618299180691789,-0.7240578175436312,t-Test,FDR correction BH,0.7454584830501155,False,0,1,0.6053922797473336,0.6613788383403619,Unpaired t-test
460,sp|P0AAK1|HYCB_ECOLI,1.3753525553305388,0.2181636572021153,26.604001233287278,26.24171958027475,0.24128510456400176,0.3872157337437846,0.362281653012527,t-Test,FDR correction BH,0.7454584830501155,False,0,1,1.2854572689296315,0.6612175946787066,Unpaired t-test
1404,sp|P77748|D2HDH_ECOLI,-1.374983606283129,0.21827191083018757,25.812087623953495,26.063758127388542,0.2518989519785658,0.19249066061677836,-0.25167050343504727,t-Test,FDR correction BH,0.7454584830501155,False,0,1,0.8399233007991456,0.6610021495696201,Unpaired t-test
237,sp|P0A7E9|PYRH_ECOLI,1.3723834941170703,0.21903619442378686,28.272254767534186,27.805675775927917,0.5780869016425284,0.11211095432666199,0.46657899160626926,t-Test,FDR correction BH,0.7462876052867595,False,0,1,1.381828901295689,0.6594841146588949,Unpaired t-test
988,sp|P27830|RMLB2_ECOLI,-1.3688381671751968,0.22008222618526,25.970611082802336,26.411749573199454,0.4593055168017908,0.31720113318544096,-0.44113849039711894,t-Test,FDR correction BH,0.7472432094016964,False,0,1,0.7365531346647404,0.657415029601814,Unpaired t-test
1224,sp|P60723|RL4_ECOLI,1.3644169521145946,0.22139302299424282,32.269792603286376,30.974547673975323,0.8347580988834454,1.416582767305007,1.2952449293110533,t-Test,FDR correction BH,0.7472432094016964,False,0,1,2.4541865714549274,0.6548360696490084,Unpaired t-test
1385,sp|P77374|YNFE_ECOLI,-1.3631422113140512,0.22177226670108205,26.40719676377593,26.70194056738287,0.19751653695311913,0.3181908652275532,-0.2947438036069414,t-Test,FDR correction BH,0.7472432094016964,False,0,1,0.8152170872732069,0.6540927646419954,Unpaired t-test
132,sp|P09372|GRPE_ECOLI,-1.3613718807327704,0.22229992621510422,30.23791397633542,30.65203435484821,0.3939233491550462,0.34989329660231283,-0.4141203785127914,t-Test,FDR correction BH,0.7472432094016964,False,0,1,0.7504769263298117,0.65306068145026,Unpaired t-test
295,sp|P0A867|TALA_ECOLI,-1.3609295521113844,0.2224319424958504,28.055964461238858,28.378741317960237,0.36829277674896355,0.1819744190615237,-0.32277685672137935,t-Test,FDR correction BH,0.7472432094016964,False,0,1,0.799529484921778,0.652802845446289,Unpaired t-test
283,sp|P0A821|SELA_ECOLI,-1.360869870141574,0.2224497604508195,25.601862948789528,25.847721147773527,0.2666855504633981,0.16369383185877495,-0.2458581989839992,t-Test,FDR correction BH,0.7472432094016964,False,0,1,0.8433139946444005,0.6527680575938115,Unpaired t-test
1150,sp|P39396|BTST_ECOLI,-1.3561950985614033,0.2238494193444064,28.021982353858117,28.512077088552793,0.6253117814466709,0.02757567246928113,-0.4900947346946758,t-Test,FDR correction BH,0.7481495460760197,False,0,1,0.7119783441439458,0.6500440278199476,Unpaired t-test
435,sp|P0A9Z1|GLNB_ECOLI,-1.355625073428237,0.22402063173232284,27.16689262336793,27.68484837062151,0.4992573713552515,0.4343903223900687,-0.5179557472535805,t-Test,FDR correction BH,0.7481495460760197,False,0,1,0.6983606871879221,0.6497119824029836,Unpaired t-test
38,sp|P03018|UVRD_ECOLI,-1.3520823410360645,0.22508737694993894,25.790807890214023,26.185777690801025,0.49106349899681057,0.12189456194577993,-0.3949698005870026,t-Test,FDR correction BH,0.7481495460760197,False,0,1,0.7605052958359233,0.6476488598404571,Unpaired t-test
510,sp|P0ABM9|CCMH_ECOLI,1.351500989843552,0.22526286347066007,25.582637838063636,25.360548421649604,0.07747392096104247,0.27387741495394163,0.22208941641403257,t-Test,FDR correction BH,0.7481495460760197,False,0,1,1.1664216608875366,0.6473103995728049,Unpaired t-test
924,sp|P23869|PPIB_ECOLI,1.351266601242264,0.22533365084469914,29.855435636609556,29.444890150110833,0.5127403206275759,0.11841490079888668,0.410545486498723,t-Test,FDR correction BH,0.7481495460760197,False,0,1,1.3291882884170931,0.6471739468253477,Unpaired t-test
1346,sp|P76223|YNJB_ECOLI,-1.344775193758833,0.22730209487496345,24.60405971767036,25.069076939263603,0.2778893855689808,0.5305667629462096,-0.4650172215932429,t-Test,FDR correction BH,0.7521874179934621,False,0,1,0.7244624292462278,0.6433965616861843,Unpaired t-test
999,sp|P28904|TREC_ECOLI,-1.3436838230594292,0.22763455675987704,25.920889392853418,26.32780380735721,0.394776005685969,0.3453677954977886,-0.40691441450379173,t-Test,FDR correction BH,0.7521874179934621,False,0,1,0.7542347807465478,0.6427618078704807,Unpaired t-test
300,sp|P0A887|UBIE_ECOLI,1.3420708248984603,0.2281267221587439,28.65758976060181,28.182310860193642,0.48772455947079246,0.37197702749310446,0.475278900408167,t-Test,FDR correction BH,0.7521874179934621,False,0,1,1.3901869434604275,0.6418238396406934,Unpaired t-test
1054,sp|P33355|YEHS_ECOLI,-1.336823963179909,0.2297342942042299,25.516595641358087,25.791800068444054,0.2930213816882771,0.20317207035641743,-0.27520442708596704,t-Test,FDR correction BH,0.7557466092097769,False,0,1,0.8263332200453575,0.6387741694895704,Unpaired t-test
777,sp|P0AG63|RS17_ECOLI,-1.334421259525927,0.23047384388588368,32.68006047510359,32.88626164561916,0.10251728253037885,0.24723256836031915,-0.20620117051556974,t-Test,FDR correction BH,0.756440528900687,False,0,1,0.8668166854962231,0.6373783548755815,Unpaired t-test
785,sp|P0AG99|SECG_ECOLI,1.32854548592035,0.232291409351468,28.78877971685511,28.224404943571933,0.16841272542934047,0.7162533564522682,0.564374773283177,t-Test,FDR correction BH,0.7577983617288989,False,0,1,1.4787465198693834,0.633966851070365,Unpaired t-test
676,sp|P0AEI1|MIAB_ECOLI,1.326651443257345,0.23288003032501856,28.653122042783536,28.463255846918255,0.17089409509410583,0.17956202169818553,0.18986619586528164,t-Test,FDR correction BH,0.7577983617288989,False,0,1,1.1406579195500803,0.6328677510165689,Unpaired t-test
251,sp|P0A7L3|RL20_ECOLI,-1.3263878325165088,0.23296205977682183,29.8255023887434,31.515352860033182,2.0568931583388452,0.7991277127494448,-1.689850471289784,t-Test,FDR correction BH,0.7577983617288989,False,0,1,0.3099590491507982,0.6327148024556858,Unpaired t-test
145,sp|P0A6A8|ACP_ECOLI,-1.3247490584702164,0.2334725883670133,31.616407813283523,32.406715234142595,0.7329509426624685,0.7283373371323227,-0.7903074208590724,t-Test,FDR correction BH,0.7577983617288989,False,0,1,0.5782208669529669,0.6317641019063298,Unpaired t-test
219,sp|P0A790|PAND_ECOLI,-1.3245337215215776,0.23353974687072318,28.682924701122896,29.513734519343327,0.5672505964388206,0.926576062975545,-0.8308098182204304,t-Test,FDR correction BH,0.7577983617288989,False,0,1,0.562213570226186,0.6316391948511006,Unpaired t-test
18,sp|P00936|CYAA_ECOLI,1.3211898086366418,0.2345848554571479,25.425854348809832,25.125084789385724,0.31885070853124453,0.23196662761960182,0.30076955942410777,t-Test,FDR correction BH,0.7577983617288989,False,0,1,1.231801303050799,0.6297000288943821,Unpaired t-test
649,sp|P0AE39|YPDB_ECOLI,-1.3183282806976206,0.23548251864400757,25.463404175741758,25.67621703689171,0.06915091938304413,0.27091235618112836,-0.21281286114995268,t-Test,FDR correction BH,0.7577983617288989,False,0,1,0.862853262093049,0.6280413277632799,Unpaired t-test
965,sp|P25889|PREA_ECOLI,1.317484807357348,0.2357477020486362,26.86206507090761,26.55882431648619,0.2751132886036453,0.2885176141697648,0.3032407544214202,t-Test,FDR correction BH,0.7577983617288989,False,0,1,1.2339130658803612,0.62755253185664,Unpaired t-test
1185,sp|P46118|HEXR_ECOLI,-1.316140573726764,0.2361708732217392,25.047424884895356,25.264959158420222,0.2325440704030894,0.166965921829445,-0.21753427352486554,t-Test,FDR correction BH,0.7577983617288989,False,0,1,0.8600340750495192,0.6267736646356075,Unpaired t-test
834,sp|P12281|MOEA_ECOLI,1.3148841264518376,0.23656702213526817,27.205815591545587,26.471584251962298,0.8331064125756567,0.49128962521220193,0.7342313395832889,t-Test,FDR correction BH,0.7577983617288989,False,0,1,1.6635109232996776,0.6260457969139002,Unpaired t-test
1040,sp|P32162|YIIS_ECOLI,-1.3142648160609056,0.2367625045262455,29.589794847030305,30.013443767606947,0.5403673187606931,0.14044691976998944,-0.4236489205766425,t-Test,FDR correction BH,0.7577983617288989,False,0,1,0.7455365974428649,0.625687074612605,Unpaired t-test
66,sp|P06149|DLD_ECOLI,-1.3127468464682255,0.23724225440569302,26.695661646930994,26.98202561290907,0.3309773919286241,0.18223750890240312,-0.2863639659780759,t-Test,FDR correction BH,0.7577983617288989,False,0,1,0.8199660224395475,0.6248079577153317,Unpaired t-test
1110,sp|P37649|PDEK_ECOLI,-1.309688865373129,0.2382113548177911,24.57860236867889,25.510208124689363,0.552630474739098,1.1011453364473112,-0.9316057560104731,t-Test,FDR correction BH,0.7586807226831779,False,0,1,0.524274486207018,0.6230375408499798,Unpaired t-test
744,sp|P0AFK0|PMBA_ECOLI,-1.305213196173572,0.2396360952296633,27.547060557476982,27.842499690421775,0.3726672321786597,0.12176368409734245,-0.29543913294479296,t-Test,FDR correction BH,0.7586807226831779,False,0,1,0.8148242753734997,0.6204477656716684,Unpaired t-test
978,sp|P27249|GLND_ECOLI,-1.3044607159978538,0.2398763762618448,25.034757208730532,25.229577394713836,0.14330197936237532,0.21536041461440059,-0.19482018598330342,t-Test,FDR correction BH,0.7586807226831779,False,0,1,0.8736817827128103,0.6200125205369922,Unpaired t-test
429,sp|P0A9W3|ETTA_ECOLI,1.3001252070088074,0.2412649669163279,28.366699938986216,28.05063755564561,0.25193858726808116,0.3373751041669654,0.3160623833406042,t-Test,FDR correction BH,0.7586807226831779,False,0,1,1.244928065949468,0.6175057356108962,Unpaired t-test
687,sp|P0AEQ6|GLNP_ECOLI,1.297710313209277,0.24204151262468848,26.115081222235336,25.314064207056553,0.20841277760287075,1.0486047857512093,0.8010170151787825,t-Test,FDR correction BH,0.7586807226831779,False,0,1,1.742328933231195,0.6161101416324263,Unpaired t-test
161,sp|P0A6H8|CLSA_ECOLI,-1.297622568634726,0.24206976999714291,24.96038657021658,25.455179201925517,0.47895087190077335,0.45474306812253745,-0.49479263170893617,t-Test,FDR correction BH,0.7586807226831779,False,0,1,0.7096636755173051,0.6160594424589737,Unpaired t-test
331,sp|P0A8N0|MATP_ECOLI,-1.2966639485284737,0.24237867619831133,25.803558620429847,26.052648803950625,0.31048560330651365,0.11961121900667139,-0.24909018352077794,t-Test,FDR correction BH,0.7586807226831779,False,0,1,0.8414268826656479,0.61550559084554,Unpaired t-test
1062,sp|P33599|NUOCD_ECOLI,-1.2954940727632493,0.24275613189716017,28.449229049247826,28.728417489504757,0.34104016005918825,0.15172939312008982,-0.2791884402569309,t-Test,FDR correction BH,0.7586807226831779,False,0,1,0.8240544425421021,0.6148297912223619,Unpaired t-test
443,sp|P0AA53|QMCA_ECOLI,1.293908645018812,0.2432684967286027,26.7699407390525,26.305297501832218,0.10597727088177421,0.6128852408318561,0.4646432372202831,t-Test,FDR correction BH,0.7586807226831779,False,0,1,1.3799760581410812,0.6139141285652004,Unpaired t-test
693,sp|P0AET5|HDED_ECOLI,1.293324134083613,0.2434576359718795,30.570343434045064,30.288914422755813,0.3608635191915855,0.10875889010898357,0.28142901128925146,t-Test,FDR correction BH,0.7586807226831779,False,0,1,1.2153981586507052,0.6135765993951706,Unpaired t-test
421,sp|P0A9R7|FTSE_ECOLI,-1.2908583819455384,0.24425695452308366,26.130416720660634,26.712113770203544,0.3100510366841762,0.7162858271836913,-0.5816970495429103,t-Test,FDR correction BH,0.7586807226831779,False,0,1,0.668177334525084,0.6121530621311885,Unpaired t-test
1265,sp|P64585|YQJE_ECOLI,-1.2900851944525995,0.244508076283354,27.015010674178107,27.292267709109183,0.08531412838271095,0.36233306127497317,-0.27725703493107545,t-Test,FDR correction BH,0.7586807226831779,False,0,1,0.8251583826916524,0.6117067912341569,Unpaired t-test
1363,sp|P76506|MLAA_ECOLI,-1.2870492634292043,0.24549632420483206,27.763878949891783,27.9589176012893,0.22238289603421138,0.13942166776047915,-0.19503865139751753,t-Test,FDR correction BH,0.7586807226831779,False,0,1,0.873549492245087,0.6099550061459381,Unpaired t-test
525,sp|P0ABZ4|KDSC_ECOLI,1.2813941874079884,0.2473465846140282,26.077455601425264,25.69413170213662,0.37632924805835044,0.35614775045430613,0.3833238992886443,t-Test,FDR correction BH,0.7586807226831779,False,0,1,1.304343540398557,0.606694082039326,Unpaired t-test
258,sp|P0A7R1|RL9_ECOLI,-1.2808844466740976,0.2475139691834787,33.08269590664274,33.272092799472105,0.2105201834881879,0.14585155090082724,-0.18939689282936456,t-Test,FDR correction BH,0.7586807226831779,False,0,1,0.8769722559636873,0.6064002853441455,Unpaired t-test
1204,sp|P52697|6PGL_ECOLI,-1.2807036401482241,0.247573365039846,29.00568548067379,29.43020094798472,0.5572846073725899,0.1380287291757448,-0.42451546731092904,t-Test,FDR correction BH,0.7586807226831779,False,0,1,0.7450889294995462,0.6062960803241061,Unpaired t-test
898,sp|P21893|RECJ_ECOLI,-1.279708719956336,0.24790042686227762,25.45010448545981,25.68905301193173,0.25969576298876057,0.19274941368448753,-0.2389485264719191,t-Test,FDR correction BH,0.7586807226831779,False,0,1,0.8473626672313376,0.6057227254154295,Unpaired t-test
1181,sp|P45578|LUXS_ECOLI,-1.2790507574649015,0.24811692976107952,30.867958451036557,31.046411026201344,0.2062876261170872,0.12586708324658005,-0.17845257516478696,t-Test,FDR correction BH,0.7586807226831779,False,0,1,0.883650285425356,0.6053436015038108,Unpaired t-test
1298,sp|P69786|PTGCB_ECOLI,-1.2750278510341297,0.24944430618827518,29.496494274460574,29.9275017805043,0.4178841707632977,0.41009915583802314,-0.43100750604372706,t-Test,FDR correction BH,0.7586807226831779,False,0,1,0.7417436077720369,0.6030264048105274,Unpaired t-test
449,sp|P0AAC8|ISCA_ECOLI,-1.2740467303264214,0.24976898099702421,28.4622899163682,29.00107159230013,0.710434474244097,0.17829980913309532,-0.5387816759319293,t-Test,FDR correction BH,0.7586807226831779,False,0,1,0.6883519617064084,0.6024614979807086,Unpaired t-test
232,sp|P0A7D4|PURA_ECOLI,1.2736918823516563,0.2498864999414077,30.505372453596063,30.1291079216137,0.3407325820608127,0.3817158407130244,0.37626453198236476,t-Test,FDR correction BH,0.7586807226831779,False,0,1,1.2979767416142698,0.6022572058956499,Unpaired t-test
1160,sp|P40191|PDXK_ECOLI,1.2698224206816926,0.25117116191103084,27.04222456385161,26.526998081180505,0.35377058407946066,0.6072379769099626,0.5152264826711068,t-Test,FDR correction BH,0.7586807226831779,False,0,1,1.4292184891743107,0.6000302253721884,Unpaired t-test
607,sp|P0ADE4|TAMA_ECOLI,1.2692917059857354,0.25134781259197087,25.3924613013635,25.23097179230163,0.1935577929708931,0.1053390296050231,0.16148950906186954,t-Test,FDR correction BH,0.7586807226831779,False,0,1,1.1184412757597024,0.5997248899599577,Unpaired t-test
1276,sp|P67095|YFCE_ECOLI,1.268580914280253,0.2515845741905504,28.284017376670086,27.446604013406883,0.9013081457429575,0.7034996678832184,0.8374133632632024,t-Test,FDR correction BH,0.7586807226831779,False,0,1,1.7868436006198467,0.5993159910061903,Unpaired t-test
309,sp|P0A8D3|YAII_ECOLI,-1.268399374167743,0.2516450759000687,25.750498119838774,26.118013954638005,0.46958267124568454,0.17706877105342328,-0.36751583479923156,t-Test,FDR correction BH,0.7586807226831779,False,0,1,0.7751160145006847,0.5992115633012195,Unpaired t-test
650,sp|P0AE45|PAEA_ECOLI,1.2679708782506658,0.25178793118414206,25.946348495613705,25.19899181421895,0.7337194155219312,0.7098406490412474,0.7473566813947556,t-Test,FDR correction BH,0.7586807226831779,False,0,1,1.6787142559757307,0.5989650905337373,Unpaired t-test
1023,sp|P31120|GLMM_ECOLI,-1.2678350672558205,0.2518332238116768,28.61950490255728,28.767127979962467,0.18859702067606762,0.07144214438426175,-0.14762307740518565,t-Test,FDR correction BH,0.7586807226831779,False,0,1,0.902736548164321,0.5988869749181911,Unpaired t-test
1182,sp|P45748|TSAC_ECOLI,1.264372291775184,0.2529904769452854,26.099314033224164,25.58208691767508,0.30308012842034665,0.6404508622929737,0.5172271155490833,t-Test,FDR correction BH,0.7598127594514512,False,0,1,1.431201808522178,0.5968958262073931,Unpaired t-test
528,sp|P0AC13|DHPS_ECOLI,1.2635352393046202,0.2532709198171504,27.663740800518177,27.417363543958913,0.17713631509125796,0.28755261759686,0.24637725655926346,t-Test,FDR correction BH,0.7598127594514512,False,0,1,1.1862246498665494,0.5964146723806274,Unpaired t-test
239,sp|P0A7F9|QUEA_ECOLI,1.2583428657143059,0.2550166683599386,27.377953575496235,27.032046068140772,0.3526740279864744,0.3198698359377366,0.34590750735546294,t-Test,FDR correction BH,0.7618648935656266,False,0,1,1.2709502047850278,0.5934314323497228,Unpaired t-test
881,sp|P19930|HYAD_ECOLI,1.2583336825507945,0.2550197652116947,28.608334319101626,27.577785949884802,0.765222882097168,1.1944085681149954,1.0305483692168238,t-Test,FDR correction BH,0.7618648935656266,False,0,1,2.04280057354057,0.5934261584298989,Unpaired t-test
839,sp|P13029|KATG_ECOLI,-1.2445602851954654,0.25970188631818103,29.374561265811703,29.701220089501216,0.39154261161967296,0.23100807125181264,-0.32665882368951316,t-Test,FDR correction BH,0.7739500326628712,False,0,1,0.7973810232137734,0.5855248959055376,Unpaired t-test
147,sp|P0A6B7|ISCS_ECOLI,1.2415363340870427,0.2607398651495352,28.490146214668034,28.215389198130683,0.3783202428297239,0.06164607788115342,0.2747570165373503,t-Test,FDR correction BH,0.7739500326628712,False,0,1,1.2097903151799452,0.5837925634198327,Unpaired t-test
522,sp|P0ABU2|YCHF_ECOLI,-1.2409980902291153,0.2609249983720941,29.657898447331767,29.879801622504687,0.20501630998283077,0.23213708461207716,-0.22190317517291902,t-Test,FDR correction BH,0.7739500326628712,False,0,1,0.8574335803769155,0.5834843105702657,Unpaired t-test
172,sp|P0A6N4|EFP_ECOLI,-1.2401166703290039,0.26122841773317035,28.58222591420426,29.73204173205982,1.589085042530927,0.23198473636299471,-1.1498158178555613,t-Test,FDR correction BH,0.7739500326628712,False,0,1,0.4506827641985357,0.582979580102225,Unpaired t-test
14,sp|P00805|ASPG2_ECOLI,-1.2381674766384547,0.2619005012501302,29.302464274803413,29.618856171700553,0.3565490166448509,0.26222739880385293,-0.31639189689714087,t-Test,FDR correction BH,0.7743380522498684,False,0,1,0.8030758178196007,0.5818636703798183,Unpaired t-test
1324,sp|P75874|YCCU_ECOLI,-1.2361446491503818,0.2625995693024537,27.60505196144545,27.97759260337751,0.4188784644497921,0.31147699355980835,-0.3725406419320585,t-Test,FDR correction BH,0.7748040900449716,False,0,1,0.7724210349232135,0.5807059905455536,Unpaired t-test
608,sp|P0ADE6|KBP_ECOLI,-1.2326799283002745,0.26380072250645387,29.221411391267203,29.518196419136025,0.26841088365550114,0.319151374079205,-0.29678502786882177,t-Test,FDR correction BH,0.7754912249710603,False,0,1,0.8140644776049805,0.5787240193274232,Unpaired t-test
833,sp|P12008|AROC_ECOLI,-1.2323472687447972,0.2639163008811365,26.665991627043923,26.89747356490566,0.15557998617095556,0.28573497740048487,-0.2314819378617372,t-Test,FDR correction BH,0.7754912249710603,False,0,1,0.8517595139827914,0.5785337846033949,Unpaired t-test
303,sp|P0A8A0|YEBC_ECOLI,-1.2290121546033903,0.26507748447479584,29.081461085968364,29.584775900821803,0.6836325284026733,0.189171786796917,-0.5033148148534394,t-Test,FDR correction BH,0.777307131728346,False,0,1,0.7054839591156695,0.5766271594175139,Unpaired t-test
767,sp|P0AG20|RELA_ECOLI,-1.225027724697205,0.2664705673214091,26.119447280285033,26.60454318614557,0.5267368186030852,0.4392801945730094,-0.4850959058605362,t-Test,FDR correction BH,0.7790224786189421,False,0,1,0.7144495739155463,0.5743507534509494,Unpaired t-test
50,sp|P04968|ILVA_ECOLI,-1.2242271709140162,0.26675123307007803,25.370145475281134,25.90365063017522,0.25089746249507444,0.7118901028826303,-0.5335051548940868,t-Test,FDR correction BH,0.7790224786189421,False,0,1,0.6908741536093327,0.5738935643522537,Unpaired t-test
527,sp|P0AC02|BAMD_ECOLI,-1.221620659150529,0.2676668292540476,28.857412496318116,29.09762885106736,0.3186819329834886,0.12016933822588398,-0.24021635474924352,t-Test,FDR correction BH,0.7790801475076113,False,0,1,0.8466183391432641,0.5724054456398074,Unpaired t-test
637,sp|P0ADY3|RL14_ECOLI,1.221072183217754,0.2678598410717993,32.822649922597314,32.63988220815751,0.2134828307426689,0.14709060177829292,0.18276771443980522,t-Test,FDR correction BH,0.7790801475076113,False,0,1,1.1350593337075683,0.5720923931788713,Unpaired t-test
131,sp|P09323|PTW3C_ECOLI,-1.2184590941333278,0.2687810619611239,26.556792458290058,26.996734802022434,0.5582244252460106,0.28193659986869946,-0.4399423437323762,t-Test,FDR correction BH,0.7801738329946618,False,0,1,0.7371640682876281,0.570601334485499,Unpaired t-test
210,sp|P0A742|MSCL_ECOLI,-1.2159056310067717,0.26968391618524623,27.503374542104392,27.831789846829615,0.3501665598669416,0.3102327123447897,-0.3284153047252225,t-Test,FDR correction BH,0.7812098867633348,False,0,1,0.7964108026571542,0.5691449538818721,Unpaired t-test
111,sp|P08244|PYRF_ECOLI,1.211951196421551,0.27108731348186293,27.663008960127236,26.974492804053025,0.25024595462477567,0.9516346902126755,0.6885161560742112,t-Test,FDR correction BH,0.7836887789748401,False,0,1,1.6116250734964614,0.5668908063359378,Unpaired t-test
823,sp|P10100|RLPA_ECOLI,-1.2102637722987595,0.27168808909695075,28.0647189166215,28.236344635969164,0.19022577346720082,0.1553805896807572,-0.1716257193476629,t-Test,FDR correction BH,0.7838420473744688,False,0,1,0.8878416415529904,0.5659294007902678,Unpaired t-test
1336,sp|P76027|OPPD_ECOLI,-1.2063515499335213,0.2730853945304683,26.695495741410056,27.19599659583715,0.6133708458335495,0.37439619773712735,-0.500500854427095,t-Test,FDR correction BH,0.7848351316587379,False,0,1,0.7068613404779007,0.5637015266799079,Unpaired t-test
229,sp|P0A7C2|LEXA_ECOLI,-1.2062291616875886,0.27312920724392137,26.967962357219562,27.48298032133483,0.5100633591971292,0.5354749334341942,-0.5150179641152661,t-Test,FDR correction BH,0.7848351316587379,False,0,1,0.6997842191871089,0.5636318558228167,Unpaired t-test
951,sp|P25519|HFLX_ECOLI,-1.2038902435965646,0.27396766405319206,26.784943165226196,27.007858255776323,0.29144252856191927,0.13385248728070281,-0.22291509055012781,t-Test,FDR correction BH,0.7849602108966685,False,0,1,0.8568323819366327,0.5623006932087661,Unpaired t-test
1395,sp|P77536|YKGF_ECOLI,-1.2013302651566773,0.27488791313987826,27.06448096773984,28.455201695164476,0.6570942397810405,1.8943843434224814,-1.390720727424636,t-Test,FDR correction BH,0.7849602108966685,False,0,1,0.38137423144801674,0.5608443557260404,Unpaired t-test
57,sp|P05194|AROD_ECOLI,1.2008284792791883,0.27506860508334985,26.556903287980624,25.98414419387588,0.6446675788146861,0.5166282019509101,0.5727590941047431,t-Test,FDR correction BH,0.7849602108966685,False,0,1,1.4873653766042074,0.5605589749215676,Unpaired t-test
433,sp|P0A9X9|CSPA_ECOLI,1.2000007444220515,0.2753668943886286,28.37378383605911,27.429763026482313,0.8385469064561551,1.073988811582187,0.9440208095767986,t-Test,FDR correction BH,0.7849602108966685,False,0,1,1.9238826594042937,0.5600882734057719,Unpaired t-test
702,sp|P0AEY5|MDAB_ECOLI,-1.1950240150030127,0.2771662337231444,27.255759082974976,27.512596120751848,0.24091612992501882,0.2837849711545694,-0.2568370377768723,t-Test,FDR correction BH,0.7884248211406643,False,0,1,0.8369207732413569,0.5572596795470331,Unpaired t-test
98,sp|P07639|AROB_ECOLI,1.1927280143942602,0.27799976114995933,26.27888886913775,25.83136371276198,0.6138570564469548,0.2133783352181329,0.44752515637576806,t-Test,FDR correction BH,0.7884248211406643,False,0,1,1.363698917890653,0.5559555772160936,Unpaired t-test
753,sp|P0AFR4|YCIO_ECOLI,-1.1903826037399723,0.27885345166718545,27.33268551476082,27.65375501261308,0.4208896693184359,0.2027260328472196,-0.32106949785226035,t-Test,FDR correction BH,0.7884248211406643,False,0,1,0.8004762489932491,0.5546239754122109,Unpaired t-test
478,sp|P0AB38|LPOB_ECOLI,-1.1875810850152968,0.27987611024836667,26.806577050604158,27.206864684327975,0.44836506781193874,0.37389803659130016,-0.40028763372381704,t-Test,FDR correction BH,0.7884248211406643,False,0,1,0.757707202212264,0.5530341705945737,Unpaired t-test
484,sp|P0AB71|ALF_ECOLI,-1.186955134447658,0.28010504527885455,29.786345303404936,30.33624269695251,0.6892248816232125,0.41093238237790436,-0.5498973935475746,t-Test,FDR correction BH,0.7884248211406643,False,0,1,0.6830687074341394,0.5526790685522526,Unpaired t-test
427,sp|P0A9V1|LPTB_ECOLI,-1.1869433383235248,0.28010936113399837,27.13022591674979,27.495629917857983,0.4896878407307486,0.21101214206177368,-0.3654040011081925,t-Test,FDR correction BH,0.7884248211406643,False,0,1,0.7762514691329023,0.5526723769996891,Unpaired t-test
763,sp|P0AG00|WZZE_ECOLI,-1.1851654514188168,0.28076049070012193,27.00985101606969,27.2337644565454,0.30954048069347356,0.10615296282805256,-0.22391344047571238,t-Test,FDR correction BH,0.7884248211406643,False,0,1,0.8562396560919578,0.5516640072194733,Unpaired t-test
153,sp|P0A6F1|CARA_ECOLI,-1.1845396869859983,0.2809899781843038,26.112656243101142,26.576708862526925,0.5308974272440365,0.4225758621476759,-0.46405261942578235,t-Test,FDR correction BH,0.7884248211406643,False,0,1,0.7249469749614091,0.55130916940763,Unpaired t-test
326,sp|P0A8K1|PSD_ECOLI,-1.1775260732121127,0.2835731125428776,26.288647111071107,26.85123867107905,0.685998107665474,0.462829463182124,-0.5625915600079416,t-Test,FDR correction BH,0.7927347244932196,False,0,1,0.6770848012149427,0.5473349498917701,Unpaired t-test
557,sp|P0ACE3|HHA_ECOLI,-1.1767674766077438,0.2838537207349721,26.674766411765148,27.07337868793283,0.3333595586778278,0.48279965853922596,-0.39861227616768247,t-Test,FDR correction BH,0.7927347244932196,False,0,1,0.7585876154744783,0.5469054086991763,Unpaired t-test
374,sp|P0A972|CSPE_ECOLI,1.1736656898199989,0.2850035576838876,30.490947529346563,28.210313980035142,2.4905091446914875,2.2638703474185538,2.280633549311421,t-Test,FDR correction BH,0.7927347244932196,False,0,1,4.858912826298086,0.5451497186832894,Unpaired t-test
19,sp|P00946|MANA_ECOLI,1.1735154185674912,0.28505936444614527,28.85407148257669,28.652142872662637,0.22808706718736246,0.19183883466819662,0.20192860991405226,t-Test,FDR correction BH,0.7927347244932196,False,0,1,1.1502349739025965,0.5450646874769508,Unpaired t-test
916,sp|P23721|SERC_ECOLI,-1.171279507385874,0.2858908263212397,28.551619247695754,28.91257779854635,0.42628753159845334,0.3212376457566456,-0.36095855085059725,t-Test,FDR correction BH,0.7927347244932196,False,0,1,0.7786470615515094,0.543799780080921,Unpaired t-test
260,sp|P0A7R9|RS11_ECOLI,-1.1696102203890058,0.286512928883215,32.74112485745161,32.85474046765769,0.09699943566649825,0.13747539971973258,-0.11361561020608235,t-Test,FDR correction BH,0.7927347244932196,False,0,1,0.9242688006224443,0.5428557757351653,Unpaired t-test
867,sp|P16659|SYP_ECOLI,1.169351628345961,0.2866094031256897,29.38067590539909,29.05810366640015,0.4542787283742026,0.14805348800253457,0.3225722389989407,t-Test,FDR correction BH,0.7927347244932196,False,0,1,1.250558232956033,0.5427095653043087,Unpaired t-test
732,sp|P0AFF2|NUPC_ECOLI,-1.167913060498674,0.28714660309964696,28.174387412822924,28.503642779945295,0.47220533789105035,0.12431770741170906,-0.32925536712237147,t-Test,FDR correction BH,0.7927347244932196,False,0,1,0.7959471980825519,0.5418963169896575,Unpaired t-test
771,sp|P0AG40|RIBF_ECOLI,-1.1664075524857414,0.2877097198379234,26.82639496659724,27.045328130597955,0.2414136208234608,0.21774263007139535,-0.21893316400071683,t-Test,FDR correction BH,0.7927347244932196,False,0,1,0.8592005583679457,0.5410454658793309,Unpaired t-test
904,sp|P22333|ADD_ECOLI,-1.1654570506973063,0.28806572797796937,26.61559140924596,26.91737465683488,0.3977531600812099,0.20722433819307523,-0.30178324758892217,t-Test,FDR correction BH,0.7927347244932196,False,0,1,0.8112490295487322,0.5405084079307009,Unpaired t-test
875,sp|P18196|MINC_ECOLI,-1.1636481430776606,0.2887442870538625,26.762460580555132,27.007988731973146,0.2797910564025515,0.23511319967947114,-0.24552815141801432,t-Test,FDR correction BH,0.7930769189521637,False,0,1,0.8435069429552008,0.5394865997423193,Unpaired t-test
787,sp|P0AGA6|UHPA_ECOLI,-1.1616015749839212,0.28951363847864114,26.226354250075843,26.486722797971275,0.3654463548933927,0.13104763511033904,-0.26036854789543185,t-Test,FDR correction BH,0.7936666985879991,False,0,1,0.8348746168393256,0.5383309726049408,Unpaired t-test
1085,sp|P37019|CLCA_ECOLI,1.1590678658601254,0.2904685336107004,25.909475461179255,25.369567321243032,0.5103577290352431,0.6248827548249766,0.5399081399362231,t-Test,FDR correction BH,0.7937102328125029,False,0,1,1.453879942138197,0.5369009077466674,Unpaired t-test
16,sp|P00887|AROH_ECOLI,1.1582270989822299,0.29078599012052636,26.770184337621288,25.28312569437037,0.08755710931189958,2.222071935223996,1.4870586432509185,t-Test,FDR correction BH,0.7937102328125029,False,0,1,2.803168840185284,0.5364265213340339,Unpaired t-test
218,sp|P0A786|PYRB_ECOLI,1.1571490219608165,0.29119348163980713,27.720648705855602,27.31177630423798,0.5575590594561886,0.25235925507235396,0.4088724016176215,t-Test,FDR correction BH,0.7937102328125029,False,0,1,1.327647730104356,0.5358183509233798,Unpaired t-test
333,sp|P0A8N5|SYK2_ECOLI,1.1549612293552185,0.2920219149855879,30.222151610635812,29.666356574791756,0.7212150924227952,0.4178257268443418,0.5557950358440564,t-Test,FDR correction BH,0.7944550576889282,False,0,1,1.4699784812301027,0.5345845554002905,Unpaired t-test
1235,sp|P61887|RMLA2_ECOLI,-1.1533012589558473,0.29265181682417646,26.169031473664965,26.290763460663793,0.16828066532880473,0.07144645391913997,-0.12173198699882803,t-Test,FDR correction BH,0.7946579694030295,False,0,1,0.9190836080398397,0.5336487753794088,Unpaired t-test
117,sp|P08395|SPPA_ECOLI,1.1493332369322011,0.29416221793830116,26.970703892262083,26.76577726803776,0.20640411829029082,0.22971826848096694,0.20492662422432417,t-Test,FDR correction BH,0.7972464656623276,False,0,1,1.1526277224176975,0.53141310861263,Unpaired t-test
694,sp|P0AET8|HDHA_ECOLI,1.1450574358764156,0.29579716200190587,28.311459990129155,27.543853278592525,0.20647314277776171,1.142601215187541,0.7676067115366294,t-Test,FDR correction BH,0.8001620771733976,False,0,1,1.7024432546440553,0.5290059971167619,Unpaired t-test
1304,sp|P69874|POTA_ECOLI,-1.1384548264643584,0.2983369074378399,26.49596276420242,27.0584600090483,0.7437904920067576,0.4232558797704597,-0.5624972448458792,t-Test,FDR correction BH,0.8037587083238967,False,0,1,0.6771290665990831,0.5252930164834139,Unpaired t-test
341,sp|P0A8S1|ARGP_ECOLI,-1.1361348019348214,0.29923368412577017,26.443670189460818,26.746783407580654,0.29339570408075244,0.3570084694760883,-0.3031132181198366,t-Test,FDR correction BH,0.8037587083238967,False,0,1,0.8105015118077618,0.5239895204113528,Unpaired t-test
587,sp|P0AD01|DCUR_ECOLI,-1.1358439224771935,0.2993462802259801,26.63262781790028,26.80540039678362,0.19905570376613826,0.17259394172887796,-0.1727725788833432,t-Test,FDR correction BH,0.8037587083238967,False,0,1,0.8871361389941173,0.5238261341689325,Unpaired t-test
675,sp|P0AEH5|ELAB_ECOLI,1.1357737740364837,0.29937343922895665,30.07118460670346,29.000876172213943,0.6622966340664125,1.4918088238351075,1.0703084344895188,t-Test,FDR correction BH,0.8037587083238967,False,0,1,2.0998822541308764,0.5237867334117785,Unpaired t-test
86,sp|P06999|PFKB_ECOLI,-1.133312607576841,0.30032763197816653,28.215309166084978,28.44921560129906,0.14001921292059535,0.3289184581026199,-0.23390643521408094,t-Test,FDR correction BH,0.8046449384049821,False,0,1,0.8503293056752361,0.5224047082153743,Unpaired t-test
1250,sp|P63228|GMHBB_ECOLI,-1.1308987745836596,0.30126596116440824,27.284413210178357,27.85268014398391,0.8583920460861773,0.143721897792152,-0.5682669338055533,t-Test,FDR correction BH,0.8046449384049821,False,0,1,0.6744264702620393,0.5210499347506907,Unpaired t-test
841,sp|P13035|GLPD_ECOLI,-1.1279065462326343,0.302432554163351,27.887673658957162,28.232331835112156,0.5145599616737072,0.12390824559186539,-0.3446581761549936,t-Test,FDR correction BH,0.8046449384049821,False,0,1,0.7874945388825068,0.5193714627324737,Unpaired t-test
8,sp|P00561|AK1H_ECOLI,-1.125001591338757,0.30356875296852254,26.659297074502486,26.88250554601305,0.27953923375071155,0.19988528422992802,-0.22320847151056356,t-Test,FDR correction BH,0.8046449384049821,False,0,1,0.8566581574871913,0.5177429334081104,Unpaired t-test
1017,sp|P30870|GLNE_ECOLI,-1.1240033802546372,0.30396000459013767,25.387269971258213,25.629681584923375,0.33268081738073313,0.16988700078267674,-0.24241161366516195,t-Test,FDR correction BH,0.8046449384049821,False,0,1,0.8453310725313572,0.5171835576034924,Unpaired t-test
384,sp|P0A9C0|GLPA_ECOLI,-1.1228243659508756,0.30442266779501664,26.972744669032064,27.350471440312216,0.45572946166194483,0.3630717497939438,-0.37772677128015175,t-Test,FDR correction BH,0.8046449384049821,False,0,1,0.7696493584132584,0.5165230124410014,Unpaired t-test
1188,sp|P46474|YHDP_ECOLI,-1.1226165771164518,0.3045042685380295,24.99916633973753,25.245661833065626,0.32200993326715827,0.20235013047866482,-0.24649549332809428,t-Test,FDR correction BH,0.8046449384049821,False,0,1,0.842941552418251,0.516406615052391,Unpaired t-test
1369,sp|P76578|A2MG_ECOLI,-1.1217944943002778,0.3048272886150128,25.38944852885016,25.586065502498638,0.2015151370293765,0.22704717040309585,-0.19661697364847797,t-Test,FDR correction BH,0.8046449384049821,False,0,1,0.8725943432648879,0.5159461568717094,Unpaired t-test
766,sp|P0AG18|PURE_ECOLI,-1.119127378061447,0.30587725506220725,26.25979066507304,26.843854801237605,0.8917825848762261,0.14778034004418544,-0.5840641361645638,t-Test,FDR correction BH,0.8046449384049821,False,0,1,0.6670819285178002,0.514452815817636,Unpaired t-test
1177,sp|P45527|UBIU_ECOLI,-1.1185570362215433,0.30610217514926774,27.26098786647202,27.630946201226646,0.3855019151749357,0.423753638105963,-0.3699583347546245,t-Test,FDR correction BH,0.8046449384049821,False,0,1,0.7738048440464206,0.5141335843132568,Unpaired t-test
819,sp|P0CG19|RNPH_ECOLI,-1.1149775426335296,0.30751695001628837,26.929635497993328,27.845473475295492,1.401394569840804,0.2452894452971794,-0.9158379773021643,t-Test,FDR correction BH,0.8046449384049821,False,0,1,0.5300359143449785,0.512130941366077,Unpaired t-test
1068,sp|P33920|NDPA_ECOLI,1.1136714118592448,0.30803455190442264,27.6522637313948,27.297327728821028,0.47168680293802207,0.28676811570008737,0.35493600257377267,t-Test,FDR correction BH,0.8046449384049821,False,0,1,1.278928847201527,0.5114005664222446,Unpaired t-test
318,sp|P0A8G9|EX7S_ECOLI,-1.1116686747449416,0.30882962436354466,27.201229303673507,27.439847113050256,0.30734586421813814,0.2091894330217805,-0.23861780937674837,t-Test,FDR correction BH,0.8046449384049821,False,0,1,0.8475569352052074,0.5102810468060908,Unpaired t-test
735,sp|P0AFG3|ODO1_ECOLI,-1.111481584282638,0.3089039854797251,26.44183929164611,26.781570101591278,0.2399740054641047,0.4718992574307207,-0.33973080994516636,t-Test,FDR correction BH,0.8046449384049821,False,0,1,0.7901887381040276,0.5101764883942876,Unpaired t-test
803,sp|P0AGL7|RSME_ECOLI,-1.1096698899888282,0.3096248369835116,26.777360737095577,27.055544941468394,0.19050652538723747,0.39018601772552547,-0.2781842043728169,t-Test,FDR correction BH,0.8046449384049821,False,0,1,0.8246282527411893,0.5091642090607049,Unpaired t-test
1101,sp|P37624|RBBA_ECOLI,-1.1092265242713644,0.30980146072362735,25.336466029721983,25.796202995558907,0.40054485596125244,0.5957437815788337,-0.4597369658369246,t-Test,FDR correction BH,0.8046449384049821,False,0,1,0.7271188158879157,0.508916538859849,Unpaired t-test
58,sp|P05458|PTRA_ECOLI,1.1078499511962143,0.3103503826623184,25.33840340460674,25.19533500565853,0.13212192059387867,0.18048732888258429,0.1430683989482091,t-Test,FDR correction BH,0.8046449384049821,False,0,1,1.1042511990656172,0.5081477147927428,Unpaired t-test
1009,sp|P30744|SDHM_ECOLI,-1.1067019607064776,0.31080877552306835,25.858700098334587,26.574810302322415,0.48093466539354063,1.0123184066780901,-0.716110203987828,t-Test,FDR correction BH,0.8046449384049821,False,0,1,0.6087365076446635,0.5075067276206703,Unpaired t-test
477,sp|P0AB28|YCED_ECOLI,-1.1063882138392076,0.31093415294493026,26.92642440100041,27.231284760886364,0.45979929046285395,0.12790887102449777,-0.3048603598859536,t-Test,FDR correction BH,0.8046449384049821,False,0,1,0.8095205671832577,0.5073315725180875,Unpaired t-test
82,sp|P06989|HIS2_ECOLI,-1.1027925034637207,0.31237405986552164,25.329480396856006,26.233740794858925,0.8144068744596755,1.1635334267312556,-0.9042603980029185,t-Test,FDR correction BH,0.8046449384049821,False,0,1,0.5343065476999752,0.5053250379349793,Unpaired t-test
1020,sp|P31057|PANB_ECOLI,-1.102470662635023,0.31250321188840036,28.572675819528385,28.722516148441386,0.023690611760080384,0.23421348918581325,-0.14984032891300103,t-Test,FDR correction BH,0.8046449384049821,False,0,1,0.9013502145338262,0.5051455146455368,Unpaired t-test
1364,sp|P76536|YFEX_ECOLI,-1.1022312257516913,0.31259932474472046,29.19421953574436,29.349949956440035,0.19599624377510327,0.14653026882905537,-0.15573042069567578,t-Test,FDR correction BH,0.8046449384049821,False,0,1,0.8976777733909199,0.505011964448497,Unpaired t-test
537,sp|P0AC51|ZUR_ECOLI,-1.1009374110234476,0.3131191035050092,26.301058730064835,26.67455942223092,0.43194652000216555,0.3983818300707464,-0.37350069216608617,t-Test,FDR correction BH,0.8046449384049821,False,0,1,0.7719071936121648,0.504290435117937,Unpaired t-test
387,sp|P0A9C9|GLPX_ECOLI,-1.0989910647417305,0.3139023858307018,27.674773333005103,27.927320060802177,0.383296518709819,0.10726657734291434,-0.25254672779707477,t-Test,FDR correction BH,0.8046449384049821,False,0,1,0.8394133262107212,0.5032053834105952,Unpaired t-test
1158,sp|P39838|RCSD_ECOLI,-1.0981803091581064,0.31422914459317486,25.343341795005493,25.555203384937474,0.19233868712219357,0.2732414466398576,-0.21186158993198134,t-Test,FDR correction BH,0.8046449384049821,False,0,1,0.863422390091749,0.5027535368358472,Unpaired t-test
543,sp|P0AC78|WECA_ECOLI,-1.0977662889545552,0.3143961161745984,26.694236635351693,27.139173933370994,0.5376677369525968,0.4513819154930081,-0.44493729801930115,t-Test,FDR correction BH,0.8046449384049821,False,0,1,0.7346162436169795,0.5025228275637965,Unpaired t-test
722,sp|P0AFA7|NHAB_ECOLI,-1.0935697546065748,0.3160927148151133,26.87955705646609,27.03691475691567,0.22643002220061817,0.10414201156880512,-0.1573577004495803,t-Test,FDR correction BH,0.8046449384049821,False,0,1,0.8966658136217497,0.5001855134994143,Unpaired t-test
712,sp|P0AF28|NARL_ECOLI,1.0927156524208874,0.31643894530831307,28.068045462364218,27.91751711305878,0.1113424289577537,0.2110288378327729,0.15052834930543924,t-Test,FDR correction BH,0.8046449384049821,False,0,1,1.1099758972678824,0.4997100716609731,Unpaired t-test
493,sp|P0ABB4|ATPB_ECOLI,-1.092231749137615,0.31663524652102093,30.583807630855116,30.847744323099427,0.22451314895175573,0.3532372291402526,-0.26393669224431093,t-Test,FDR correction BH,0.8046449384049821,False,0,1,0.8328123152092627,0.4994407429241441,Unpaired t-test
862,sp|P16431|HYCE_ECOLI,1.0895674751924695,0.317717850817042,27.46708702844196,27.22433645089714,0.3025526718447127,0.2395312039406017,0.2427505775448182,t-Test,FDR correction BH,0.8046449384049821,False,0,1,1.1832464367666333,0.49795838387115515,Unpaired t-test
559,sp|P0ACF0|DBHA_ECOLI,-1.089246003161144,0.31784868531489546,33.40974308436756,33.65192066460813,0.3756376657203891,0.08482326716917783,-0.2421775802405648,t-Test,FDR correction BH,0.8046449384049821,False,0,1,0.8454682129300556,0.49777958055778765,Unpaired t-test
1171,sp|P43671|PQIB_ECOLI,-1.088445173380127,0.3181748056239457,26.59494387576254,26.752707450902086,0.22205510988045746,0.11712301204048566,-0.15776357513954764,t-Test,FDR correction BH,0.8046449384049821,False,0,1,0.8964135893049942,0.49733421253259014,Unpaired t-test
1060,sp|P33593|NIKD_ECOLI,-1.0882378373420996,0.3182592838135708,28.01563354481586,28.299283026920442,0.42696926443706823,0.14667287137731252,-0.2836494821045825,t-Test,FDR correction BH,0.8046449384049821,False,0,1,0.821510271046005,0.4972189188598603,Unpaired t-test
234,sp|P0A7E1|PYRD_ECOLI,-1.082928756908269,0.3204287779709407,27.159629180590652,27.429569320371996,0.29348565134321497,0.3166554653113045,-0.2699401397813439,t-Test,FDR correction BH,0.8063743257186387,False,0,1,0.8293539566066416,0.4942684864931364,Unpaired t-test
1169,sp|P42641|OBG_ECOLI,1.0825811500408793,0.32057124896522526,27.107947173126984,26.89304497030805,0.2580604350489949,0.22720561736334718,0.21490220281893357,t-Test,FDR correction BH,0.8063743257186387,False,0,1,1.1606252354388777,0.4940754307518951,Unpaired t-test
62,sp|P05793|ILVC_ECOLI,-1.0798665616566343,0.321685657661154,28.203556745395524,28.5352109542254,0.4377655237230945,0.3022233763078566,-0.3316542088298746,t-Test,FDR correction BH,0.8063743257186387,False,0,1,0.7946248362709504,0.4925683016639975,Unpaired t-test
1059,sp|P33591|NIKB_ECOLI,1.0794541756621183,0.3218552322835761,28.094391164850595,27.65325790189839,0.26345001770492943,0.6569711329586914,0.44113326295220645,t-Test,FDR correction BH,0.8063743257186387,False,0,1,1.357670383241304,0.49233942631001787,Unpaired t-test
336,sp|P0A8P8|XERD_ECOLI,1.078887006929389,0.32208857461973983,25.715074220220735,25.4503988922597,0.21497641517159785,0.36651688053638176,0.26467532796103654,t-Test,FDR correction BH,0.8063743257186387,False,0,1,1.2013656571575915,0.4920246805438827,Unpaired t-test
1078,sp|P36767|RDGC_ECOLI,-1.0773697244820462,0.3227134951612586,27.63491305870235,27.72431412915024,0.1222073123696212,0.07564948189253426,-0.08940107044789158,t-Test,FDR correction BH,0.8063743257186387,False,0,1,0.9399128696085955,0.49118287298617586,Unpaired t-test
197,sp|P0A6Y8|DNAK_ECOLI,-1.075587458587733,0.3234488304949809,29.375186438520295,29.942086400026227,0.7879788052634373,0.46094315264870034,-0.566899961505932,t-Test,FDR correction BH,0.8063743257186387,False,0,1,0.6750658009462791,0.4901944148140929,Unpaired t-test
1125,sp|P37908|YFJD_ECOLI,-1.0755813896515058,0.323451336801187,23.89654910622045,24.2478931718135,0.3270642534246688,0.46167032605798425,-0.3513440655930502,t-Test,FDR correction BH,0.8063743257186387,False,0,1,0.783853492055849,0.49019104961182436,Unpaired t-test
276,sp|P0A7Z0|RPIA_ECOLI,1.0731736479259713,0.3244469317936858,29.99483944942431,29.721481161744297,0.23209784052563454,0.37520222545404674,0.27335828768001136,t-Test,FDR correction BH,0.807449668516112,False,0,1,1.2086179616732036,0.4888563284905013,Unpaired t-test
503,sp|P0ABH0|FTSA_ECOLI,1.0709877347614778,0.32535298462344636,26.61285819262357,26.096692337729333,0.24675433170508684,0.7974638931990085,0.5161658548942363,t-Test,FDR correction BH,0.8082988211738745,False,0,1,1.4301493895343809,0.48764520491430274,Unpaired t-test
447,sp|P0AAC0|USPE_ECOLI,1.0605329554381338,0.3297152469708676,28.300118178786732,27.841689395536314,0.5159937949356842,0.5424973670710075,0.4584287832504188,t-Test,FDR correction BH,0.8165051492785605,False,0,1,1.37404455239392,0.481860969380327,Unpaired t-test
993,sp|P28249|ASMA_ECOLI,1.060337326695462,0.32979732794060657,25.652025665732005,25.35757487332573,0.20343091757005075,0.4358440758089678,0.29445079240627337,t-Test,FDR correction BH,0.8165051492785605,False,0,1,1.2264180134888472,0.4817528673857116,Unpaired t-test
1326,sp|P75882|GFCD_ECOLI,-1.0559678058437372,0.3316350331950551,26.248070683719284,26.462581094073016,0.24218372805051397,0.2552369530337871,-0.21451041035373208,t-Test,FDR correction BH,0.8187055457926025,False,0,1,0.8618385816355314,0.47933959778508545,Unpaired t-test
1358,sp|P76402|YEGP_ECOLI,-1.0523874012605021,0.33314708881601285,27.216965544692396,27.69587634768945,0.7735352265908796,0.1513658506540524,-0.4789108029970528,t-Test,FDR correction BH,0.8187055457926025,False,0,1,0.7175191277367824,0.47736397743311165,Unpaired t-test
542,sp|P0AC75|KDTA_ECOLI,-1.0459217422663434,0.33589187563249884,25.77662978512284,25.970307612530494,0.1624187828929204,0.2765659127433854,-0.1936778274076545,t-Test,FDR correction BH,0.8187055457926025,False,0,1,0.8743738576803476,0.47380050050678907,Unpaired t-test
350,sp|P0A8X0|YJGA_ECOLI,-1.0414419644750605,0.33780439540932156,27.820479957761364,28.078349193979165,0.3841811829674213,0.19061428146836637,-0.25786923621780033,t-Test,FDR correction BH,0.8187055457926025,False,0,1,0.8363221995077748,0.4713347038189031,Unpaired t-test
986,sp|P27828|WECB_ECOLI,-1.0413358897199332,0.3378497881910789,26.759910055038972,27.037336804098153,0.4198964885071523,0.1913547524014397,-0.2774267490591811,t-Test,FDR correction BH,0.8187055457926025,False,0,1,0.825061319351981,0.4712763490121288,Unpaired t-test
1154,sp|P39411|NCPP_ECOLI,-1.0411818402750357,0.3379157197002657,25.98134758715617,26.625244536409017,0.29916060768311387,1.0285260697744563,-0.6438969492528486,t-Test,FDR correction BH,0.8187055457926025,False,0,1,0.6399819187723202,0.47119160455453263,Unpaired t-test
793,sp|P0AGE0|SSB_ECOLI,1.0411095788608613,0.3379466504107394,28.89508194111371,27.953499550109672,1.3188315361747038,0.8452907850179335,0.9415823910040366,t-Test,FDR correction BH,0.8187055457926025,False,0,1,1.9206336921667408,0.47115185374879603,Unpaired t-test
654,sp|P0AE63|CHAB_ECOLI,-1.040363413462718,0.33826617284893457,25.49040152319671,26.161725979881382,0.983836461228669,0.5303018131245447,-0.6713244566846726,t-Test,FDR correction BH,0.8187055457926025,False,0,1,0.627929955607143,0.4707414301741258,Unpaired t-test
612,sp|P0ADG7|IMDH_ECOLI,1.0399150750858475,0.3384582779498663,29.469485218684053,29.002630572053633,0.6113504494479803,0.48049921459361455,0.46685464663042,t-Test,FDR correction BH,0.8187055457926025,False,0,1,1.3820929518820144,0.47049485954283643,Unpaired t-test
1274,sp|P67080|PLPHP_ECOLI,-1.0364376746490083,0.33995129104785227,27.389826041882642,27.605175228733646,0.31772365890016757,0.1690179183789169,-0.2153491868510038,t-Test,FDR correction BH,0.8187055457926025,False,0,1,0.8613376581385686,0.4685833051476333,Unpaired t-test
1282,sp|P68206|YJBJ_ECOLI,1.035641802320212,0.3402937466885316,29.05560985533243,27.92933611748215,1.1026400071620992,1.527166468091704,1.1262737378502798,t-Test,FDR correction BH,0.8187055457926025,False,0,1,2.182941907566836,0.4681460315201679,Unpaired t-test
643,sp|P0AE06|ACRA_ECOLI,1.0345274775083113,0.34077369876159896,29.000851185581897,28.69470445957008,0.1699328847180824,0.48357502989569034,0.3061467260118178,t-Test,FDR correction BH,0.8187055457926025,False,0,1,1.2364009998732828,0.4675339318733319,Unpaired t-test
1381,sp|P77307|FETB_ECOLI,-1.0343481705326443,0.34085097945574,26.484093246282878,26.702957187801555,0.2657136902244102,0.25241799435170603,-0.21886394151867705,t-Test,FDR correction BH,0.8187055457926025,False,0,1,0.8592417849753902,0.46743545369248113,Unpaired t-test
406,sp|P0A9L8|P5CR_ECOLI,-1.0341922723815435,0.3409181825606301,29.143533682724136,29.438778858673814,0.41064422262235284,0.2754530493657041,-0.2952451759496775,t-Test,FDR correction BH,0.8187055457926025,False,0,1,0.8149338283195909,0.4673498354529329,Unpaired t-test
209,sp|P0A738|MOAC_ECOLI,-1.0341030138055591,0.3409566641359164,27.081174421080956,27.47066913775413,0.2677199899129515,0.5949128285188015,-0.38949471667317326,t-Test,FDR correction BH,0.8187055457926025,False,0,1,0.7633969265318336,0.4673008166750721,Unpaired t-test
659,sp|P0AE91|CREA_ECOLI,-1.0338134460791182,0.3410815281446531,27.13320341676134,27.636989912118036,0.8321620444820146,0.14112487321905087,-0.503786495356696,t-Test,FDR correction BH,0.8187055457926025,False,0,1,0.7052533430617333,0.46714179991852606,Unpaired t-test
1391,sp|P77488|DXS_ECOLI,-1.0333911569346357,0.3412636890943815,26.62855557938555,26.849178045009964,0.23105820095757135,0.2887052873500455,-0.22062246562441246,t-Test,FDR correction BH,0.8187055457926025,False,0,1,0.8581950794462824,0.4669099187675603,Unpaired t-test
713,sp|P0AF36|ZAPB_ECOLI,-1.0331596244567147,0.3413635976303332,30.164214986071165,30.48571428132009,0.29107123279951214,0.4536273244482933,-0.3214992952489233,t-Test,FDR correction BH,0.8187055457926025,False,0,1,0.8002378123480195,0.4667827930958724,Unpaired t-test
855,sp|P15639|PUR9_ECOLI,-1.0327129667460695,0.34155640170383206,27.907295853716096,28.125973185779237,0.36203179869559476,0.058716341778725,-0.218677332063141,t-Test,FDR correction BH,0.8187055457926025,False,0,1,0.859352933213622,0.46653757038306454,Unpaired t-test
1005,sp|P30011|NADC_ECOLI,1.0302778196923235,0.3426091063730575,26.73581140273917,26.495564632878214,0.3233134028425953,0.24206636888968083,0.24024676986095628,t-Test,FDR correction BH,0.8198555706017481,False,0,1,1.1811946849428423,0.46520109789412284,Unpaired t-test
166,sp|P0A6K3|DEF_ECOLI,-1.0273832871171913,0.3438638115997847,27.711743547467343,28.194624927354347,0.7324805166129904,0.3552508004623364,-0.4828813798870044,t-Test,FDR correction BH,0.8214843312175157,False,0,1,0.7155470907310814,0.46361352714249804,Unpaired t-test
1007,sp|P30177|YBIB_ECOLI,-1.024382519253949,0.34516848106714326,28.144358301421434,28.35475342339435,0.18163478161845223,0.3058767555871275,-0.21039512197291543,t-Test,FDR correction BH,0.8221451286188237,False,0,1,0.8643004862764511,0.46196886858711844,Unpaired t-test
1004,sp|P29745|PEPT_ECOLI,-1.0231257614239455,0.34571607717687997,29.068555870979203,29.31468361299,0.40575444909485503,0.09474792746705744,-0.24612774201079546,t-Test,FDR correction BH,0.8221451286188237,False,0,1,0.8431564504877431,0.46128042356187354,Unpaired t-test
490,sp|P0ABA4|ATPD_ECOLI,-1.0227865736656225,0.34586398841965893,27.792691228410334,28.203520657059425,0.6024564312460623,0.3479633747020472,-0.410829428649091,t-Test,FDR correction BH,0.8221451286188237,False,0,1,0.7521908027464072,0.4610946546517347,Unpaired t-test
68,sp|P06610|BTUE_ECOLI,-1.019765567532991,0.3471836231496858,27.276300372140245,27.57630066165887,0.47851849458124057,0.17508699397018906,-0.3000002895186249,t-Test,FDR correction BH,0.8239133743402991,False,0,1,0.8122522333542381,0.45944076893179914,Unpaired t-test
47,sp|P04825|AMPN_ECOLI,-1.0131868016909644,0.35007137031447383,28.977976301519558,29.073232032150344,0.11802627963360562,0.11219090859447058,-0.09525573063078596,t-Test,FDR correction BH,0.8257849069031373,False,0,1,0.9361062994926018,0.45584340543850477,Unpaired t-test
1077,sp|P36683|ACNB_ECOLI,-1.013000279829968,0.3501535243104071,27.83013565690876,28.100449448584015,0.38755795484995,0.2518276595888581,-0.2703137916752567,t-Test,FDR correction BH,0.8257849069031373,False,0,1,0.8291391852646484,0.4557414981011973,Unpaired t-test
501,sp|P0ABF6|CDD_ECOLI,-1.0116731686503968,0.3507385001341275,29.169123595052724,29.338500103090222,0.2552515565592476,0.13761243683887242,-0.16937650803749804,t-Test,FDR correction BH,0.8257849069031373,False,0,1,0.8892268968330752,0.45501655953029707,Unpaired t-test
899,sp|P22106|ASNB_ECOLI,-1.0109112595555059,0.3510746950891928,28.021758886989623,28.215556443480168,0.1747508409691624,0.2823393175673005,-0.1937975564905443,t-Test,FDR correction BH,0.8257849069031373,False,0,1,0.8743012965130774,0.45460047266846315,Unpaired t-test
893,sp|P21514|PDEL_ECOLI,-1.01029374252754,0.35134736601915667,27.11014056378473,27.371384952962345,0.3133124219873105,0.3200472140705733,-0.26124438917761594,t-Test,FDR correction BH,0.8257849069031373,False,0,1,0.8343679292007525,0.45426329793331877,Unpaired t-test
1305,sp|P69908|DCEA_ECOLI,1.009098549429167,0.35187559770485066,32.45459489111201,30.789083078139157,0.1989221471446334,2.85181140613887,1.6655118129728521,t-Test,FDR correction BH,0.8257849069031373,False,0,1,3.172261743870561,0.4536108501002859,Unpaired t-test
140,sp|P09980|REP_ECOLI,1.0082529897625212,0.35224968819264646,24.99234053132053,24.767414599897478,0.3256709535328679,0.20793973577831856,0.2249259314230514,t-Test,FDR correction BH,0.8257849069031373,False,0,1,1.168717244580575,0.45314938265089266,Unpaired t-test
1403,sp|P77737|OPPF_ECOLI,-1.0072155547194848,0.35270910258453175,25.76744871309271,26.030364577041325,0.2553538660507198,0.37310601521328646,-0.2629158639486171,t-Test,FDR correction BH,0.8257849069031373,False,0,1,0.8334018086244056,0.4525833320784095,Unpaired t-test
1076,sp|P36680|ZAPD_ECOLI,-1.0061851635383987,0.3531658721346751,26.646362315512626,26.978207359155043,0.23334234075864593,0.5214073769981619,-0.3318450436424172,t-Test,FDR correction BH,0.8257849069031373,False,0,1,0.794519732941095,0.4520212707221585,Unpaired t-test
1301,sp|P69805|PTND_ECOLI,1.0019915706502969,0.3550297613675555,30.411440948011865,29.53201465836018,0.7079912715301218,1.3452531802071779,0.8794262896516862,t-Test,FDR correction BH,0.8278801795969063,False,0,1,1.8396435925955548,0.44973523946337746,Unpaired t-test
670,sp|P0AEE3|DEGS_ECOLI,-1.001566719042893,0.3552190288417194,26.022611338340127,26.581938188419507,0.6935029730990165,0.67428424506535,-0.5593268500793798,t-Test,FDR correction BH,0.8278801795969063,False,0,1,0.6786187279137841,0.4495037774103281,Unpaired t-test
255,sp|P0A7M9|RL31_ECOLI,-0.993698016239303,0.3587390292977694,31.102483412600524,31.46137492791616,0.5694601576255985,0.25892316977891316,-0.3588915153156371,t-Test,FDR correction BH,0.8344448526865719,False,0,1,0.7797634753865729,0.44522137134030143,Unpaired t-test
1075,sp|P36677|YHDN_ECOLI,-0.9918498072879499,0.3595698228196498,24.527641406499257,24.92584591283526,0.49299738384793806,0.49041207597929387,-0.398204506336004,t-Test,FDR correction BH,0.8344448526865719,False,0,1,0.7588020564025456,0.4442167639155794,Unpaired t-test
167,sp|P0A6K6|DEOB_ECOLI,0.990883317830646,0.3600048805297692,30.11300184168379,29.85507661441831,0.43697906080418547,0.11097247569945387,0.2579252272654813,t-Test,FDR correction BH,0.8344448526865719,False,0,1,1.1957578208237665,0.44369161153054604,Unpaired t-test
1207,sp|P55734|YGAP_ECOLI,-0.9900768684259253,0.3603682173027962,26.379509309856232,26.563203928097803,0.25529846067377004,0.19517479082236253,-0.18369461824157085,t-Test,FDR correction BH,0.8344448526865719,False,0,1,0.8804453616758627,0.44325351863270307,Unpaired t-test
244,sp|P0A7I7|RIBA_ECOLI,-0.98850883792535,0.3610755090853504,27.39520944481774,27.553045206560448,0.22865119817763355,0.15557215280313463,-0.15783576174270664,t-Test,FDR correction BH,0.8347319119566016,False,0,1,0.8963687375301274,0.4424019677620343,Unpaired t-test
463,sp|P0AAP3|FRMR_ECOLI,-0.9859094566372031,0.3622504375315165,27.745401271112215,28.027940063552535,0.3245399961166358,0.3755697065025053,-0.2825387924403202,t-Test,FDR correction BH,0.8349292285102474,False,0,1,0.8221429718339706,0.44099108130907627,Unpaired t-test
718,sp|P0AF70|YJEI_ECOLI,-0.985738584212927,0.3623277784101074,26.80781823495117,27.322892683886835,0.3309422649981559,0.8423649931160625,-0.515074448935664,t-Test,FDR correction BH,0.8349292285102474,False,0,1,0.6997568215659637,0.44089836884219236,Unpaired t-test
242,sp|P0A7I0|RF1_ECOLI,0.982910712138935,0.3636096398757214,26.43846647679046,26.107390587331487,0.25694878275297306,0.523779471474072,0.3310758894589725,t-Test,FDR correction BH,0.8364607305719424,False,0,1,1.2579511415517421,0.4393646114529977,Unpaired t-test
585,sp|P0ACZ2|ETP_ECOLI,-0.9816958104385325,0.36416145013719087,27.445826815870777,27.69706582065175,0.2024459740038181,0.3943426241863886,-0.25123900478097383,t-Test,FDR correction BH,0.8364607305719424,False,0,1,0.8401745527742953,0.4387060302017588,Unpaired t-test
1368,sp|P76576|YFGM_ECOLI,-0.9757846976547204,0.36685573607791033,28.44708965274486,28.626464235002743,0.17010991636621123,0.2691441873403097,-0.17937458225788205,t-Test,FDR correction BH,0.8404976239008454,False,0,1,0.8830857367707612,0.4355046860003872,Unpaired t-test
264,sp|P0A7U3|RS19_ECOLI,-0.9750638779068905,0.36718535887037085,28.242118760105004,29.13502005682261,0.7289698986859694,1.4086593934936213,-0.8929012967176071,t-Test,FDR correction BH,0.8404976239008454,False,0,1,0.5385300308539571,0.4351146441608158,Unpaired t-test
125,sp|P09127|HEMX_ECOLI,-0.9739809659595542,0.3676810010914949,27.86884424537717,28.035764630001935,0.23357238153915733,0.18318503234157257,-0.16692038462476688,t-Test,FDR correction BH,0.8404976239008454,False,0,1,0.8907420550046613,0.4345288105290145,Unpaired t-test
518,sp|P0ABS1|DKSA_ECOLI,-0.9683787596288386,0.37025351365698134,28.817742551262743,29.205118920095018,0.6159644992834941,0.31725283639458957,-0.38737636883227466,t-Test,FDR correction BH,0.843694557211539,False,0,1,0.7645186660621565,0.43150081138987967,Unpaired t-test
1028,sp|P31554|LPTD_ECOLI,-0.9677915235159968,0.3705239876240009,27.57623445631333,27.709604444070756,0.19032554891808667,0.14404794336552668,-0.13336998775742614,t-Test,FDR correction BH,0.843694557211539,False,0,1,0.9116993248006142,0.43118367066573005,Unpaired t-test
1420,sp|Q46861|YGIQ_ECOLI,-0.9670879024068914,0.3708482714787268,25.097969054488242,25.956520092176266,0.3145723999206483,1.505140417828281,-0.8585510376880237,t-Test,FDR correction BH,0.843694557211539,False,0,1,0.5515061818799403,0.43080374089109813,Unpaired t-test
1099,sp|P37615|YHHM_ECOLI,0.9636146355644276,0.3724522905767827,25.81500024473088,25.467494430785937,0.2725472206474795,0.5620269722168236,0.3475058139449416,t-Test,FDR correction BH,0.8437551284350232,False,0,1,1.2723590220906333,0.4289293504760798,Unpaired t-test
630,sp|P0ADU2|YGIN_ECOLI,-0.9618522754179557,0.37326825872251684,30.453840972597433,30.589038359610086,0.21609460834600755,0.11213368048311287,-0.13519738701265283,t-Test,FDR correction BH,0.8437551284350232,False,0,1,0.9105452458609673,0.42797893921314584,Unpaired t-test
877,sp|P18775|DMSA_ECOLI,-0.9604191417962655,0.373932827448079,24.60657174384143,24.947323072937017,0.4117128505392125,0.45621236118883424,-0.3407513290955855,t-Test,FDR correction BH,0.8437551284350232,False,0,1,0.789629979966285,0.42720640659293685,Unpaired t-test
705,sp|P0AF03|MOG_ECOLI,-0.960260036194626,0.3740066645337157,27.980755737450167,28.12455443293119,0.22470805872744443,0.12954245117917798,-0.1437986954810242,t-Test,FDR correction BH,0.8437551284350232,False,0,1,0.9051327505572656,0.42712065891067164,Unpaired t-test
1201,sp|P52119|RATB_ECOLI,0.9599607664720888,0.3741455793312314,26.550797101874082,26.119177158539785,0.47986720218286827,0.6133584594111537,0.4316199433342973,t-Test,FDR correction BH,0.8437551284350232,False,0,1,1.348747180043737,0.4269593817609904,Unpaired t-test
256,sp|P0A7N9|RL33_ECOLI,0.9545139317140515,0.37668094271131636,32.22019037798955,31.821234780668174,0.6651367506376246,0.2858024825169175,0.398955597321379,t-Test,FDR correction BH,0.8437551284350232,False,0,1,1.3185530319812702,0.4240263513514875,Unpaired t-test
1361,sp|P76445|LPXT_ECOLI,0.9534143154900516,0.37719440971562296,25.50264021957838,25.210079299559073,0.42842464628250415,0.31453802497789374,0.29256092001930867,t-Test,FDR correction BH,0.8437551284350232,False,0,1,1.2248125070993459,0.4234347524343068,Unpaired t-test
342,sp|P0A8T1|PRMA_ECOLI,0.9533331571880951,0.3772323282965243,27.742193428215174,27.162332034114428,0.9955484003472839,0.3446362957393995,0.579861394100746,t-Test,FDR correction BH,0.8437551284350232,False,0,1,1.4947056389560038,0.42339109589449664,Unpaired t-test
228,sp|P0A7B8|HSLV_ECOLI,0.9529933059692222,0.3773911450288536,29.93959980623989,29.131775315574874,1.4445128708185297,0.2627153371467053,0.8078244906650163,t-Test,FDR correction BH,0.8437551284350232,False,0,1,1.750569682978761,0.42320829418227607,Unpaired t-test
1124,sp|P37903|USPF_ECOLI,-0.9524939708393205,0.37762458515509206,27.78854829126648,28.598913797939836,1.240698877609343,0.7950852257559416,-0.8103655066733566,t-Test,FDR correction BH,0.8437551284350232,False,0,1,0.5702373700398414,0.42293973881883745,Unpaired t-test
955,sp|P25534|UBIH_ECOLI,-0.9519104050151567,0.37789754591624136,25.73881499839065,26.12629528370476,0.6822837254756623,0.1776830085057334,-0.3874802853141084,t-Test,FDR correction BH,0.8437551284350232,False,0,1,0.76446360021202,0.4226259284018401,Unpaired t-test
1038,sp|P32131|HEMN_ECOLI,-0.9517974233603522,0.3779504104310621,26.898907789475484,27.308394325925654,0.5690582848762441,0.48109451991099716,-0.40948653645017075,t-Test,FDR correction BH,0.8437551284350232,False,0,1,0.7528912844110561,0.4225651787049738,Unpaired t-test
1065,sp|P33643|RLUD_ECOLI,0.9492765097764311,0.37913145376053936,27.016924080674386,26.72012680683575,0.43828013239476626,0.3180760864055612,0.2967972738386351,t-Test,FDR correction BH,0.8450733805783985,False,0,1,1.2284143526782438,0.42121018384584574,Unpaired t-test
1208,sp|P56258|WECF_ECOLI,-0.943238675162158,0.3819718404367504,25.247640150724656,25.434157612408384,0.31854876556555634,0.1258245829205878,-0.18651746168372796,t-Test,FDR correction BH,0.8488171068555195,False,0,1,0.8787243260821698,0.41796865277863565,Unpaired t-test
1222,sp|P60664|HIS6_ECOLI,0.9403198929533606,0.3833508360242143,26.359590017338007,26.070179712408276,0.21671755633993103,0.4870486950511458,0.2894103049297314,t-Test,FDR correction BH,0.8488171068555195,False,0,1,1.222140631131677,0.41640358528290755,Unpaired t-test
112,sp|P08312|SYFA_ECOLI,0.9360418860155846,0.38537896939128014,29.40023881796199,29.16998401305278,0.3251930133042639,0.27528053371782607,0.23025480490921169,t-Test,FDR correction BH,0.8488171068555195,False,0,1,1.1730421104727249,0.41411198902287555,Unpaired t-test
316,sp|P0A8G3|UXAC_ECOLI,-0.9336780531492445,0.3865031772146766,25.965405906665556,26.137029711834888,0.2576961102970546,0.18696606711766908,-0.1716238051693324,t-Test,FDR correction BH,0.8488171068555195,False,0,1,0.8878428195485546,0.41284693165217534,Unpaired t-test
1325,sp|P75876|RLMI_ECOLI,0.9322118005081371,0.3872017791776587,27.59559707269433,27.23963356953552,0.48328583193868574,0.45150770372148896,0.355963503158808,t-Test,FDR correction BH,0.8488171068555195,False,0,1,1.2798400364477887,0.412062655792197,Unpaired t-test
1275,sp|P67087|RSMI_ECOLI,-0.9308128516964973,0.387869221711891,24.9212846566996,25.4145843182787,0.885612161818228,0.24142220884908835,-0.49329966157909766,t-Test,FDR correction BH,0.8488171068555195,False,0,1,0.7103984497024849,0.41131468126877174,Unpaired t-test
1240,sp|P62617|ISPF_ECOLI,-0.9304200510693965,0.3880567874449315,28.929855133019934,29.366475894837777,0.8012570035404348,0.13652074192257732,-0.43662076181784215,t-Test,FDR correction BH,0.8488171068555195,False,0,1,0.7388632296743429,0.4111047159796102,Unpaired t-test
85,sp|P06996|OMPC_ECOLI,0.9303557168489565,0.3880875142595663,34.49864205004634,34.138190140527655,0.28636383872787596,0.6068873421627113,0.36045190951868733,t-Test,FDR correction BH,0.8488171068555195,False,0,1,1.2838279806165187,0.41107032936871835,Unpaired t-test
70,sp|P06616|ERA_ECOLI,-0.9294908292276328,0.38850077728543514,27.879696789631303,28.050222490629267,0.2980881489717527,0.110080542048616,-0.17052570099796327,t-Test,FDR correction BH,0.8488171068555195,False,0,1,0.8885188564159374,0.41060810795589153,Unpaired t-test
410,sp|P0A9M8|PTA_ECOLI,0.9287593159307238,0.3888505755907887,30.097520269362004,29.591111230455503,0.9116108367270667,0.246716465485571,0.5064090389065008,t-Test,FDR correction BH,0.8488171068555195,False,0,1,1.4205100503798924,0.41021725384986646,Unpaired t-test
1045,sp|P32695|DUSA_ECOLI,-0.9284498148897663,0.38899864718778315,25.831469124699368,26.10413401362817,0.48357386904715055,0.15778423570906425,-0.2726648889288015,t-Test,FDR correction BH,0.8488171068555195,False,0,1,0.8277890736657559,0.4100519090082317,Unpaired t-test
175,sp|P0A6P5|DER_ECOLI,-0.9280763459326421,0.3891773801347532,27.726653680224437,27.880695864020083,0.26549579315433375,0.11027303463603513,-0.15404218379564583,t-Test,FDR correction BH,0.8488171068555195,False,0,1,0.898728847773681,0.40985240984289384,Unpaired t-test
734,sp|P0AFG0|NUSG_ECOLI,0.9279562222246087,0.38923488178723376,28.611750916980824,28.33860110015186,0.3442415474441182,0.3760781288024252,0.27314981682896544,t-Test,FDR correction BH,0.8488171068555195,False,0,1,1.2084433278078022,0.4097882467980919,Unpaired t-test
788,sp|P0AGB0|SERB_ECOLI,-0.9248559780089732,0.3907211910240546,26.15478025039083,26.536636209693825,0.6666937383402674,0.25871403967970225,-0.381855959302996,t-Test,FDR correction BH,0.8488171068555195,False,0,1,0.7674496674270229,0.4081330338859426,Unpaired t-test
1382,sp|P77318|YDEN_ECOLI,-0.9247156082981518,0.39078858973592184,25.346487314757113,25.64749846782673,0.4545726439634739,0.3335396893314498,-0.30101115306961646,t-Test,FDR correction BH,0.8488171068555195,False,0,1,0.811683306057663,0.408058125319359,Unpaired t-test
647,sp|P0AE22|APHA_ECOLI,-0.9245083031217985,0.39088814394473564,26.538813948780533,26.73295989480688,0.3004274261067787,0.20504212876108724,-0.19414594602634594,t-Test,FDR correction BH,0.8488171068555195,False,0,1,0.8740901911586658,0.4079475019838831,Unpaired t-test
974,sp|P27127|RFAB_ECOLI,0.924376269060936,0.39095156084759913,25.762120435598472,25.385827226278256,0.2848334525730412,0.6449862866248071,0.3762932093202167,t-Test,FDR correction BH,0.8488171068555195,False,0,1,1.298002542553788,0.4078770486393814,Unpaired t-test
1003,sp|P29680|DCUP_ECOLI,0.9232601143327481,0.39148797381177,26.577240524755833,25.881290067811587,0.9641062335720864,0.8804133743776618,0.6959504569442458,t-Test,FDR correction BH,0.8488171068555195,False,0,1,1.6199513161610795,0.40728157457004166,Unpaired t-test
231,sp|P0A7D1|PTH_ECOLI,-0.9199554189834459,0.3930794908979978,27.505248217806024,27.76905442560859,0.4034074578379697,0.2897514908924742,-0.2638062078025669,t-Test,FDR correction BH,0.8498211008845082,False,0,1,0.8328876422613268,0.40551961510178164,Unpaired t-test
717,sp|P0AF67|TSAE_ECOLI,-0.9198325437166348,0.3931387622540492,27.30992190162511,27.64366207005772,0.5992200585473721,0.18938273674900793,-0.3337401684326089,t-Test,FDR correction BH,0.8498211008845082,False,0,1,0.7934767366881477,0.405454133989346,Unpaired t-test
1261,sp|P64463|YDFZ_ECOLI,0.9177821718512411,0.3941288112737048,33.633561839199366,33.48243773764271,0.2778098907138862,0.06451868196031045,0.151124101556654,t-Test,FDR correction BH,0.8506762125681321,False,0,1,1.110434349798397,0.40436181654309145,Unpaired t-test
20,sp|P00954|SYW_ECOLI,-0.9112444957457088,0.39729835616758685,28.549089371388163,28.778894293062756,0.3409202151638943,0.2730746422852251,-0.22980492167459232,t-Test,FDR correction BH,0.8552220385307298,False,0,1,0.8527501911403859,0.4008832318457776,Unpaired t-test
562,sp|P0ACG1|STPA_ECOLI,-0.910174447114135,0.3978189768936515,30.028452971924843,30.22270956306079,0.30703461992241204,0.20587400470746292,-0.19425659113594662,t-Test,FDR correction BH,0.8552220385307298,False,0,1,0.8740231568279841,0.40031450385707706,Unpaired t-test
24,sp|P00960|SYGA_ECOLI,-0.9097454087334689,0.39802786698914466,28.447358790275977,28.573494081417902,0.1792130520085742,0.15985405081536685,-0.12613529114192445,t-Test,FDR correction BH,0.8552220385307298,False,0,1,0.9162827147012576,0.40008652075058476,Unpaired t-test
368,sp|P0A948|RIMJ_ECOLI,0.9029768295742094,0.401334417310736,26.674206181397672,26.055525528692726,0.4718812889993302,1.0888743210896654,0.6186806527049455,t-Test,FDR correction BH,0.8560103374020138,False,0,1,1.5354703485385865,0.39649359479594126,Unpaired t-test
190,sp|P0A6V8|GLK_ECOLI,-0.9023066458283692,0.4016629446110977,27.638420387299192,27.867344596075164,0.4100405223859564,0.15802862038853557,-0.22892420877597175,t-Test,FDR correction BH,0.8560103374020138,False,0,1,0.8532709230731094,0.39613823222956657,Unpaired t-test
541,sp|P0AC69|GLRX4_ECOLI,0.9019299270209723,0.40184770361282374,29.720293821406692,29.501544977880656,0.3687625940951135,0.20120300178099573,0.2187488435260363,t-Test,FDR correction BH,0.8560103374020138,False,0,1,1.1637239259283456,0.3959385091356086,Unpaired t-test
1327,sp|P75884|GFCB_ECOLI,-0.9019231854480371,0.4018510105557907,26.532110119356524,26.852562760891377,0.5095524905310646,0.34506369647456836,-0.3204526415348532,t-Test,FDR correction BH,0.8560103374020138,False,0,1,0.8008185835790278,0.39593493519164874,Unpaired t-test
413,sp|P0A9P0|DLDH_ECOLI,-0.9015098430179246,0.4020538068314397,29.499189695197728,29.720457380951782,0.4174191903543669,0.0805320641277412,-0.22126768575405364,t-Test,FDR correction BH,0.8560103374020138,False,0,1,0.857811352517631,0.3957158214273616,Unpaired t-test
1044,sp|P32680|YJAG_ECOLI,0.9013696905027924,0.40212258683904906,27.75796112993205,27.258277309834476,0.44050422551333124,0.8531722975593592,0.49968382009757306,t-Test,FDR correction BH,0.8560103374020138,False,0,1,1.413903658409334,0.3956415323085117,Unpaired t-test
1200,sp|P52108|RSTA_ECOLI,0.8987184132715726,0.4034253863409794,25.856614773356945,25.523198782288524,0.38175210455273845,0.5168821702483858,0.3334159910684207,t-Test,FDR correction BH,0.8560103374020138,False,0,1,1.2599932378492498,0.3942367764234364,Unpaired t-test
133,sp|P09373|PFLB_ECOLI,-0.8973401315346923,0.4041039166534931,30.928764104649158,31.26382970039824,0.5995282401224007,0.24258101711074304,-0.33506559574908223,t-Test,FDR correction BH,0.8560103374020138,False,0,1,0.792748091510235,0.3935069402706496,Unpaired t-test
424,sp|P0A9T0|SERA_ECOLI,0.8972070047905409,0.4041695009064265,28.026604786132,27.649137703977352,0.5697519495489459,0.45429309399005485,0.37746708215464864,t-Test,FDR correction BH,0.8560103374020138,False,0,1,1.2990591137185328,0.3934364619434092,Unpaired t-test
919,sp|P23836|PHOP_ECOLI,-0.8967866261086603,0.40437665135133566,27.155970162245175,27.441540791321742,0.4628058859649685,0.30003054806902224,-0.2855706290765667,t-Test,FDR correction BH,0.8560103374020138,False,0,1,0.8204170451264057,0.39321392845694086,Unpaired t-test
90,sp|P07012|RF2_ECOLI,-0.8935783402389375,0.40596024876191505,28.564278542490953,28.754513188488573,0.2917622860206924,0.2254823748149549,-0.19023464599762008,t-Test,FDR correction BH,0.858093228919203,False,0,1,0.8764631580633956,0.39151649003991457,Unpaired t-test
1196,sp|P52007|YECM_ECOLI,-0.8913188961509064,0.4070783108833825,25.85745437205769,26.17631575036763,0.5649398408547288,0.25451719428461006,-0.3188613783099399,t-Test,FDR correction BH,0.8584785585187813,False,0,1,0.8017023574570227,0.3903220361973488,Unpaired t-test
556,sp|P0ACE0|MBHM_ECOLI,-0.8907859405399535,0.407342376823377,28.739503141084583,28.86772349563445,0.24686327415566212,0.03486117981619194,-0.12822035454986747,t-Test,FDR correction BH,0.8584785585187813,False,0,1,0.9149594082612836,0.39004040684694513,Unpaired t-test
799,sp|P0AGJ9|SYY_ECOLI,0.8854416145742078,0.4099974989910539,28.40767164692042,28.099207952447593,0.37913875651559675,0.46940860422018266,0.3084636944728274,t-Test,FDR correction BH,0.8608804118272848,False,0,1,1.238388255411418,0.3872187924941604,Unpaired t-test
475,sp|P0AB14|YCCJ_ECOLI,-0.884879256799485,0.4102776403999605,28.021819723207386,28.682833143545892,1.2844904043495258,0.15541891717471443,-0.6610134203385059,t-Test,FDR correction BH,0.8608804118272848,False,0,1,0.6324338880789495,0.38692215087495635,Unpaired t-test
903,sp|P22259|PCKA_ECOLI,0.8833289033874743,0.41105070211821093,28.445947191535613,28.188821501242575,0.45687428485757164,0.2132160152747683,0.2571256902930372,t-Test,FDR correction BH,0.8608804118272848,False,0,1,1.195095319263118,0.3861046056371462,Unpaired t-test
1036,sp|P31979|NUOF_ECOLI,-0.881197501982208,0.4121152806584858,28.26315020547111,28.434088410762932,0.24956327147506202,0.22496118744915686,-0.17093820529182224,t-Test,FDR correction BH,0.8608804118272848,False,0,1,0.8882648419225562,0.3849812821446031,Unpaired t-test
1192,sp|P46859|GNTK_ECOLI,0.8802523686306747,0.412588011364536,28.651954109792293,28.431407522428344,0.11333839994064478,0.4189023937181454,0.22054658736394828,t-Test,FDR correction BH,0.8608804118272848,False,0,1,1.165174947432644,0.38448339554336,Unpaired t-test
241,sp|P0A7G6|RECA_ECOLI,0.8794345230684325,0.4129974041809429,29.240527258507896,29.063013754305558,0.17730626586289042,0.3013175529175566,0.1775135042023379,t-Test,FDR correction BH,0.8608804118272848,False,0,1,1.1309330330016227,0.3840526780129341,Unpaired t-test
83,sp|P06992|RSMA_ECOLI,0.8776685557675431,0.41388244112219447,27.744663401938446,27.349332419123172,0.38450003509123154,0.67884438591922,0.395330982815274,t-Test,FDR correction BH,0.8608804118272848,False,0,1,1.3152444687246254,0.38312299806287126,Unpaired t-test
652,sp|P0AE52|BCP_ECOLI,-0.875383581412166,0.4150296915158308,28.314656845879423,28.705723577748607,0.7280833080422932,0.2619504904397157,-0.3910667318691843,t-Test,FDR correction BH,0.8608804118272848,False,0,1,0.7625655533373739,0.3819208324440038,Unpaired t-test
754,sp|P0AFT2|TCYL_ECOLI,0.8744242222246307,0.41551207931603085,25.45074329898236,24.946907408576745,0.5916417004732786,0.8037103787714621,0.5038358904056146,t-Test,FDR correction BH,0.8608804118272848,False,0,1,1.417978728443239,0.3814163463587056,Unpaired t-test
617,sp|P0ADN0|VIAA_ECOLI,-0.8742700880163831,0.41558962059089183,24.358837525567942,24.577156901667266,0.2789156927517249,0.3305760576424432,-0.2183193760993234,t-Test,FDR correction BH,0.8608804118272848,False,0,1,0.8595661790233565,0.3813353075450601,Unpaired t-test
780,sp|P0AG82|PSTS_ECOLI,-0.8732606740243612,0.4160977002029269,26.225174234769423,26.355242010695143,0.22993271787190447,0.11698182909455532,-0.1300677759257205,t-Test,FDR correction BH,0.8608804118272848,False,0,1,0.9137885206317181,0.38080468457220173,Unpaired t-test
515,sp|P0ABP8|DEOD_ECOLI,-0.8705130259397789,0.4174830540711665,31.659360763059095,31.774915247703817,0.19933404669909308,0.1145775991378421,-0.11555448464472207,t-Test,FDR correction BH,0.8608804118272848,False,0,1,0.9230274866540034,0.37936114813905025,Unpaired t-test
953,sp|P25524|CODA_ECOLI,-0.870379457432028,0.4175504864017036,26.149181527979174,26.48014451051703,0.5808398199100878,0.31048095032463363,-0.33096298253785505,t-Test,FDR correction BH,0.8608804118272848,False,0,1,0.795005649379097,0.37929100607241845,Unpaired t-test
95,sp|P07118|SYV_ECOLI,-0.8702858488450762,0.41759774972575997,29.088272202427866,29.24927330832042,0.27144962218348984,0.17025814887623958,-0.16100110589255223,t-Test,FDR correction BH,0.8608804118272848,False,0,1,0.8944042161800962,0.3792418502460201,Unpaired t-test
265,sp|P0A7U7|RS20_ECOLI,-0.8693684713050579,0.41806114815313933,32.633104307773124,32.750950427864225,0.1605744018122993,0.17129006076126427,-0.11784612009110162,t-Test,FDR correction BH,0.8608804118272848,False,0,1,0.9215624761236668,0.3787601910401578,Unpaired t-test
1178,sp|P45537|YHFK_ECOLI,-0.8669823257833725,0.4192682651126766,24.335258843562723,24.695697808505948,0.7051120954189087,0.14606644714865963,-0.36043896494322425,t-Test,FDR correction BH,0.8608804118272848,False,0,1,0.7789275414109726,0.37750800859102657,Unpaired t-test
420,sp|P0A9R4|FER_ECOLI,-0.8666636783404971,0.4194296604742995,28.703353673151966,28.806328817866167,0.035209291283517435,0.20276433300859667,-0.10297514471420044,t-Test,FDR correction BH,0.8608804118272848,False,0,1,0.9311108612156594,0.377340861126643,Unpaired t-test
281,sp|P0A812|RUVB_ECOLI,-0.8662772544717787,0.4196254467005664,25.57978631386515,25.949058944349662,0.5279953594567601,0.5160938817721078,-0.3692726304845131,t-Test,FDR correction BH,0.8608804118272848,False,0,1,0.7741727162484677,0.3771381834276063,Unpaired t-test
321,sp|P0A8I3|YAAA_ECOLI,-0.8657112973075723,0.4199123182777392,26.66063617808546,26.969712233973354,0.6091844222340588,0.1062247952047504,-0.30907605588789266,t-Test,FDR correction BH,0.8608804118272848,False,0,1,0.807158521661317,0.37684138499154507,Unpaired t-test
1128,sp|P38489|NFSB_ECOLI,0.8644497609757111,0.42055228878969975,28.89058463080831,28.675411335785885,0.30050570130456805,0.30914438727335974,0.21517329502242433,t-Test,FDR correction BH,0.8609589774793424,False,0,1,1.1608433453003517,0.37617999910258754,Unpaired t-test
1372,sp|P77150|PDXY_ECOLI,0.860791827977511,0.42241203406786937,27.813813118915856,27.541328464553946,0.45072717620275177,0.3121841271996502,0.2724846543619108,t-Test,FDR correction BH,0.8631765014765377,False,0,1,1.2078862967997595,0.37426371771187783,Unpaired t-test
551,sp|P0ACB7|HEMY_ECOLI,-0.8599480681941226,0.422841878081798,27.338447729215332,27.526169865689276,0.34228970831844546,0.16060987144267785,-0.1877221364739441,t-Test,FDR correction BH,0.8631765014765377,False,0,1,0.8779908826507425,0.3738220068916439,Unpaired t-test
786,sp|P0AGA2|SECY_ECOLI,0.8550022526724962,0.4253679855664749,28.26225191000169,27.84891198297966,0.7952669436486204,0.26207856821945213,0.4133399270220295,t-Test,FDR correction BH,0.8661840701232785,False,0,1,1.33176536610408,0.37123519947095845,Unpaired t-test
287,sp|P0A836|SUCC_ECOLI,-0.8538789405814589,0.42594327607320526,27.40070545135797,27.567203813387234,0.20382138424662333,0.2692969343399099,-0.16649836202926238,t-Test,FDR correction BH,0.8661840701232785,False,0,1,0.8910026563448395,0.3706482331242077,Unpaired t-test
1053,sp|P33226|TORC_ECOLI,0.8468207637435267,0.42957117508464476,28.601979759064303,28.38640440895511,0.4389280283170261,0.04195450233311598,0.21557535010919437,t-Test,FDR correction BH,0.8661840701232785,False,0,1,1.1611668980947358,0.366964868187636,Unpaired t-test
1027,sp|P31473|RAVA_ECOLI,-0.8464781776553393,0.42974784102062874,26.20333422591049,26.48264225995373,0.549997721851,0.15534763348717076,-0.2793080340432432,t-Test,FDR correction BH,0.8661840701232785,False,0,1,0.823986134477368,0.3667862964563439,Unpaired t-test
1197,sp|P52061|IXTPA_ECOLI,-0.8447997168585017,0.43061416701095134,26.55402700639783,26.845283050205985,0.3886016870198351,0.4534028963976397,-0.2912560438081542,t-Test,FDR correction BH,0.8661840701232785,False,0,1,0.8171902839191377,0.36591168618584713,Unpaired t-test
564,sp|P0ACI6|ASNC_ECOLI,0.8439263776153937,0.4310654420276405,25.269776139979356,24.858721048814207,0.6666702305738536,0.5169871964073783,0.4110550911651494,t-Test,FDR correction BH,0.8661840701232785,False,0,1,1.3296578819081695,0.36545679259098574,Unpaired t-test
217,sp|P0A784|ORN_ECOLI,-0.8412760565538682,0.4324370497992131,27.80751753009165,27.97140478906431,0.23525461766646283,0.24187945362320487,-0.16388725897265743,t-Test,FDR correction BH,0.8661840701232785,False,0,1,0.8926167232857698,0.36407710418671446,Unpaired t-test
332,sp|P0A8N3|SYK1_ECOLI,0.8410388570053614,0.43255996231339855,28.05957015877773,27.699651681817684,0.6576589922293353,0.34190018190078136,0.359918476960047,t-Test,FDR correction BH,0.8661840701232785,False,0,1,1.283353376467551,0.3639536812701508,Unpaired t-test
334,sp|P0A8P3|FETP_ECOLI,0.8403979601491953,0.4328921914613862,27.587414312718224,27.17690728971553,0.7166761992586015,0.44964039559290786,0.4105070230026939,t-Test,FDR correction BH,0.8661840701232785,False,0,1,1.3291528515815256,0.3636202479494142,Unpaired t-test
838,sp|P13024|FDHE_ECOLI,0.8395868093181289,0.43331294501039025,27.99691229022158,27.607145529129063,0.335638959646682,0.7306796868635701,0.38976676109251684,t-Test,FDR correction BH,0.8661840701232785,False,0,1,1.3101815711336744,0.3631983364384999,Unpaired t-test
641,sp|P0ADZ7|YAJC_ECOLI,-0.8388601314505951,0.4336901355716248,30.216261297967964,30.35324923177073,0.24656678523295436,0.13859261629616473,-0.13698793380276442,t-Test,FDR correction BH,0.8661840701232785,False,0,1,0.9094158578054053,0.3628204559133349,Unpaired t-test
290,sp|P0A847|TGT_ECOLI,-0.8387454682656098,0.43374967476375614,26.420899540909623,26.53505852152767,0.21413470198738851,0.09859782372261602,-0.11415898061804697,t-Test,FDR correction BH,0.8661840701232785,False,0,1,0.9239207535719183,0.3627608378457015,Unpaired t-test
351,sp|P0A8X2|YCEI_ECOLI,0.8381007344397624,0.43408456601471174,25.268272120839235,24.97646258254997,0.5330919506021037,0.28195739677936404,0.2918095382892645,t-Test,FDR correction BH,0.8661840701232785,False,0,1,1.224174768629903,0.3624256553356945,Unpaired t-test
576,sp|P0ACR9|MPRA_ECOLI,-0.8379861831105645,0.4341440866853228,29.970144799166224,30.166119874124988,0.24530823105705,0.32233746672906727,-0.19597507495876343,t-Test,FDR correction BH,0.8661840701232785,False,0,1,0.8729826732824857,0.3623661099641713,Unpaired t-test
840,sp|P13033|GLPB_ECOLI,0.8378179715677717,0.434231499924878,26.68010590340038,26.34503672506247,0.45989852667510006,0.5180030735383642,0.3350691783379105,t-Test,FDR correction BH,0.8661840701232785,False,0,1,1.2614378942992612,0.36227867524514484,Unpaired t-test
143,sp|P0A6A3|ACKA_ECOLI,0.8372701231626107,0.4345162854274736,30.121914310264767,29.842869972028872,0.5308342835488925,0.22680197233999821,0.27904433823589514,t-Test,FDR correction BH,0.8661840701232785,False,0,1,1.2133908507234963,0.361993941795877,Unpaired t-test
1015,sp|P30859|ARTI_ECOLI,0.8370989671270112,0.4346052846600377,26.640339535824392,26.22212380921882,0.856589878759513,0.12271159863456146,0.4182157266055704,t-Test,FDR correction BH,0.8661840701232785,False,0,1,1.3362738768699853,0.3619049971026106,Unpaired t-test
1109,sp|P37648|YHJJ_ECOLI,-0.8359255134534671,0.4352158262604106,26.747469220769332,26.899708935165084,0.24497188521425917,0.1987287433133132,-0.15223971439575124,t-Test,FDR correction BH,0.8661945026128618,False,0,1,0.8998524002741225,0.36129532026623257,Unpaired t-test
629,sp|P0ADT8|YGIM_ECOLI,-0.8273159907979287,0.43971446032691525,26.84134276283315,27.001413048718792,0.3290234217123327,0.063630072598273,-0.16007028588564154,t-Test,FDR correction BH,0.8735381303691729,False,0,1,0.8949814677439023,0.35682925205843147,Unpaired t-test
1144,sp|P39315|QOR2_ECOLI,-0.8265306740840723,0.4401264793823716,25.544531962612833,25.90466539706894,0.5584826012904769,0.5075874283668066,-0.360133434456106,t-Test,FDR correction BH,0.8735381303691729,False,0,1,0.7790925182815196,0.3564225021398319,Unpaired t-test
1309,sp|P75728|UBIF_ECOLI,0.8231369856139621,0.4419102110651296,26.8975534368599,26.44220753949718,0.4972098271369057,0.81903524937816,0.45534589736272224,t-Test,FDR correction BH,0.8736916583518789,False,0,1,1.3711115002263115,0.3546659632306343,Unpaired t-test
305,sp|P0A8A8|RIMP_ECOLI,0.8223007679747999,0.44235053262977847,28.20219731718273,27.756574771631247,0.6333498740275019,0.6927517517641463,0.4456225455514833,t-Test,FDR correction BH,0.8736916583518789,False,0,1,1.3619016716654286,0.3542334454626362,Unpaired t-test
1210,sp|P60240|RAPA_ECOLI,-0.822148614767289,0.44243068508294586,26.962389334674125,27.109091390060506,0.29481144149435023,0.09276811686726015,-0.14670205538638115,t-Test,FDR correction BH,0.8736916583518789,False,0,1,0.9033130426196722,0.35415475986777956,Unpaired t-test
888,sp|P21179|CATE_ECOLI,0.821739946880131,0.4426460183823286,25.334935372756135,25.11173459688911,0.15987677797416705,0.44246043425597553,0.22320077586702425,t-Test,FDR correction BH,0.8736916583518789,False,0,1,1.1673205432769802,0.35394343792207483,Unpaired t-test
1228,sp|P60906|SYH_ECOLI,-0.819807982324945,0.4436650265059128,28.576482725039096,28.713033858176225,0.28133100799603544,0.06390882562913643,-0.13655113313712874,t-Test,FDR correction BH,0.8738428396196856,False,0,1,0.9096912407390527,0.3529448047613243,Unpaired t-test
199,sp|P0A6Z3|HTPG_ECOLI,0.8168593458997853,0.44522354163960676,30.101779124534193,29.885926124053007,0.4486097862187632,0.09071607775034964,0.21585300048118583,t-Test,FDR correction BH,0.8738428396196856,False,0,1,1.1613903891564328,0.35142187997553864,Unpaired t-test
274,sp|P0A7Y4|RNH_ECOLI,-0.8143289732266951,0.44656412787586364,25.393773686350215,25.53356247413057,0.2900131825253081,0.06553763793471344,-0.13978878778035408,t-Test,FDR correction BH,0.8738428396196856,False,0,1,0.9076520268953121,0.350116166377157,Unpaired t-test
969,sp|P26612|AMY2_ECOLI,-0.8135728021241915,0.4469653096183013,26.076004186143496,26.19841623556911,0.09067321027974479,0.24432579904891583,-0.12241204942561268,t-Test,FDR correction BH,0.8738428396196856,False,0,1,0.9186504694215107,0.34972618251903753,Unpaired t-test
967,sp|P26459|APPC_ECOLI,0.813106186494,0.44721299898917743,27.263735261287593,27.07243371694987,0.3262118324365936,0.24422391624216913,0.19130154433772262,t-Test,FDR correction BH,0.8738428396196856,False,0,1,1.141793333673179,0.34948558144716313,Unpaired t-test
1234,sp|P61714|RISB_ECOLI,0.8130444734846168,0.4472457649458085,27.48415914109426,27.147874080615463,0.46091087097910005,0.548439753775302,0.33628506047879725,t-Test,FDR correction BH,0.8738428396196856,False,0,1,1.2625014637028615,0.3494537631571776,Unpaired t-test
765,sp|P0AG16|PUR1_ECOLI,-0.8127825700829827,0.4473848393811022,26.3969119552895,26.59570046007915,0.2646279021497438,0.33079729630950844,-0.1987885047896505,t-Test,FDR correction BH,0.8738428396196856,False,0,1,0.8712819103636805,0.3493187370133898,Unpaired t-test
739,sp|P0AFI2|PARC_ECOLI,0.8123627632453777,0.44760782770176766,27.007998690863406,26.687839705411267,0.5135947470842391,0.44964955104083,0.3201589854521387,t-Test,FDR correction BH,0.8738428396196856,False,0,1,1.2484681229051553,0.3491023271974001,Unpaired t-test
358,sp|P0A908|MIPA_ECOLI,-0.8093573733337851,0.4492065317470808,28.03092589651229,28.449819946405288,0.6793694710146172,0.5848708202422523,-0.41889404989299805,t-Test,FDR correction BH,0.8757691375069109,False,0,1,0.7479978093887091,0.34755393744822327,Unpaired t-test
171,sp|P0A6M8|EFG_ECOLI,0.807873937020534,0.449997148992492,31.147537765475803,30.654915988612164,1.020935672018239,0.27049774388460934,0.49262177686363984,t-Test,FDR correction BH,0.8761168982425253,False,0,1,1.40699946193968,0.34679023773743606,Unpaired t-test
1080,sp|P36929|RSMB_ECOLI,-0.8057136153942321,0.4511503055180951,25.735646763059307,25.982961207558922,0.3803869632549145,0.37143256728364227,-0.24731444449961515,t-Test,FDR correction BH,0.8761202336506363,False,0,1,0.8424631893160197,0.3456787441928571,Unpaired t-test
1175,sp|P45475|UBIV_ECOLI,-0.8051380120264551,0.4514579132959238,26.467309702439174,26.74313157123023,0.5567342175773868,0.20524200200118284,-0.27582186879105564,t-Test,FDR correction BH,0.8761202336506363,False,0,1,0.8259796432924082,0.3453827301240975,Unpaired t-test
21,sp|P00956|SYI_ECOLI,-0.8044316737174053,0.4518355921971835,29.413982907963465,29.544929367296078,0.25932570921214654,0.11065018148529585,-0.13094645933261262,t-Test,FDR correction BH,0.8761202336506363,False,0,1,0.9132321408549213,0.3450195616272378,Unpaired t-test
926,sp|P23882|FMT_ECOLI,-0.8009521822258721,0.4536993744743797,27.495778946002186,27.675307171496947,0.36786923431922275,0.12406914314997712,-0.1795282254947601,t-Test,FDR correction BH,0.8779362870698851,False,0,1,0.8829916954642761,0.34323181950522524,Unpaired t-test
101,sp|P07658|FDHF_ECOLI,0.8003933961640015,0.45399919806548916,28.578264592421398,28.36900862042304,0.44164705461105874,0.10001349851772351,0.20925597199835977,t-Test,FDR correction BH,0.8779362870698851,False,0,1,1.156091809415269,0.3429449142707386,Unpaired t-test
962,sp|P25738|MSYB_ECOLI,-0.7978245490118142,0.45537936368530296,25.970001051769096,26.544401871087338,1.2364553668948475,0.1618648347945707,-0.5744008193182424,t-Test,FDR correction BH,0.8794168278457065,False,0,1,0.6715651081681581,0.3416266540912459,Unpaired t-test
566,sp|P0ACJ8|CRP_ECOLI,-0.7959855809803518,0.45636922131290725,29.491446804214398,29.612245266151483,0.16108464491473926,0.207712964311969,-0.12079846193708477,t-Test,FDR correction BH,0.880140641103464,False,0,1,0.9196785121648462,0.34068365317737026,Unpaired t-test
437,sp|P0AA10|RL13_ECOLI,0.794253285380402,0.4573030601881872,32.126965110914156,31.72635553399685,0.7224021091198353,0.49127221207105765,0.4006095769173079,t-Test,FDR correction BH,0.8802177620537661,False,0,1,1.3200655556621939,0.3397958923905919,Unpaired t-test
998,sp|P28903|NRDD_ECOLI,0.7936299387824313,0.45763942345772324,28.572434745170654,28.33508701187908,0.400146028427028,0.3289446421034131,0.23734773329157477,t-Test,FDR correction BH,0.8802177620537661,False,0,1,1.1788235058151375,0.3394765702013468,Unpaired t-test
162,sp|P0A6I0|KCY_ECOLI,-0.7903718617391473,0.459400369571747,28.477505352897076,28.633380718771583,0.30710729588184144,0.14956483545195842,-0.15587536587450757,t-Test,FDR correction BH,0.8807218307881158,False,0,1,0.8975875897237161,0.3378086597659256,Unpaired t-test
390,sp|P0A9D8|DAPD_ECOLI,-0.7903585509096807,0.4594075737363549,30.06760387488569,30.27005419398288,0.34896319690251515,0.27397647451169854,-0.20245031909718847,t-Test,FDR correction BH,0.8807218307881158,False,0,1,0.8690732474740165,0.3378018493569413,Unpaired t-test
122,sp|P09029|PURK_ECOLI,0.7881277563650608,0.46061606857300186,26.01197741324192,25.90003379280401,0.18662983009355621,0.16029091933122408,0.11194362043790917,t-Test,FDR correction BH,0.8807218307881158,False,0,1,1.0806831688350858,0.336660915762011,Unpaired t-test
669,sp|P0AEE1|DCRB_ECOLI,0.7870079571671105,0.4612235483042839,28.991869005942384,28.749739418502887,0.27676383541618305,0.45537106008864303,0.24212958743949642,t-Test,FDR correction BH,0.8807218307881158,False,0,1,1.182737232678537,0.33608852740177236,Unpaired t-test
168,sp|P0A6L0|DEOC_ECOLI,0.7840316450841561,0.4628409205697943,29.040955952256216,28.854415620654446,0.2744852405796488,0.30737931895183646,0.18654033160176908,t-Test,FDR correction BH,0.8807218307881158,False,0,1,1.1380313741892987,0.3345682512932638,Unpaired t-test
497,sp|P0ABD5|ACCA_ECOLI,-0.7835612713716354,0.4630968946413414,28.68840657876896,28.873629861920275,0.35116906837652856,0.21051359895290708,-0.1852232831513163,t-Test,FDR correction BH,0.8807218307881158,False,0,1,0.8795129448525428,0.3343281312165396,Unpaired t-test
794,sp|P0AGE6|CHRR_ECOLI,-0.7833387041560226,0.4632180489654779,28.154605598375515,28.309373936855984,0.3061473932222562,0.15291078802617777,-0.15476833848046923,t-Test,FDR correction BH,0.8807218307881158,False,0,1,0.8982766025444853,0.3342145269719047,Unpaired t-test
1414,sp|Q46829|BGLA_ECOLI,-0.7830895711280105,0.4633536908940996,27.64402211597815,27.82305839931823,0.3511791838143396,0.18299073658113088,-0.17903628334008204,t-Test,FDR correction BH,0.8807218307881158,False,0,1,0.8832928366567875,0.33408737320927245,Unpaired t-test
385,sp|P0A9C3|GALM_ECOLI,-0.7801792117023314,0.4649403277394084,27.952338236484202,28.289708015182924,0.6591826182096844,0.35560514889346323,-0.3373697786987222,t-Test,FDR correction BH,0.8807218307881158,False,0,1,0.791482974028686,0.332602782586313,Unpaired t-test
646,sp|P0AE18|MAP1_ECOLI,-0.7770012471725309,0.4666772180469928,27.44487462019934,27.767453347954667,0.7050862286494135,0.14115002089886527,-0.32257872775532803,t-Test,FDR correction BH,0.8807218307881158,False,0,1,0.7996392938721127,0.33098339971046326,Unpaired t-test
667,sp|P0AED7|DAPE_ECOLI,-0.7762422047686082,0.46709274001641543,26.658709080822653,26.791129394802667,0.239941301090914,0.17243126449059762,-0.1324203139800133,t-Test,FDR correction BH,0.8807218307881158,False,0,1,0.9122996609406657,0.33059688286274724,Unpaired t-test
1122,sp|P37767|YFHH_ECOLI,0.7756124250769624,0.4674376968901617,26.964623272139466,26.74394526283994,0.10128447917159741,0.4822841723482516,0.22067800929952597,t-Test,FDR correction BH,0.8807218307881158,False,0,1,1.1652810935809277,0.330276266502594,Unpaired t-test
830,sp|P11447|ARLY_ECOLI,-0.7749006529756647,0.46782777959081234,25.97477100066346,26.340064006817975,0.6764406491788898,0.45727408441950895,-0.3652930061545163,t-Test,FDR correction BH,0.8807218307881158,False,0,1,0.776311192988531,0.3299139933759533,Unpaired t-test
0,sp|P00350|6PGD_ECOLI,0.7743193316747589,0.46814653879273493,27.649904587362883,27.42305834240601,0.425044323135575,0.27716017365203444,0.22684624495687444,t-Test,FDR correction BH,0.8807218307881158,False,0,1,1.1702739130326738,0.3296181831916695,Unpaired t-test
749,sp|P0AFM6|PSPA_ECOLI,0.7732707171595655,0.4687219164698929,27.907159950764473,27.736137146436278,0.18028235880530805,0.33800035155017405,0.17102280432819583,t-Test,FDR correction BH,0.8807218307881158,False,0,1,1.1258563821330048,0.32908473929095244,Unpaired t-test
469,sp|P0AAT6|IOJAP_ECOLI,0.7729008492723232,0.46892498214311196,27.182783720657042,26.51409618823908,0.7950151754364881,1.270231265695697,0.6686875324179624,t-Test,FDR correction BH,0.8807218307881158,False,0,1,1.5896261737991237,0.32889662945375847,Unpaired t-test
180,sp|P0A6R0|FABH_ECOLI,0.7723245518818426,0.4692415049592509,27.810319175120835,27.294881567905584,0.867056388402938,0.764473887902888,0.5154376072152509,t-Test,FDR correction BH,0.8807218307881158,False,0,1,1.429427656859188,0.3286035810032943,Unpaired t-test
181,sp|P0A6R3|FIS_ECOLI,0.7720466808086175,0.46939417496895763,30.278529039210397,30.022006225599984,0.5509554041229398,0.16626766495465725,0.2565228136104132,t-Test,FDR correction BH,0.8807218307881158,False,0,1,1.1945960144474896,0.3284623041591037,Unpaired t-test
1331,sp|P75931|YCEM_ECOLI,0.7716808637029665,0.46959521795341186,25.32976987830951,25.04330096395219,0.1849623963119291,0.6158066088179172,0.286468914357318,t-Test,FDR correction BH,0.8807218307881158,False,0,1,1.2196514489024024,0.32827633430520314,Unpaired t-test
134,sp|P09391|GLPG_ECOLI,-0.7689772913150021,0.4710828941964851,25.666822660870277,25.821940590855856,0.2914399386067638,0.19270539962906486,-0.15511792998557894,t-Test,FDR correction BH,0.8823555256481284,False,0,1,0.8980589599962961,0.32690266543052515,Unpaired t-test
206,sp|P0A725|LPXC_ECOLI,0.7641825486345972,0.4737293499461671,26.03756776461123,25.848584964762402,0.3705269190013058,0.2149012723827559,0.1889827998488265,t-Test,FDR correction BH,0.8848530882113922,False,0,1,1.1399596817437558,0.3244697076832731,Unpaired t-test
1421,sp|Q46868|UBIK_ECOLI,0.7636412252716666,0.4740287822722261,29.292030148153145,28.934308174275568,0.47773746002524187,0.6558063230675687,0.3577219738775774,t-Test,FDR correction BH,0.8848530882113922,False,0,1,1.2814009577120509,0.3241952878564903,Unpaired t-test
645,sp|P0AE12|AMN_ECOLI,-0.7630016155296745,0.4743827512503267,26.22163785333455,26.435828174129295,0.4425333338149819,0.2014361523850109,-0.21419032079474576,t-Test,FDR correction BH,0.8848530882113922,False,0,1,0.8620298182648856,0.3238711104806188,Unpaired t-test
141,sp|P0A698|UVRA_ECOLI,-0.7620861403978533,0.4748897077193216,27.04097666061572,27.14303808805876,0.16583741109210282,0.16218711070725225,-0.10206142744304003,t-Test,FDR correction BH,0.8848530882113922,False,0,1,0.9317007582640658,0.3234072427766726,Unpaired t-test
610,sp|P0ADF6|EDD_ECOLI,0.7556390820899167,0.47847050401916735,27.90610562614879,27.6587940482192,0.49044478651893425,0.2842818121510856,0.24731157792959024,t-Test,FDR correction BH,0.8901994302380953,False,0,1,1.186993124125605,0.3201448297503543,Unpaired t-test
1332,sp|P75949|NAGZ_ECOLI,-0.7539013794369642,0.47943884019582184,25.2199068342415,25.33842089477811,0.2122832205938707,0.17050604007699396,-0.11851406053661151,t-Test,FDR correction BH,0.8901994302380953,False,0,1,0.9211359089270723,0.3192667859063569,Unpaired t-test
816,sp|P0C960|EMTA_ECOLI,0.753567105942042,0.4796252695412798,26.342532917881652,25.94895744304075,0.12462527728647896,0.8959954855952745,0.39357547484090105,t-Test,FDR correction BH,0.8901994302380953,False,0,1,1.3136450191668547,0.3190979437274139,Unpaired t-test
72,sp|P06715|GSHR_ECOLI,0.7467185982862483,0.48345579646170456,28.1491336721406,27.966353121587133,0.0656985935005937,0.4188472571974605,0.18278055055346698,t-Test,FDR correction BH,0.895964212447537,False,0,1,1.1350694327340594,0.3156432283656039,Unpaired t-test
1117,sp|P37666|GHRB_ECOLI,-0.7433958268136261,0.4853218557761033,28.2555246817872,28.40045273729195,0.31874691344481293,0.11145265611854176,-0.1449280555047494,t-Test,FDR correction BH,0.895964212447537,False,0,1,0.9044244783886047,0.31397015041306725,Unpaired t-test
1279,sp|P67910|HLDD_ECOLI,-0.7422350757868832,0.48597489268854954,29.958854477270844,30.08433512585754,0.2568130497273169,0.1406723266531495,-0.12548064858669505,t-Test,FDR correction BH,0.895964212447537,False,0,1,0.9166985848286974,0.31338616746298176,Unpaired t-test
611,sp|P0ADG4|SUHB_ECOLI,-0.741071015850704,0.48663039523345475,28.99835856827844,29.135909443704325,0.23850838897490506,0.21556435894581683,-0.13755087542588385,t-Test,FDR correction BH,0.895964212447537,False,0,1,0.9090610716890424,0.3128007682578476,Unpaired t-test
742,sp|P0AFJ1|YJDM_ECOLI,-0.7403511132703433,0.48703608761601347,27.86093120263328,28.458544174936954,0.9525937161027578,1.0233723153401162,-0.597612972303672,t-Test,FDR correction BH,0.895964212447537,False,0,1,0.6608464624529726,0.3124388579396945,Unpaired t-test
663,sp|P0AEC0|YOAE_ECOLI,-0.7402609005618118,0.4870869421991102,24.937854916427035,25.29059832267736,0.7458639937508131,0.35338187441370816,-0.3527434062503261,t-Test,FDR correction BH,0.895964212447537,False,0,1,0.7830935627265372,0.3123935128155932,Unpaired t-test
91,sp|P07021|YFIB_ECOLI,-0.738752248432306,0.4879379354542699,25.242940473579235,25.5594846941307,0.7030711612707354,0.23767414758659924,-0.3165442205514637,t-Test,FDR correction BH,0.895964212447537,False,0,1,0.8029910313732642,0.3116354157102413,Unpaired t-test
990,sp|P27836|WECG_ECOLI,0.7381773483417658,0.4882624894215768,26.326430200077716,26.025572256864322,0.6741626830834616,0.20938310135598603,0.3008579432133942,t-Test,FDR correction BH,0.895964212447537,False,0,1,1.2318767691740495,0.3113466389412854,Unpaired t-test
782,sp|P0AG90|SECD_ECOLI,0.7379936289517294,0.4883662373927874,28.763754111578304,28.623211690161668,0.2985891964784037,0.14016059434034572,0.14054242141663664,t-Test,FDR correction BH,0.895964212447537,False,0,1,1.1023194857132737,0.31125436811136237,Unpaired t-test
583,sp|P0ACY1|YDJA_ECOLI,-0.734097794501867,0.49056979065968975,28.207252004002527,28.53354301835882,0.6100835830633502,0.46955577243180213,-0.3262910143562934,t-Test,FDR correction BH,0.8987131434670332,False,0,1,0.7975843382340301,0.3092991992069837,Unpaired t-test
631,sp|P0ADU5|YGIW_ECOLI,-0.7321283890744646,0.4916862931234708,27.40911819575865,27.608327474560923,0.40552837806317793,0.24011579754990459,-0.19920927880227168,t-Test,FDR correction BH,0.8987131434670332,False,0,1,0.8710278307990313,0.3083118984900179,Unpaired t-test
795,sp|P0AGE9|SUCD_ECOLI,-0.7320183969516818,0.49174870114233893,27.295627134184564,27.60693287171387,0.7053090411121093,0.2123766225844524,-0.311305737529306,t-Test,FDR correction BH,0.8987131434670332,False,0,1,0.8059120236269788,0.3082567785107303,Unpaired t-test
157,sp|P0A6G3|PNCC_ECOLI,-0.7284769581700552,0.49376093991212033,26.716265704387983,26.984735022668733,0.6117598595623788,0.18222020365391733,-0.2684693182807507,t-Test,FDR correction BH,0.90026573351293,False,0,1,0.8301999106124088,0.30648326890303856,Unpaired t-test
778,sp|P0AG67|RS1_ECOLI,-0.7277856044822719,0.4941544160471115,29.78819090122071,30.18159953335944,0.8953230942175648,0.27385733714179517,-0.3934086321387298,t-Test,FDR correction BH,0.90026573351293,False,0,1,0.7613286988826131,0.3061373191773003,Unpaired t-test
452,sp|P0AAH0|PSTB_ECOLI,0.7272040228159957,0.4944855810909595,26.227399252853356,25.94369989797662,0.49136587849027225,0.4638410642312284,0.2836993548767346,t-Test,FDR correction BH,0.90026573351293,False,0,1,1.2173123149094773,0.305846367654121,Unpaired t-test
428,sp|P0A9W0|ULAR_ECOLI,-0.7243718113713167,0.49610044904403316,24.756116294341506,25.13948268034756,0.7064411741996827,0.5841447905336736,-0.38336638600605255,t-Test,FDR correction BH,0.9018857340020728,False,0,1,0.7666466079785227,0.304430379863114,Unpaired t-test
632,sp|P0ADU7|YQIB_ECOLI,-0.7222079755249602,0.49733662113346533,24.60201360998624,24.721166895205144,0.07833486098430903,0.27481544598773355,-0.11915328521890345,t-Test,FDR correction BH,0.9018857340020728,False,0,1,0.9207278653928068,0.3033495605332768,Unpaired t-test
1351,sp|P76272|YEBT_ECOLI,-0.7210041635117894,0.4980252422676945,25.146512314776352,25.292298536530872,0.3098312460462482,0.16327197867561846,-0.14578622175451983,t-Test,FDR correction BH,0.9018857340020728,False,0,1,0.9038866545611005,0.3027486445901857,Unpaired t-test
813,sp|P0C0R7|RLME_ECOLI,-0.7201847367455928,0.4984943493149655,28.055008509437076,28.169325522500593,0.19157232304806424,0.19720153990513484,-0.11431701306351627,t-Test,FDR correction BH,0.9018857340020728,False,0,1,0.9238195530719223,0.30233976027156,Unpaired t-test
529,sp|P0AC19|FOLX_ECOLI,-0.7200778262281086,0.49855557559058605,26.6316084458373,26.94832265313205,0.6399546021441882,0.4133014701512953,-0.31671420729474775,t-Test,FDR correction BH,0.9018857340020728,False,0,1,0.8028964238607466,0.3022864224536259,Unpaired t-test
815,sp|P0C0V0|DEGP_ECOLI,-0.7190283178410142,0.4991568842275623,28.30454543220828,28.56544604896566,0.46570638765489814,0.422020776813706,-0.2609006167573824,t-Test,FDR correction BH,0.9018857340020728,False,0,1,0.8345667701552973,0.3017629348455311,Unpaired t-test
454,sp|P0AAI5|FABF_ECOLI,-0.7165062062240781,0.5006039042081563,27.86645931987847,28.32270481724164,1.06593440299424,0.2831779780497397,-0.4562454973631702,t-Test,FDR correction BH,0.9025894353796425,False,0,1,0.7288806482924602,0.30050576765339176,Unpaired t-test
571,sp|P0ACN4|ALLR_ECOLI,-0.7161511551290044,0.5008078348647352,26.793436310128023,27.050085649355623,0.4482593572480364,0.42936869262994415,-0.25664933922760014,t-Test,FDR correction BH,0.9025894353796425,False,0,1,0.8370296659940349,0.30032888544478203,Unpaired t-test
866,sp|P16528|ICLR_ECOLI,-0.7149429489666763,0.5015022096142447,25.56676527082371,25.82959802194677,0.5103445666339411,0.38078675308991866,-0.26283275112306015,t-Test,FDR correction BH,0.9027039773056404,False,0,1,0.8334498218028059,0.29972714914174936,Unpaired t-test
215,sp|P0A763|NDK_ECOLI,0.7124095761449761,0.5029602722861435,26.884366141329934,26.521627838750636,0.7323868676651144,0.4912991194194183,0.36273830257929873,t-Test,FDR correction BH,0.9041911427656676,False,0,1,1.2858642131547597,0.29846631754506153,Unpaired t-test
554,sp|P0ACD4|ISCU_ECOLI,-0.7066340507816559,0.5062949182515868,29.944644840842905,30.046834492623777,0.22041777514339464,0.11897989261199057,-0.10218965178087203,t-Test,FDR correction BH,0.9072598498485432,False,0,1,0.9316179539287378,0.2955964316618853,Unpaired t-test
465,sp|P0AAR3|YBAK_ECOLI,0.7050006504114429,0.5072406696967171,27.697672861215537,27.20543235707853,0.8731972381411751,0.836678002650948,0.4922405041370084,t-Test,FDR correction BH,0.9072598498485432,False,0,1,1.4066276719035335,0.2947859327352229,Unpaired t-test
615,sp|P0ADK8|YIBL_ECOLI,0.7042061921494555,0.5077010916416631,27.280310301880746,26.98676522084324,0.6218564129132366,0.3668443195572379,0.2935450810375073,t-Test,FDR correction BH,0.9072598498485432,False,0,1,1.2256483205808344,0.2943919027891298,Unpaired t-test
918,sp|P23830|PSS_ECOLI,-0.7040198974280418,0.5078090974529261,26.249550980253087,26.440312764785737,0.4100593188389153,0.2282774564910019,-0.19076178453265058,t-Test,FDR correction BH,0.9072598498485432,False,0,1,0.8761429704317072,0.2942995229616784,Unpaired t-test
378,sp|P0A996|GLPC_ECOLI,-0.7039713004421645,0.5078372744435242,27.377218682095894,27.55668113782618,0.3121261877789257,0.31231890439329185,-0.17946245573028463,t-Test,FDR correction BH,0.9072598498485432,False,0,1,0.8830319503192279,0.2942754257721936,Unpaired t-test
664,sp|P0AEC3|ARCB_ECOLI,-0.7025889075621704,0.5086392338602079,25.444845833304427,25.61860864924736,0.30954229634180463,0.2961114715589825,-0.17376281594293275,t-Test,FDR correction BH,0.9073850535301847,False,0,1,0.8865274353929161,0.2935901435865346,Unpaired t-test
1135,sp|P39173|YEAD_ECOLI,0.7003661274612879,0.509930483306791,28.999248212672505,28.456595933823294,1.1442617590161706,0.7011898837903302,0.5426522788492107,t-Test,FDR correction BH,0.9073850535301847,False,0,1,1.4566479874681482,0.2924890254198174,Unpaired t-test
909,sp|P22939|ISPA_ECOLI,-0.7000953262847546,0.510087944473816,26.119071992354353,26.57109500190261,0.640218256156507,0.9169231754811797,-0.452023009548256,t-Test,FDR correction BH,0.9073850535301847,False,0,1,0.7310170651133117,0.2923549405550077,Unpaired t-test
1263,sp|P64490|YOAC_ECOLI,-0.6987039537931319,0.5108974853245284,26.512267868853463,26.657768897296926,0.16446862901910905,0.3210093135136485,-0.14550102844346213,t-Test,FDR correction BH,0.9073850535301847,False,0,1,0.9040653533862463,0.2916662349422596,Unpaired t-test
1267,sp|P64599|UBIT_ECOLI,-0.6967158627796716,0.5120556883348075,26.128021041676664,26.604907872112072,1.0146480183739113,0.6132052520257165,-0.4768868304354079,t-Test,FDR correction BH,0.9073850535301847,False,0,1,0.7185264495499917,0.2906828049981048,Unpaired t-test
1072,sp|P36566|CMOM_ECOLI,0.6964626089666529,0.5122033509775068,26.26027658245909,26.044313135688547,0.2627762622254452,0.46841114214598994,0.2159634467705409,t-Test,FDR correction BH,0.9073850535301847,False,0,1,1.1614793034213342,0.29055758458238873,Unpaired t-test
328,sp|P0A8M0|SYN_ECOLI,-0.6953506896598379,0.5128520013992663,30.031474731872564,30.141380636262074,0.24738594921596452,0.11724935552083021,-0.10990590438951031,t-Test,FDR correction BH,0.9073850535301847,False,0,1,0.9266484978870542,0.2900079453150022,Unpaired t-test
51,sp|P04993|RECD_ECOLI,0.6951312299553907,0.5129800896617187,25.226541851090285,25.073361200565753,0.31873764527245496,0.20996384813840985,0.15318065052453278,t-Test,FDR correction BH,0.9073850535301847,False,0,1,1.112018392853429,0.2898994908684052,Unpaired t-test
33,sp|P02925|RBSB_ECOLI,-0.6931579979197932,0.5141327194682306,26.450875881369512,26.59792089440166,0.33120236280902177,0.1590985040439727,-0.14704501303214812,t-Test,FDR correction BH,0.9083011377272073,False,0,1,0.9030983324515476,0.28892475670029855,Unpaired t-test
1335,sp|P76007|NHAP2_ECOLI,-0.6908359814843803,0.5154912682335206,25.100430732412704,25.268972905010934,0.4047709395163492,0.1213353904796955,-0.16854217259822946,t-Test,FDR correction BH,0.908683360883874,False,0,1,0.889741300823247,0.28777868671434675,Unpaired t-test
1220,sp|P60624|RL24_ECOLI,-0.6906177514741277,0.5156190699075511,30.322404627311464,30.971394298728818,1.4157403737383465,0.8030687894132051,-0.648989671417354,t-Test,FDR correction BH,0.908683360883874,False,0,1,0.6377267614541778,0.287671028862339,Unpaired t-test
658,sp|P0AE88|CPXR_ECOLI,-0.689059553603297,0.5165321995849854,27.51465604210724,27.82331574371809,0.5626323266414388,0.5342329277308473,-0.3086597016108499,t-Test,FDR correction BH,0.9091729121846422,False,0,1,0.8073914970241142,0.28690260025046094,Unpaired t-test
498,sp|P0ABD8|BCCP_ECOLI,-0.6826255876766283,0.5203138313483439,27.406330206403066,28.67203870003633,1.2332676254424042,2.965293446674473,-1.2657084936332659,t-Test,FDR correction BH,0.9137508193070002,False,0,1,0.4158950751329215,0.28373462922903975,Unpaired t-test
455,sp|P0AAI9|FABD_ECOLI,0.6809885329516364,0.5212789063424538,28.253907199828078,27.89946257060791,0.7392956233057929,0.5159043717467839,0.3544446292201684,t-Test,FDR correction BH,0.9137508193070002,False,0,1,1.278493325812054,0.28292984853244957,Unpaired t-test
688,sp|P0AES0|GSP_ECOLI,-0.6787982053527355,0.522571969528528,27.83226336035161,27.895817568708267,0.140654655710419,0.08071318612467196,-0.06355420835665626,t-Test,FDR correction BH,0.9137508193070002,False,0,1,0.9569037949406665,0.2818538892997933,Unpaired t-test
301,sp|P0A894|RAPZ_ECOLI,0.6784661980005519,0.5227681525697694,26.095783189927253,25.694995757132496,0.7831726439407932,0.6584157014395172,0.4007874327947576,t-Test,FDR correction BH,0.9137508193070002,False,0,1,1.3202283037715277,0.28169087783308827,Unpaired t-test
249,sp|P0A7K6|RL19_ECOLI,-0.6781957931908925,0.5229279700730098,30.267867176671075,30.87184064797378,1.2745432028361074,0.8688074817046391,-0.6039734713027052,t-Test,FDR correction BH,0.9137508193070002,False,0,1,0.6579393607841798,0.2815581282535376,Unpaired t-test
322,sp|P0A8I5|TRMB_ECOLI,-0.678134322788831,0.522964305389541,26.52170288853577,27.052014896570537,1.1136837966101576,0.7709450607463796,-0.5303120080347661,t-Test,FDR correction BH,0.9137508193070002,False,0,1,0.692404973176499,0.2815279526267656,Unpaired t-test
250,sp|P0A7L0|RL1_ECOLI,0.6748977469004124,0.5248797709452854,32.175217685355626,31.739831920796565,0.7162324715772038,0.8576281250238008,0.4353857645590615,t-Test,FDR correction BH,0.914944942870009,False,0,1,1.3522723709850524,0.2799401647744963,Unpaired t-test
163,sp|P0A6I3|COAA_ECOLI,0.6737912736758123,0.5255356445668817,26.284917508914063,26.107160666927633,0.3476755718111524,0.29650996984693356,0.1777568419864295,t-Test,FDR correction BH,0.914944942870009,False,0,1,1.1311238023190775,0.27939782252114437,Unpaired t-test
1295,sp|P69739|MBHS_ECOLI,-0.6737403242256625,0.5255658581685168,28.50594375918737,28.61141908422779,0.1720967627046237,0.20954281784555512,-0.10547532504041968,t-Test,FDR correction BH,0.914944942870009,False,0,1,0.9294986500418669,0.2793728551884216,Unpaired t-test
673,sp|P0AEG6|DSBC_ECOLI,-0.6708805634716462,0.5272635313817045,28.556759203635764,28.663815039483946,0.23728039292091851,0.1417415140823286,-0.10705583584818257,t-Test,FDR correction BH,0.9151930067697219,False,0,1,0.9284809171150991,0.27797226596685576,Unpaired t-test
920,sp|P23837|PHOQ_ECOLI,0.6706292599868191,0.5274128848235449,25.457415586138698,25.249490281564853,0.3197533145409285,0.43144139615335314,0.20792530457384473,t-Test,FDR correction BH,0.9151930067697219,False,0,1,1.1550259816229884,0.2778492644944013,Unpaired t-test
369,sp|P0A951|ATDA_ECOLI,-0.6698291939180133,0.5278885580539261,26.972104366861398,27.232494995324714,0.5474657499035761,0.3919717977581821,-0.2603906284633162,t-Test,FDR correction BH,0.9151930067697219,False,0,1,0.8348618391114903,0.27745775119831223,Unpaired t-test
130,sp|P09169|OMPT_ECOLI,0.6691937672552943,0.5282665433904894,26.88701158713767,26.427362638504395,0.8547992837463397,0.8274589427262853,0.45964894863327643,t-Test,FDR correction BH,0.9151930067697219,False,0,1,1.3752071479038623,0.27714689353603533,Unpaired t-test
1104,sp|P37634|RLMJ_ECOLI,-0.6664954679645104,0.5298735777382797,26.98397069260088,27.160384507204412,0.33871322143030197,0.30895576858756485,-0.17641381460353145,t-Test,FDR correction BH,0.9163484456065126,False,0,1,0.8848999084168986,0.27582773613496747,Unpaired t-test
1172,sp|P43672|UUP_ECOLI,-0.6654564578593587,0.530493222401911,26.31981710966794,26.46105479092048,0.24438537783354436,0.27461890196561556,-0.14123768125253733,t-Test,FDR correction BH,0.9163484456065126,False,0,1,0.9067409327902525,0.2753201602871523,Unpaired t-test
203,sp|P0A717|KPRS_ECOLI,0.6648509493318325,0.5308545502500343,30.401392087696337,30.28217891200226,0.21483246451391352,0.22427933685853077,0.11921317569407819,t-Test,FDR correction BH,0.9163484456065126,False,0,1,1.0861423351720094,0.2750244557109448,Unpaired t-test
137,sp|P09549|DEDD_ECOLI,0.6532618786010657,0.5378005529923484,26.349244662580823,26.161350395711253,0.437631004536376,0.23804001278316703,0.18789426686957,t-Test,FDR correction BH,0.9246107444379273,False,0,1,1.1390998911023769,0.2693787555500508,Unpaired t-test
719,sp|P0AF93|RIDA_ECOLI,0.6531061164420471,0.5378943029043468,31.853096468675407,31.668893816886026,0.39123442174337775,0.2925352520656018,0.18420265178938067,t-Test,FDR correction BH,0.9246107444379273,False,0,1,1.1361888512042106,0.269303055514228,Unpaired t-test
1249,sp|P63224|GMHA_ECOLI,-0.650940878155318,0.5391985890121986,29.351879629298516,29.489457755449468,0.253583355045732,0.264017803819512,-0.13757812615095233,t-Test,FDR correction BH,0.9246107444379273,False,0,1,0.9090439008118488,0.2682512529434672,Unpaired t-test
22,sp|P00957|SYA_ECOLI,-0.6505753368589537,0.5394189799363732,29.593265861396866,29.725541830493825,0.33999590732558943,0.09176987311005437,-0.13227596909695905,t-Test,FDR correction BH,0.9246107444379273,False,0,1,0.9123909431396654,0.2680737765768326,Unpaired t-test
146,sp|P0A6B4|ALR1_ECOLI,-0.6486327557650393,0.540591152489083,26.658157257559935,27.00598235346476,0.3952883733402185,0.8404869776514656,-0.3478250959048239,t-Test,FDR correction BH,0.9246107444379273,False,0,1,0.7857677728838425,0.2671310664001734,Unpaired t-test
1155,sp|P39830|YBAL_ECOLI,-0.6405851550164179,0.5454642962541724,25.044688956697573,25.21747355792691,0.3752984328040647,0.27823157985341834,-0.1727846012293348,t-Test,FDR correction BH,0.9246107444379273,False,0,1,0.8871287462930518,0.2632336711934417,Unpaired t-test
1067,sp|P33913|YEJA_ECOLI,0.6390004077153155,0.5464271707174498,24.801505682576533,24.64803051215665,0.38091929068141817,0.16721216933468672,0.15347517041988112,t-Test,FDR correction BH,0.9246107444379273,False,0,1,1.1122454297279631,0.2624677137934397,Unpaired t-test
409,sp|P0A9M5|XGPT_ECOLI,0.6367610030990563,0.5477896242126985,30.229770152832216,30.144654302810643,0.13508435717539896,0.18802986898993881,0.08511585002157318,t-Test,FDR correction BH,0.9246107444379273,False,0,1,1.0607729191972783,0.26138619805841024,Unpaired t-test
71,sp|P06709|BIRA_ECOLI,-0.6361132179903041,0.5481841329477402,25.1816775653911,25.33093341409998,0.2301019872169676,0.33498802404800776,-0.1492558487088793,t-Test,FDR correction BH,0.9246107444379273,False,0,1,0.9017154532520826,0.2610735391594688,Unpaired t-test
1074,sp|P36659|CBPA_ECOLI,-0.6356465676666588,0.5484684385998773,29.11672151780175,29.33333256835521,0.3916178068028045,0.44160362826860305,-0.21661105055346042,t-Test,FDR correction BH,0.9246107444379273,False,0,1,0.8605846122725406,0.26084835867502604,Unpaired t-test
365,sp|P0A935|MLTA_ECOLI,0.6330855733679642,0.5500303591633563,26.224527204448115,25.85354128731349,0.9569921029901782,0.3381445494495365,0.37098591713462525,t-Test,FDR correction BH,0.9246107444379273,False,0,1,1.2932363079016849,0.2596133387725865,Unpaired t-test
286,sp|P0A832|SSRP_ECOLI,-0.6330092144861557,0.5500769721352288,28.38394093445675,28.55603561604967,0.38368475401107505,0.272987084691909,-0.1720946815929203,t-Test,FDR correction BH,0.9246107444379273,False,0,1,0.8875530867763096,0.2595765355336561,Unpaired t-test
432,sp|P0A9X4|MREB_ECOLI,0.6320760279123883,0.5506468311506127,29.007962596347596,28.804208211068016,0.4424396576992179,0.3405730909462563,0.20375438527958067,t-Test,FDR correction BH,0.9246107444379273,False,0,1,1.1516915534522802,0.25912685570077465,Unpaired t-test
418,sp|P0A9Q7|ADHE_ECOLI,0.6317475877514933,0.5508474836875372,31.624610356402968,31.429753276352322,0.4988146441822634,0.1912907564632692,0.19485708005064595,t-Test,FDR correction BH,0.9246107444379273,False,0,1,1.1446107646203159,0.25896863011693605,Unpaired t-test
872,sp|P17952|MURC_ECOLI,-0.6312659200071971,0.5511418292707486,27.148799235697016,27.336135824473995,0.49046036371226087,0.15379885646656313,-0.18733658877697934,t-Test,FDR correction BH,0.9246107444379273,False,0,1,0.8782255494297707,0.25873662665901104,Unpaired t-test
1307,sp|P69924|RIR2_ECOLI,0.6310154545462775,0.5512949265978629,26.825084186758858,26.53267845079331,0.22241315529796835,0.7711815565843472,0.29240573596554853,t-Test,FDR correction BH,0.9246107444379273,False,0,1,1.2246807667506394,0.25861600418441855,Unpaired t-test
1130,sp|P38521|YGGL_ECOLI,0.6308241506209549,0.5514118791955521,30.213827112131355,29.96129548163247,0.19293682847776283,0.6659910607585806,0.2525316304988863,t-Test,FDR correction BH,0.9246107444379273,False,0,1,1.1912957588119701,0.2585238820214932,Unpaired t-test
530,sp|P0AC23|FOCA_ECOLI,-0.6307249042775432,0.5514725589833027,28.48859147274083,28.660274389560236,0.281200428791071,0.3784227762516699,-0.17168291681940673,t-Test,FDR correction BH,0.9246107444379273,False,0,1,0.8878064426446172,0.25847609297651714,Unpaired t-test
1357,sp|P76397|MDTA_ECOLI,-0.6304421268230591,0.551645473542342,25.205978063048537,25.29307518354148,0.17945381915800998,0.15828651228242985,-0.08709712049294183,t-Test,FDR correction BH,0.9246107444379273,False,0,1,0.9414150874779056,0.258339941019551,Unpaired t-test
792,sp|P0AGD7|SRP54_ECOLI,-0.6294597351970668,0.5522464547495043,28.209592543878887,28.307218022136126,0.2597725847796606,0.06841582237020356,-0.097625478257239,t-Test,FDR correction BH,0.9246107444379273,False,0,1,0.9345699285240879,0.2578670634830904,Unpaired t-test
1,sp|P00363|FRDA_ECOLI,0.6291046319377545,0.5524637904256673,30.033061695370133,29.93694252872441,0.12811865637681716,0.23155440209964373,0.09611916664572462,t-Test,FDR correction BH,0.9246107444379273,False,0,1,1.0688942782582747,0.2576961812331823,Unpaired t-test
568,sp|P0ACL0|GLPR_ECOLI,-0.6286864670722265,0.5527197901608183,26.421733682902794,26.70662450515875,0.5631695244276176,0.5467006094011665,-0.2848908222559565,t-Test,FDR correction BH,0.9246107444379273,False,0,1,0.8208037218041584,0.25749498520333497,Unpaired t-test
37,sp|P03004|DNAA_ECOLI,-0.6272531773126458,0.5535978063356637,26.778268254369586,26.873303992662727,0.21621794195034394,0.14871625689655582,-0.09503573829314149,t-Test,FDR correction BH,0.9246107444379273,False,0,1,0.9362490544819619,0.25680563946568435,Unpaired t-test
262,sp|P0A7T3|RS16_ECOLI,-0.6261420524553385,0.55427906317643,29.171438321248075,29.744261516061272,1.371658273368626,0.793334771652191,-0.5728231948131963,t-Test,FDR correction BH,0.9246107444379273,False,0,1,0.672299883734491,0.25627152573493067,Unpaired t-test
1081,sp|P36930|GATR_ECOLI,-0.6256032727819304,0.5546095886516149,25.410061492248424,25.559821987207226,0.3313284762410048,0.24927499130611938,-0.14976049495880162,t-Test,FDR correction BH,0.9246107444379273,False,0,1,0.9014000936425153,0.256012626170911,Unpaired t-test
382,sp|P0A9B2|G3P1_ECOLI,0.6245965047823607,0.5552275382400731,33.40503675938911,32.88504101890743,1.349003623658509,0.5094223432950866,0.5199957404816828,t-Test,FDR correction BH,0.9246107444379273,False,0,1,1.4339510143077636,0.2555290018307398,Unpaired t-test
1322,sp|P75864|RLMKL_ECOLI,-0.6242861799799011,0.5554181000521192,26.482760209358958,26.599268114718765,0.20715422840960665,0.2481424772384222,-0.11650790535980704,t-Test,FDR correction BH,0.9246107444379273,False,0,1,0.9224176954121843,0.2553799714984864,Unpaired t-test
224,sp|P0A7A7|PLSB_ECOLI,-0.6208182655616298,0.5575503991849644,26.287843545394843,26.49589330328881,0.5371766968520751,0.2199116509417044,-0.20804975789396707,t-Test,FDR correction BH,0.9246107444379273,False,0,1,0.8657067071752673,0.2537158689100847,Unpaired t-test
532,sp|P0AC30|FTSX_ECOLI,0.6197732957841642,0.558193902949254,26.457580047110504,26.29116606650214,0.4360627358958264,0.16167451601379013,0.16641398060836465,t-Test,FDR correction BH,0.9246107444379273,False,0,1,1.1222654678365458,0.25321491154132575,Unpaired t-test
1413,sp|Q46798|YGER_ECOLI,-0.6183716254256976,0.5590577845741385,26.04873307250258,26.169547153778236,0.31870282576029835,0.11376361162424872,-0.12081408127565751,t-Test,FDR correction BH,0.9246107444379273,False,0,1,0.919668555318879,0.252543300835047,Unpaired t-test
1375,sp|P77202|DSBG_ECOLI,-0.6158098862663841,0.5606387656389522,26.395208379901668,26.569214411531348,0.37500422303050407,0.31448366421625285,-0.17400603162968054,t-Test,FDR correction BH,0.9246107444379273,False,0,1,0.8863779934117062,0.25131687603521435,Unpaired t-test
848,sp|P14407|FUMB_ECOLI,-0.6143488500300516,0.5615416732216939,28.756566302086156,28.968024059236164,0.44564799302121944,0.3959987769021262,-0.2114577571500078,t-Test,FDR correction BH,0.9246107444379273,False,0,1,0.8636641092775188,0.25061800827403613,Unpaired t-test
1386,sp|P77395|CNOX_ECOLI,-0.6109917502100791,0.5636197017655843,28.634017776826976,29.067993142225163,0.8980342284765579,0.8408499101944337,-0.4339753653981866,t-Test,FDR correction BH,0.9246107444379273,False,0,1,0.7402192884360967,0.24901383419552714,Unpaired t-test
187,sp|P0A6U5|RSMG_ECOLI,0.6105006762100166,0.5639240674164852,27.548062134159554,27.3116322737284,0.5246606599672319,0.4179355928845078,0.236429860431155,t-Test,FDR correction BH,0.9246107444379273,False,0,1,1.1780737520925748,0.2487793699920247,Unpaired t-test
905,sp|P22523|MUKB_ECOLI,-0.6086626543056954,0.5650641553342647,26.865178134255434,26.99680172862115,0.2833388343716249,0.2449733089319516,-0.1316235943657169,t-Test,FDR correction BH,0.9246107444379273,False,0,1,0.9128036120521421,0.24790224116126364,Unpaired t-test
569,sp|P0ACL2|EXUR_ECOLI,0.608142924553171,0.565386787638652,26.477408160860183,26.18593481437598,0.514161044988424,0.6517504859975913,0.291473346484203,t-Test,FDR correction BH,0.9246107444379273,False,0,1,1.2238895319273912,0.2476543446308489,Unpaired t-test
775,sp|P0AG55|RL6_ECOLI,-0.6072750482116752,0.5659257885020252,31.872496993609012,32.003119362529404,0.15529575848828686,0.3386472460030156,-0.1306223689203918,t-Test,FDR correction BH,0.9246107444379273,False,0,1,0.9134373145186253,0.247240515379141,Unpaired t-test
357,sp|P0A905|SLYB_ECOLI,-0.605806443292643,0.5668385874828487,29.70611400619854,30.035938848098105,0.8588108991026555,0.38946928758205274,-0.3298248418995655,t-Test,FDR correction BH,0.9246107444379273,False,0,1,0.7956330759761817,0.24654059286274257,Unpaired t-test
1354,sp|P76291|CMOB_ECOLI,0.6054028137106752,0.5670896165760404,26.36288357295745,26.16347149687872,0.3960945224230074,0.41060609308269735,0.19941207607872968,t-Test,FDR correction BH,0.9246107444379273,False,0,1,1.1482303353305312,0.24634830458318285,Unpaired t-test
810,sp|P0C0L2|OSMC_ECOLI,-0.6052601630984373,0.5671783513155246,27.7821243346678,27.97839435973303,0.5385851230544418,0.1593317164347514,-0.19627002506523183,t-Test,FDR correction BH,0.9246107444379273,False,0,1,0.8728042156000373,0.24628035413605637,Unpaired t-test
370,sp|P0A953|FABB_ECOLI,0.6036334914616445,0.5681908056817839,29.228616282766815,28.768873232291973,1.2629478840494257,0.3810325535503234,0.45974305047484165,t-Test,FDR correction BH,0.9246107444379273,False,0,1,1.3752968506768226,0.2455057981983929,Unpaired t-test
579,sp|P0ACU0|CECR_ECOLI,0.6025110529272228,0.5688900590270756,25.420577249098553,25.202129871267264,0.5835740861412398,0.23193544512973302,0.2184473778312892,t-Test,FDR correction BH,0.9246107444379273,False,0,1,1.163480779469498,0.24497165517124528,Unpaired t-test
279,sp|P0A805|RRF_ECOLI,0.6011177325950325,0.5697587894127099,31.05899736513357,30.7011932065601,0.7209389211490751,0.7369860136366327,0.35780415857347236,t-Test,FDR correction BH,0.9246107444379273,False,0,1,1.2814739561938469,0.2443089664301742,Unpaired t-test
436,sp|P0AA04|PTHP_ECOLI,-0.5994017802710303,0.5708297803478006,27.966928747832647,28.411944307852472,1.1305557163763151,0.6127505962881287,-0.4450155600198258,t-Test,FDR correction BH,0.9246107444379273,False,0,1,0.7345763939080383,0.24349337770290133,Unpaired t-test
934,sp|P24171|DCP_ECOLI,0.5993526438735819,0.5708604661133587,27.60102814430805,27.41458300700421,0.46251524259505883,0.276382580514653,0.1864451373038385,t-Test,FDR correction BH,0.9246107444379273,False,0,1,1.1379562851922778,0.2434700322137034,Unpaired t-test
802,sp|P0AGL5|RATA_ECOLI,-0.5981871524242934,0.5715886090936482,26.167803741647088,26.419198118212734,0.678745674791523,0.26298429576961263,-0.25139437656564567,t-Test,FDR correction BH,0.9246107444379273,False,0,1,0.8400840746157114,0.24291643463450577,Unpaired t-test
980,sp|P27278|NADR_ECOLI,0.5978766684738694,0.5717826788659714,26.305485825426068,26.169199753209654,0.30437497899002663,0.25147499988969485,0.1362860722164143,t-Test,FDR correction BH,0.9246107444379273,False,0,1,1.0990721311491227,0.24276900495366424,Unpaired t-test
850,sp|P15034|AMPP_ECOLI,0.5964740076144797,0.572659914356112,26.84748874000696,26.53416402777141,0.7867944471542289,0.4569009435072884,0.3133247122355485,t-Test,FDR correction BH,0.9246107444379273,False,0,1,1.242567919263527,0.2421032160192631,Unpaired t-test
756,sp|P0AFU4|GLRR_ECOLI,0.5963103722889915,0.5727623059104476,25.2739157662894,25.12259918925855,0.3504632289228681,0.26523558005169523,0.15131657703084755,t-Test,FDR correction BH,0.9246107444379273,False,0,1,1.1105825069833706,0.24202557113622675,Unpaired t-test
548,sp|P0ACB0|DNAB_ECOLI,0.5962409352349163,0.5728057580934225,26.146636387528574,26.02004576027405,0.19339382117342246,0.31277985444251055,0.1265906272545223,t-Test,FDR correction BH,0.9246107444379273,False,0,1,1.09171072279851,0.24199262496062243,Unpaired t-test
1086,sp|P37051|PURU_ECOLI,-0.5960528069288107,0.5729234946106718,27.807123753494757,28.139533514621398,0.8822027730699845,0.39339068868209015,-0.332409761126641,t-Test,FDR correction BH,0.9246107444379273,False,0,1,0.7942087930891336,0.24190336771277055,Unpaired t-test
482,sp|P0AB61|YCIN_ECOLI,-0.5939471169983199,0.5742422923468862,27.591256750980207,27.904937409173264,0.6410634158668516,0.6525321539743684,-0.3136806581930571,t-Test,FDR correction BH,0.9246107444379273,False,0,1,0.8045864471451011,0.2409048253252402,Unpaired t-test
1203,sp|P52647|NIFJ_ECOLI,0.5939199193566088,0.5742593381871288,26.803719363583816,26.70151393251487,0.08592528026632754,0.2854082034959284,0.10220543106894553,t-Test,FDR correction BH,0.9246107444379273,False,0,1,1.0734131230636914,0.2408919338949444,Unpaired t-test
246,sp|P0A7J3|RL10_ECOLI,0.5934051503439426,0.574582021541375,32.093335783854435,31.64731415269177,1.1754572406952608,0.559595552864876,0.44602163116266524,t-Test,FDR correction BH,0.9246107444379273,False,0,1,1.362278459917636,0.24064796704495287,Unpaired t-test
123,sp|P09030|EX3_ECOLI,0.5927794949585887,0.5749743603641484,26.665287896999306,26.31779434675086,0.974002456510002,0.28678804591603285,0.34749355024844775,t-Test,FDR correction BH,0.9246107444379273,False,0,1,1.2723482063893827,0.24035152122452202,Unpaired t-test
685,sp|P0AEP3|GALU_ECOLI,-0.5927404523414147,0.5749988487039128,29.006785617447942,29.37415461063133,1.0072471257829754,0.37126399364960205,-0.367368993183387,t-Test,FDR correction BH,0.9246107444379273,False,0,1,0.7751949120344203,0.24033302487913172,Unpaired t-test
74,sp|P06846|EBGR_ECOLI,0.5923525341642322,0.5752421929648965,25.49792493004634,25.300727409129554,0.42226929385614886,0.3926413263326659,0.197197520916788,t-Test,FDR correction BH,0.9246107444379273,False,0,1,1.1464691392964468,0.2401492667493202,Unpaired t-test
860,sp|P16256|PANF_ECOLI,0.5912802242534521,0.5759151824177836,25.739152072201755,25.612874229145177,0.3445205202709163,0.13467733131439813,0.1262778430565774,t-Test,FDR correction BH,0.9246107444379273,False,0,1,1.0914740595817198,0.2396414723411598,Unpaired t-test
634,sp|P0ADV7|MLAC_ECOLI,-0.5902281624537516,0.5765759213380915,27.023764790490524,27.122095498535277,0.1511558591114711,0.2457974331523765,-0.09833070804475241,t-Test,FDR correction BH,0.9246107444379273,False,0,1,0.9341131961796312,0.23914349834800194,Unpaired t-test
835,sp|P12295|UNG_ECOLI,0.5898644792563,0.5768044349169861,27.290288451455208,26.910900843588408,1.0095491313193317,0.4710018544424448,0.3793876078667999,t-Test,FDR correction BH,0.9246107444379273,False,0,1,1.3007895818315558,0.23897140908514225,Unpaired t-test
616,sp|P0ADM4|YIDQ_ECOLI,-0.5897830952241925,0.5768555784645613,26.04189755117641,26.196574763854144,0.45248152705680655,0.04004064302858863,-0.1546772126777327,t-Test,FDR correction BH,0.9246107444379273,False,0,1,0.8983333427143658,0.23893290318174998,Unpaired t-test
1141,sp|P39298|YJFP_ECOLI,0.5830208025762434,0.5811145939142588,25.983079692438263,25.69021474527719,0.7906047443237812,0.36322211103639407,0.2928649471610747,t-Test,FDR correction BH,0.9246107444379273,False,0,1,1.2250706458427336,0.23573821770036735,Unpaired t-test
1179,sp|P45568|DXR_ECOLI,0.5822845565292204,0.5815794186955214,27.04108099479044,26.82495816117937,0.5371674458550809,0.3531832305001174,0.21612283361107032,t-Test,FDR correction BH,0.9246107444379273,False,0,1,1.1616076290464907,0.2353909709680033,Unpaired t-test
628,sp|P0ADT5|YGIC_ECOLI,-0.5822621208248494,0.5815935868072131,27.674547704879714,27.78380805423491,0.31471791195657206,0.08116651793448752,-0.10926034935519624,t-Test,FDR correction BH,0.9246107444379273,False,0,1,0.9270632331173814,0.23538039105822572,Unpaired t-test
1350,sp|P76270|MSRC_ECOLI,-0.582249290664561,0.5816016891249263,27.153238469685203,27.428758653352144,0.6154021974910929,0.541326125641683,-0.2755201836669414,t-Test,FDR correction BH,0.9246107444379273,False,0,1,0.8261523837675933,0.2353743408412994,Unpaired t-test
580,sp|P0ACU5|FABR_ECOLI,-0.5805213728236662,0.5826934892093617,26.61721539746986,26.883847388822332,0.1039750722948236,0.7887025114009101,-0.2666319913524724,t-Test,FDR correction BH,0.9246107444379273,False,0,1,0.8312578752657429,0.23455983452053167,Unpaired t-test
446,sp|P0AAB8|USPD_ECOLI,0.5801407858629981,0.5829341291571698,30.55968906755126,30.44988480225063,0.2360551222036478,0.22748488346311765,0.1098042653006317,t-Test,FDR correction BH,0.9246107444379273,False,0,1,1.0790818243527651,0.23438051721319172,Unpaired t-test
1162,sp|P40874|MTOX_ECOLI,-0.5790087628186926,0.5836502387940594,26.37060161853165,26.44800683056932,0.2074087596142446,0.10294286607121682,-0.07740521203766804,t-Test,FDR correction BH,0.9246107444379273,False,0,1,0.9477607286865788,0.23384733245374148,Unpaired t-test
323,sp|P0A8I8|RLMH_ECOLI,-0.5789021341189663,0.5837177180868105,25.884217842031017,25.97753189256894,0.21337106898870753,0.18005776212444993,-0.09331405053792352,t-Test,FDR correction BH,0.9246107444379273,False,0,1,0.9373670251507523,0.2337971239751818,Unpaired t-test
572,sp|P0ACP1|CRA_ECOLI,0.5786719747568272,0.5838633886607365,28.05354671540766,27.761413951617197,0.7751515725903717,0.4046101825250921,0.2921327637904625,t-Test,FDR correction BH,0.9246107444379273,False,0,1,1.2244490669537897,0.2336887564683861,Unpaired t-test
597,sp|P0AD65|MRDA_ECOLI,-0.5782566361188866,0.5841263156330851,25.327095063030082,25.748756051924094,0.16818278905692127,1.2517524096785353,-0.42166098889401127,t-Test,FDR correction BH,0.9246107444379273,False,0,1,0.7465646022169524,0.23349322780106382,Unpaired t-test
987,sp|P27829|WECC_ECOLI,-0.5778157544486044,0.5844054887905126,26.58827868889447,26.73751924615896,0.4223240948499564,0.14756088217712623,-0.14924055726449126,t-Test,FDR correction BH,0.9246107444379273,False,0,1,0.9017250107846106,0.23328571378456203,Unpaired t-test
1193,sp|P46889|FTSK_ECOLI,-0.5777808099295937,0.5844276195682152,25.698845044647264,25.894347726579333,0.5541522894767958,0.1907733190762497,-0.19550268193206932,t-Test,FDR correction BH,0.9246107444379273,False,0,1,0.8732685676947985,0.2332692678530276,Unpaired t-test
462,sp|P0AAN3|HYPB_ECOLI,-0.5771425441561571,0.5848319277089069,28.267717177923963,28.494251931489266,0.6769318164200403,0.06291099613079895,-0.2265347535653035,t-Test,FDR correction BH,0.9246107444379273,False,0,1,0.8546853190104546,0.23296892597957794,Unpaired t-test
445,sp|P0AAB4|UBID_ECOLI,-0.5770902534144863,0.5848650584701485,26.68550398412129,26.850437482208765,0.40400501204937306,0.28605620030886236,-0.16493349808747482,t-Test,FDR correction BH,0.9246107444379273,False,0,1,0.8919696343596999,0.23294432386986522,Unpaired t-test
12,sp|P00634|PPB_ECOLI,-0.5769287686302832,0.5849673801895239,24.875165443889063,24.992541029676577,0.30653674152414,0.17380944429060402,-0.11737558578751361,t-Test,FDR correction BH,0.9246107444379273,False,0,1,0.9218630923085798,0.23286835100956768,Unpaired t-test
499,sp|P0ABE2|BOLA_ECOLI,-0.5729366341832923,0.5875002655582595,26.78372185897115,27.067587142683564,0.7109027865742138,0.48067577322382243,-0.2838652837124158,t-Test,FDR correction BH,0.9246107444379273,False,0,1,0.8213873968600093,0.23099193274905902,Unpaired t-test
871,sp|P17443|MURG_ECOLI,0.5728368601826929,0.5875636513483613,27.04982616986644,26.93679783181397,0.2981855161559591,0.16698211609607352,0.11302833805246948,t-Test,FDR correction BH,0.9246107444379273,False,0,1,1.08149600649667,0.2309450789592304,Unpaired t-test
1401,sp|P77721|YDJF_ECOLI,0.571308881583416,0.5885348668740464,25.377139544004535,25.205197284646292,0.39360143169664025,0.3417781090572803,0.17194225935824292,t-Test,FDR correction BH,0.9246107444379273,False,0,1,1.126574138985173,0.23022780292684467,Unpaired t-test
1270,sp|P64624|YHEO_ECOLI,0.5702035012536832,0.5892380551522346,26.58432729191356,26.31051753637692,0.6576275388407274,0.5092074305364092,0.27380975553663944,t-Test,FDR correction BH,0.9246107444379273,False,0,1,1.2089962381145478,0.22970921259498667,Unpaired t-test
620,sp|P0ADP9|YIHD_ECOLI,0.5694288436432594,0.5897311464550015,30.234081254306318,30.062862498406087,0.4383349588475936,0.28124190848412584,0.17121875590023095,t-Test,FDR correction BH,0.9246107444379273,False,0,1,1.1260093100246262,0.22934593449737278,Unpaired t-test
681,sp|P0AEL0|FDOI_ECOLI,0.5691920929020011,0.589881892996309,25.78485430031185,25.513963284120766,0.5958395893491606,0.5696317392785917,0.2708910161910829,t-Test,FDR correction BH,0.9246107444379273,False,0,1,1.2065527710859332,0.22923493472164513,Unpaired t-test
1168,sp|P42620|YQJG_ECOLI,-0.5675330569865692,0.5909388832595908,26.33706264272564,26.472254982442525,0.31794906143346874,0.26294702412605536,-0.13519233971688394,t-Test,FDR correction BH,0.9246107444379273,False,0,1,0.9105484314262294,0.2284574328846106,Unpaired t-test
1340,sp|P76055|TTCA_ECOLI,-0.5663695527835593,0.5916808225826318,26.08187103057494,26.350638889670506,0.7077131989349269,0.41799640909146674,-0.2687678590955649,t-Test,FDR correction BH,0.9246107444379273,False,0,1,0.830028132857215,0.22791250674379557,Unpaired t-test
487,sp|P0AB89|PUR8_ECOLI,0.5655959799971745,0.5921744116116041,26.23209930551004,26.098620063257187,0.33953762832851636,0.22759321473624952,0.13347924225285368,t-Test,FDR correction BH,0.9246107444379273,False,0,1,1.0969359141861046,0.22755036279605564,Unpaired t-test
1406,sp|P77756|QUEC_ECOLI,0.5650631899978809,0.5925145049378743,26.33254054147463,26.050729372269206,0.6933180562316918,0.5152573215859722,0.2818111692054224,t-Test,FDR correction BH,0.9246107444379273,False,0,1,1.215720150157952,0.2273010135248244,Unpaired t-test
890,sp|P21499|RNR_ECOLI,-0.5630115601883376,0.5938251710264253,27.58014877370711,27.738708891179527,0.4767226325680049,0.1033412625104134,-0.15856011747241894,t-Test,FDR correction BH,0.9246107444379273,False,0,1,0.8959187970780854,0.22634139750084944,Unpaired t-test
84,sp|P06993|MALT_ECOLI,0.5619619881989683,0.5944963303573833,25.348343262327226,25.1624605348181,0.43868524230657996,0.36849786999833944,0.18588272750912793,t-Test,FDR correction BH,0.9246107444379273,False,0,1,1.1375127590049894,0.22585082180299815,Unpaired t-test
227,sp|P0A7B5|PROB_ECOLI,0.5618166996084725,0.5945892711953878,28.326083912036115,28.169021671377806,0.3640733727276114,0.31924009995675917,0.1570622406583091,t-Test,FDR correction BH,0.9246107444379273,False,0,1,1.115014321567483,0.22578293149616346,Unpaired t-test
9,sp|P00562|AK2H_ECOLI,-0.5591540739943456,0.5962940356999955,26.93423572000411,27.06029813821338,0.340687685577162,0.19083434565433038,-0.1260624182092691,t-Test,FDR correction BH,0.9246107444379273,False,0,1,0.9163289988382964,0.22453953456761747,Unpaired t-test
545,sp|P0AC86|PHSG_ECOLI,-0.5591080361311911,0.5963235365549133,26.93015308409514,27.183825394204465,0.5964669007596978,0.5116469701117629,-0.25367231010932656,t-Test,FDR correction BH,0.9246107444379273,False,0,1,0.8387586762072603,0.22451804895680155,Unpaired t-test
1330,sp|P75915|YCDY_ECOLI,0.5589096564551487,0.5964506669873209,28.329335687766452,28.060589314618028,0.17018565993939921,0.8152665016783408,0.2687463731484243,t-Test,FDR correction BH,0.9246107444379273,False,0,1,1.2047604985929297,0.22442547142566166,Unpaired t-test
940,sp|P24203|YJIA_ECOLI,-0.5584287684220297,0.5967589060851006,26.969583087231175,27.448161555218263,0.2736120720191784,1.4589481135464342,-0.4785784679870879,t-Test,FDR correction BH,0.9246107444379273,False,0,1,0.7176844323832345,0.22420109082183248,Unpaired t-test
267,sp|P0A7V3|RS3_ECOLI,-0.5572937905873777,0.59748676695268,31.473234856406215,31.676819515604535,0.3182747796179162,0.546858330517177,-0.20358465919832014,t-Test,FDR correction BH,0.9246107444379273,False,0,1,0.8683901944728426,0.2236717089623714,Unpaired t-test
29,sp|P02358|RS6_ECOLI,0.5538821147475023,0.5996777468587785,33.17427695989335,32.8249361044842,0.3336185465481069,1.0402387861872413,0.34934085540914595,t-Test,FDR correction BH,0.9246107444379273,False,0,1,1.273978433695587,0.22208206687966484,Unpaired t-test
1011,sp|P30750|METN_ECOLI,-0.5537646761060175,0.5997532480026834,26.370367030294133,26.768495498967106,0.986389291082482,0.7600647655804565,-0.39812846867297225,t-Test,FDR correction BH,0.9246107444379273,False,0,1,0.7588420503402432,0.22202739140377825,Unpaired t-test
736,sp|P0AFG6|ODO2_ECOLI,-0.5533161860006433,0.6000416318292664,27.916781124130665,28.082448873286744,0.44258642160322326,0.27028539184608796,-0.16566774915607851,t-Test,FDR correction BH,0.9246107444379273,False,0,1,0.8915157872155531,0.22181861653888701,Unpaired t-test
1190,sp|P46852|YHHW_ECOLI,0.5520379640032178,0.6008639777078972,26.764380193166726,26.3678342236985,0.8088964877040691,0.9453489543009547,0.3965459694682245,t-Test,FDR correction BH,0.9246107444379273,False,0,1,1.3163525875646231,0.2212238315194959,Unpaired t-test
1427,sp|Q57261|TRUD_ECOLI,0.5514574759233611,0.6012376483727706,27.525382509452207,27.25838973964088,0.6853634349500788,0.48322358600031745,0.2669927698113277,t-Test,FDR correction BH,0.9246107444379273,False,0,1,1.2032969955593464,0.22095383252854592,Unpaired t-test
1120,sp|P37691|YIBQ_ECOLI,-0.5514347792635405,0.6012522613219002,25.481679128179458,25.623696729654807,0.3443872721323703,0.2835154521446869,-0.1420176014753487,t-Test,FDR correction BH,0.9246107444379273,False,0,1,0.9062508815648391,0.22094327722472093,Unpaired t-test
1232,sp|P61320|LOLB_ECOLI,0.5496187582931593,0.6024221405879664,27.405342877191,27.185795599554233,0.148976030751363,0.67564491634288,0.2195472776367673,t-Test,FDR correction BH,0.9246107444379273,False,0,1,1.1643681466484355,0.22009907505689152,Unpaired t-test
853,sp|P15254|PUR4_ECOLI,0.549435943831761,0.6025399814534409,27.146645547015776,27.02499310930757,0.33815720962490337,0.1808902414130304,0.12165243770820666,t-Test,FDR correction BH,0.9246107444379273,False,0,1,1.0879803027781694,0.22001413024934066,Unpaired t-test
941,sp|P24215|UXUA_ECOLI,-0.5492986942102686,0.6026284601974918,26.049506782416557,26.2632194794736,0.6407968965292163,0.20855026407547186,-0.2137126970570442,t-Test,FDR correction BH,0.9246107444379273,False,0,1,0.8623152521600467,0.21995036185141706,Unpaired t-test
690,sp|P0AES4|GYRA_ECOLI,0.5489729978901171,0.6028384518243091,28.432148022093116,28.318203484126933,0.3416251851100783,0.11195989847859064,0.11394453796618365,t-Test,FDR correction BH,0.9246107444379273,False,0,1,1.082183040982059,0.21979905416344056,Unpaired t-test
1148,sp|P39377|IADA_ECOLI,0.5440669376095,0.6060066565343564,29.141930300211342,29.028211990015663,0.19919455366217487,0.30229738255427524,0.11371831019567935,t-Test,FDR correction BH,0.9271676776079284,False,0,1,1.0820133580929465,0.21752260540423798,Unpaired t-test
790,sp|P0AGC3|SLT_ECOLI,-0.5436229957856027,0.606293807800099,25.54735778285319,25.61120700610693,0.15863589583849239,0.12735411488421305,-0.0638492232537402,t-Test,FDR correction BH,0.9271676776079284,False,0,1,0.956708138890791,0.21731686727877372,Unpaired t-test
299,sp|P0A884|TYSY_ECOLI,-0.5433826535531578,0.6064492985611607,27.99922498208913,28.157707140744545,0.47495125549090655,0.17209099723709204,-0.15848215865541349,t-Test,FDR correction BH,0.9271676776079284,False,0,1,0.8959672110912388,0.21720550192937393,Unpaired t-test
1116,sp|P37665|YIAD_ECOLI,0.5387969438866631,0.6094203683506035,27.672637444609354,27.478396104275873,0.4067140257532829,0.47379815625900445,0.1942413403334804,t-Test,FDR correction BH,0.9307156319207189,False,0,1,1.144122350984746,0.2150830346646325,Unpaired t-test
110,sp|P08201|NIRB_ECOLI,0.5370182875495678,0.6105749593329128,27.68299668931342,27.582174654180932,0.2959057586892809,0.13484570921090314,0.100822035132488,t-Test,FDR correction BH,0.9312817584114957,False,0,1,1.0723843237828874,0.2142610107915942,Unpaired t-test
1071,sp|P36562|COBT_ECOLI,0.5357885813564358,0.6113739249635612,25.660775460417035,25.456532343973926,0.603593274523698,0.2676147469368553,0.20424311644310933,t-Test,FDR correction BH,0.9312817584114957,False,0,1,1.1520817696012249,0.21369308783094124,Unpaired t-test
150,sp|P0A6D7|AROK_ECOLI,0.5348440617356395,0.6119879971227993,29.279267945694,29.113656784229335,0.28446333510100447,0.4546630702953135,0.16561116146466404,t-Test,FDR correction BH,0.9312817584114957,False,0,1,1.1216411324510889,0.21325709555779482,Unpaired t-test
1199,sp|P52101|GLRK_ECOLI,0.5338135415472458,0.6126583760429221,24.717801828571595,24.44980690564714,0.8162772557127147,0.29969861075119153,0.2679949229244549,t-Test,FDR correction BH,0.9312817584114957,False,0,1,1.2041331436860436,0.21278162459531355,Unpaired t-test
573,sp|P0ACP5|GNTR_ECOLI,-0.5330733030256316,0.613140173133932,26.299870748023544,26.413545495378322,0.35043358439910044,0.11668533310710875,-0.11367474735477856,t-Test,FDR correction BH,0.9312817584114957,False,0,1,0.9242309149295467,0.21244022783164768,Unpaired t-test
1108,sp|P37647|KDGK_ECOLI,-0.5306534209277574,0.6147166725430135,27.211332540003625,27.307585726533503,0.28424675023213436,0.13381555420057542,-0.09625318652987858,t-Test,FDR correction BH,0.9312817584114957,False,0,1,0.9354593144975262,0.21132500764498668,Unpaired t-test
1018,sp|P30871|3PASE_ECOLI,0.5305063741673032,0.61481254306086,26.860755611659794,26.644919967529496,0.6157521232812879,0.3426748715536085,0.21583564413029777,t-Test,FDR correction BH,0.9312817584114957,False,0,1,1.1613764171268015,0.2112572808493418,Unpaired t-test
1247,sp|P63183|KUP_ECOLI,0.5302228945626904,0.614997387630233,25.585740137406397,25.40720002941483,0.5317486626595767,0.23957796121514074,0.17854010799156583,t-Test,FDR correction BH,0.9312817584114957,False,0,1,1.1317380772319316,0.21112672900537044,Unpaired t-test
188,sp|P0A6U8|GLGA_ECOLI,-0.527683353246334,0.6166546908127395,26.66508354749591,26.807904718850512,0.4638337478676625,0.06799868842395022,-0.14282117135460126,t-Test,FDR correction BH,0.9321633381345975,False,0,1,0.9057462474476992,0.20995796052926527,Unpaired t-test
729,sp|P0AFD4|NUOH_ECOLI,-0.527334758977013,0.6168823768088496,27.511513267621687,27.684077110991872,0.40406243509678536,0.3974760320775304,-0.1725638433701846,t-Test,FDR correction BH,0.9321633381345975,False,0,1,0.8872645030687922,0.2097976365707305,Unpaired t-test
1287,sp|P69222|IF1_ECOLI,0.5225564523799953,0.6200080469539271,28.058492669869434,27.290924200514773,2.244655172038516,1.1976129600369365,0.7675684693546607,t-Test,FDR correction BH,0.9354738640265884,False,0,1,1.7023981277946438,0.20760267384850778,Unpaired t-test
186,sp|P0A6U3|MNMG_ECOLI,-0.5211230004115668,0.6209474245940465,27.813133404292827,27.979357650078853,0.4484480943188616,0.32268548298516697,-0.1662242457860259,t-Test,FDR correction BH,0.9354738640265884,False,0,1,0.8911719655185808,0.20694516983195785,Unpaired t-test
553,sp|P0ACC7|GLMU_ECOLI,-0.5196505214767911,0.6219131934272399,29.106097021951093,29.225024063347746,0.3132939627719885,0.24285206219036246,-0.11892704139665256,t-Test,FDR correction BH,0.9354738640265884,False,0,1,0.9208722655050999,0.2062702298533521,Unpaired t-test
243,sp|P0A7I4|RF3_ECOLI,0.519624772563042,0.621930088960283,27.466372499635817,27.325094807305316,0.29689591804710097,0.3655347295271864,0.14127769233050103,t-Test,FDR correction BH,0.9354738640265884,False,0,1,1.1028814270831946,0.20625843152333131,Unpaired t-test
1264,sp|P64581|YQJD_ECOLI,0.5177234211829218,0.6231783858413655,31.393091262268204,31.1660033808296,0.43778689424536205,0.6209071240466277,0.22708788143860303,t-Test,FDR correction BH,0.9354738640265884,False,0,1,1.1704699382117623,0.2053876180322356,Unpaired t-test
362,sp|P0A921|PA1_ECOLI,-0.5175271760798799,0.6233073051377644,26.573828881125984,26.705529145239723,0.3865369661529237,0.2118235883876511,-0.13170026411373925,t-Test,FDR correction BH,0.9354738640265884,False,0,1,0.9127551038356627,0.20529778316346536,Unpaired t-test
441,sp|P0AA43|RSUA_ECOLI,-0.5161714823473672,0.6241983002947028,26.77050471825471,27.01711991486537,0.7663348175167566,0.31232257233815797,-0.24661519661065867,t-Test,FDR correction BH,0.9354738640265884,False,0,1,0.8428716147792944,0.20467741826222163,Unpaired t-test
345,sp|P0A8U6|METJ_ECOLI,-0.515333322796525,0.6247495079169987,26.96404252580476,27.317097887296192,1.0223846381907287,0.6023451553613762,-0.3530553614914318,t-Test,FDR correction BH,0.9354738640265884,False,0,1,0.7829242520097112,0.2042940772727669,Unpaired t-test
671,sp|P0AEF0|DNAC_ECOLI,-0.5150183988119482,0.6249566834447369,26.30388588164315,26.426825897281557,0.2430116289740203,0.33450361317425337,-0.12294001563840595,t-Test,FDR correction BH,0.9354738640265884,False,0,1,0.9183143431727789,0.20415008312449706,Unpaired t-test
1312,sp|P75800|PDEI_ECOLI,0.5117532561949355,0.6271068964408308,24.905392200144117,24.717859245842355,0.5984947089962631,0.21134113102525662,0.1875329543017621,t-Test,FDR correction BH,0.9377115661513364,False,0,1,1.1388146474703027,0.20265842316065924,Unpaired t-test
668,sp|P0AED9|DCM_ECOLI,-0.5094346592410974,0.6286362172050621,24.719578842555187,24.95513966710544,0.37562400067514307,0.7073459513375359,-0.23556082455025162,t-Test,FDR correction BH,0.9390171469942002,False,0,1,0.8493547619191237,0.2016006018752167,Unpaired t-test
415,sp|P0A9P6|DEAD_ECOLI,0.5068010951918344,0.6303757384068998,27.78206595369823,27.68883637076523,0.26374767583875336,0.1787669995212667,0.09322958293299877,t-Test,FDR correction BH,0.9405118122886432,False,0,1,1.0667555252126677,0.2004005101104558,Unpaired t-test
1012,sp|P30847|BAES_ECOLI,-0.505586531536984,0.6311788581158287,24.5909779707324,24.744886126384507,0.3792709432972045,0.36627741208025233,-0.15390815565210758,t-Test,FDR correction BH,0.9405118122886432,False,0,1,0.8988123446673262,0.1998475566259605,Unpaired t-test
618,sp|P0ADN2|YIFE_ECOLI,0.5049370306178742,0.631608561571898,29.473807879410423,29.319373893816064,0.4134910371054259,0.3311407200258878,0.15443398559435906,t-Test,FDR correction BH,0.9405118122886432,False,0,1,1.1129848737693921,0.19955199168111057,Unpaired t-test
372,sp|P0A959|ALAA_ECOLI,0.5028956183838936,0.6329601663648903,27.35147027445167,27.05869368103904,0.5934773988490388,0.8152244757847238,0.29277659341263274,t-Test,FDR correction BH,0.9410999745921477,False,0,1,1.2249956221778189,0.19862362027057598,Unpaired t-test
779,sp|P0AG71|RMUC_ECOLI,-0.5012286432539996,0.6340650119272444,24.763034413120455,24.898809536646993,0.20588249785326018,0.42160147808699644,-0.13577512352653898,t-Test,FDR correction BH,0.9410999745921477,False,0,1,0.910180685157472,0.1978662107716576,Unpaired t-test
1408,sp|P77783|YNFF_ECOLI,-0.5006583193923375,0.6344432513936498,28.01302340049606,28.13965969728956,0.40700856718597045,0.16210889753481283,-0.12663629679349953,t-Test,FDR correction BH,0.9410999745921477,False,0,1,0.9159645718469462,0.19760721786996988,Unpaired t-test
1092,sp|P37329|MODA_ECOLI,0.49951204617468636,0.6352038269649684,26.846198614829767,26.790352870505842,0.1896070913221925,0.03933535966543888,0.05584574432392486,t-Test,FDR correction BH,0.9410999745921477,False,0,1,1.039468287322603,0.1970868940432374,Unpaired t-test
505,sp|P0ABI4|CORA_ECOLI,-0.4993794981680473,0.6352918067477391,25.960798032701206,26.24244071471353,0.7417602581418569,0.6356334477578212,-0.28164268201232545,t-Test,FDR correction BH,0.9410999745921477,False,0,1,0.8226537934019729,0.19702674565197403,Unpaired t-test
158,sp|P0A6G7|CLPP_ECOLI,-0.49776775383447847,0.6363621363244281,28.931104562021268,29.314876293079735,0.9552487660023132,0.9331429773178983,-0.3837717310584665,t-Test,FDR correction BH,0.941485944020179,False,0,1,0.7664312383063964,0.1962956688660689,Unpaired t-test
1306,sp|P69910|DCEB_ECOLI,0.49700620807025625,0.6368681997285348,28.251269736871304,27.535049397956328,2.0779507429964483,1.3828094704992677,0.7162203389149759,t-Test,FDR correction BH,0.941485944020179,False,0,1,1.6428722937904627,0.19595043587994396,Unpaired t-test
285,sp|P0A825|GLYA_ECOLI,0.495143863909007,0.6381066711236796,29.994699075347658,29.824989357523464,0.3020531703995283,0.5110705182250956,0.16970971782419397,t-Test,FDR correction BH,0.941742791041345,False,0,1,1.1248321363878524,0.19510671499670051,Unpaired t-test
852,sp|P15042|DNLJ_ECOLI,-0.49476594483317404,0.6383581462684169,26.8676055602453,26.930251736460853,0.20060846707804672,0.08861402791364426,-0.06264617621555502,t-Test,FDR correction BH,0.941742791041345,False,0,1,0.9575062596869207,0.19493559509175656,Unpaired t-test
1323,sp|P75867|LONH_ECOLI,-0.4914079631793762,0.6405949285536512,26.125575074448147,26.260811093898567,0.47210315507200185,0.06576908298297267,-0.13523601945042074,t-Test,FDR correction BH,0.9440693540270595,False,0,1,0.9105208636384087,0.19341650387057807,Unpaired t-test
159,sp|P0A6H1|CLPX_ECOLI,-0.48737714982705194,0.643285360418242,28.569070731460403,28.709537508618503,0.4784200455652465,0.14250822407524671,-0.14046677715809963,t-Test,FDR correction BH,0.9446139090823212,False,0,1,0.9072255792811676,0.1915963319540843,Unpaired t-test
1278,sp|P67660|YHAJ_ECOLI,-0.48706213131140125,0.643495875233391,26.28916355322363,26.427290835039724,0.37410136125706844,0.3183122509889994,-0.13812728181609302,t-Test,FDR correction BH,0.9446139090823212,False,0,1,0.9086979430068548,0.1914542325499887,Unpaired t-test
933,sp|P23930|LNT_ECOLI,0.4836958499591716,0.6457476926664945,25.533921561009223,25.343162297971027,0.585120363081655,0.3524733447919611,0.19075926303819557,t-Test,FDR correction BH,0.9446139090823212,False,0,1,1.141364236183987,0.18993713693784242,Unpaired t-test
195,sp|P0A6Y1|IHFB_ECOLI,0.4831055854993476,0.6461429653492847,29.596798552612505,29.040699819661583,1.2188335688751255,1.5778084971839132,0.5560987329509217,t-Test,FDR correction BH,0.9446139090823212,False,0,1,1.4702879542584506,0.18967137953914223,Unpaired t-test
80,sp|P06987|HIS7_ECOLI,-0.48249267157203823,0.6465535393051227,26.519168306324936,26.605340007226214,0.22535975845981424,0.21190457644731991,-0.08617170090127857,t-Test,FDR correction BH,0.9446139090823212,False,0,1,0.942019153769567,0.18939550657315624,Unpaired t-test
606,sp|P0ADC6|LPTG_ECOLI,0.48236994989108584,0.6466357635301064,26.45665802786195,26.318035961014036,0.40532659215948436,0.28890674800700644,0.1386220668479119,t-Test,FDR correction BH,0.9446139090823212,False,0,1,1.1008531771919643,0.18934027950445248,Unpaired t-test
69,sp|P06612|TOP1_ECOLI,-0.47956405355607623,0.6485172196333916,27.716260244116864,27.762350051087196,0.1541761628623676,0.06276775733427745,-0.0460898069703326,t-Test,FDR correction BH,0.9446139090823212,False,0,1,0.9685578951554095,0.1880784879029895,Unpaired t-test
319,sp|P0A8H6|YIHI_ECOLI,-0.4784341975914108,0.6492756339519585,26.734539855733928,26.858695145865,0.2883875224412736,0.34475882225347737,-0.12415529013107118,t-Test,FDR correction BH,0.9446139090823212,False,0,1,0.9175411138644365,0.18757089504618657,Unpaired t-test
1212,sp|P60340|TRUB_ECOLI,0.47834424109647844,0.6493360369465929,26.737966762366458,26.63914808859544,0.2980255123686065,0.19802195827420582,0.09881867377101727,t-Test,FDR correction BH,0.9446139090823212,False,0,1,1.0708962183229016,0.18753049391955737,Unpaired t-test
863,sp|P16432|HYCF_ECOLI,0.4778569142018515,0.649663312598113,26.54260021134485,26.376909256538987,0.29997882254873587,0.5202822071009008,0.16569095480586427,t-Test,FDR correction BH,0.9446139090823212,False,0,1,1.1217031704883298,0.18731165776298242,Unpaired t-test
982,sp|P27302|TKT1_ECOLI,0.47751025811387776,0.6498961696614994,29.754315686344732,29.521066166193595,0.7886333820137814,0.30637677672079555,0.2332495201511371,t-Test,FDR correction BH,0.9446139090823212,False,0,1,1.1754796149634243,0.1871560226571428,Unpaired t-test
680,sp|P0AEK4|FABI_ECOLI,0.47680612538858014,0.650369285567392,30.726225560828198,30.586195086967084,0.28945339264347,0.41829193183597724,0.14003047386111334,t-Test,FDR correction BH,0.9446139090823212,False,0,1,1.1019283915219533,0.18683997698282095,Unpaired t-test
373,sp|P0A962|ASPG1_ECOLI,0.47644007492141843,0.6506153101832898,26.61832852682015,26.423086884163194,0.5420847701316304,0.45818572566631505,0.19524164265695632,t-Test,FDR correction BH,0.9446139090823212,False,0,1,1.144915911001022,0.1866757211803781,Unpaired t-test
1286,sp|P68919|RL25_ECOLI,0.4758667307589335,0.6510007550184191,31.811302632884647,31.602683934975744,0.4330506926369223,0.6237336929191931,0.20861869790890353,t-Test,FDR correction BH,0.9446139090823212,False,0,1,1.1555812478353877,0.18641850774495242,Unpaired t-test
1238,sp|P62399|RL5_ECOLI,0.4751034056602469,0.6515141027440383,31.733968643324793,31.579057652335123,0.0743620218070156,0.5598308801661219,0.15491099098966998,t-Test,FDR correction BH,0.9446139090823212,False,0,1,1.1133529263039357,0.18607617906478618,Unpaired t-test
1211,sp|P60293|MUKF_ECOLI,-0.4750854877586348,0.6515261553209302,26.43481878742842,26.538273348356903,0.2887638588893323,0.24263869364690405,-0.10345456092848337,t-Test,FDR correction BH,0.9446139090823212,False,0,1,0.9308014988967014,0.18606814498049049,Unpaired t-test
1066,sp|P33650|FEOB_ECOLI,-0.47216265882023767,0.6534937546673952,25.90196295899946,26.2567420514886,0.8062915195841237,1.0215979378636029,-0.3547790924891423,t-Test,FDR correction BH,0.9457412184510777,False,0,1,0.7819893732836789,0.18475855854471987,Unpaired t-test
108,sp|P08194|GLPT_ECOLI,-0.4719009611408434,0.6536700744396429,26.91568010461231,27.17924169602755,0.4461585672461516,0.8583379935753462,-0.2635615914152396,t-Test,FDR correction BH,0.9457412184510777,False,0,1,0.8330288746311019,0.1846413969420242,Unpaired t-test
519,sp|P0ABS5|DNAG_ECOLI,0.47098651593238205,0.6542863775447707,24.69872591743027,24.626406941160567,0.12526402863677435,0.2346055587057553,0.07231897626970252,t-Test,FDR correction BH,0.9457412184510777,False,0,1,1.0514053464868034,0.1842321217599038,Unpaired t-test
164,sp|P0A6J3|CYSZ_ECOLI,-0.46819523801637286,0.6561694440318053,25.710390997206687,26.094656077843524,1.3920367922567773,0.2882021091111287,-0.38426508063683684,t-Test,FDR correction BH,0.9475060286675211,False,0,1,0.7661691913224635,0.18298399735343254,Unpaired t-test
741,sp|P0AFI7|PDXH_ECOLI,-0.4664210883722909,0.6573677716761682,27.256870900327577,27.45049445502785,0.6513432235526365,0.304534027913978,-0.19362355470027381,t-Test,FDR correction BH,0.9481189470494906,False,0,1,0.8744067513465644,0.18219159159345136,Unpaired t-test
207,sp|P0A729|NTPPB_ECOLI,-0.46560551185331006,0.6579190177639023,28.782425128634802,28.983483275167696,0.506120065261953,0.5506814870332851,-0.201058146532894,t-Test,FDR correction BH,0.9481189470494906,False,0,1,0.8699122909654823,0.18182755973361234,Unpaired t-test
1294,sp|P69503|APT_ECOLI,0.46461335615306504,0.6585899310813225,27.97458615094965,27.87209176797606,0.35308797686190224,0.14602701165038276,0.10249438297359248,t-Test,FDR correction BH,0.9481309772408173,False,0,1,1.073628134428204,0.18138491332840467,Unpaired t-test
516,sp|P0ABQ0|COABC_ECOLI,0.4635702241707843,0.6592956911409353,27.216434874316516,26.895594967808307,0.7853346829704844,0.9056948330443906,0.3208399065082084,t-Test,FDR correction BH,0.9481930995202799,False,0,1,1.2490575121084124,0.1809197625997375,Unpaired t-test
226,sp|P0A7B1|PPK1_ECOLI,0.4619706424358795,0.6603786794719856,26.387823715198987,26.301120737315433,0.29199600809388376,0.14286524165663483,0.08670297788355441,t-Test,FDR correction BH,0.9487970786389672,False,0,1,1.0619405316259412,0.18020695651332846,Unpaired t-test
1206,sp|P55138|YGCE_ECOLI,-0.4599947633754176,0.6617176828869458,27.65955411113525,28.274826911127874,1.7427455143533057,1.5264589056205347,-0.6152727999926242,t-Test,FDR correction BH,0.9491750643652818,False,0,1,0.6528064423466509,0.1793272596776767,Unpaired t-test
67,sp|P06282|CDH_ECOLI,-0.4596250899252657,0.6619683537641867,25.86519214342049,25.980508415708105,0.3939127395896412,0.18350255358954878,-0.11531627228761465,t-Test,FDR correction BH,0.9491750643652818,False,0,1,0.9231799060500855,0.17916277206196324,Unpaired t-test
728,sp|P0AFD1|NUOE_ECOLI,0.4546603009407852,0.6653395550989768,28.627324759355027,28.397463358785643,0.21967045457558812,0.8476673333408808,0.22986140056938353,t-Test,FDR correction BH,0.9500114426782826,False,0,1,1.1727222806196385,0.17695665654708867,Unpaired t-test
456,sp|P0AAJ1|YNFG_ECOLI,-0.45375077068760006,0.6659580794905182,28.703416919357693,28.85611517021052,0.517468613373732,0.26827681561080513,-0.15269825085282562,t-Test,FDR correction BH,0.9500114426782826,False,0,1,0.8995664427048783,0.17655310779507774,Unpaired t-test
148,sp|P0A6C1|END4_ECOLI,-0.45335254224160665,0.6662289846965006,26.635501973202388,26.804542732898085,0.5286858502719218,0.37092239227618906,-0.16904075969569732,t-Test,FDR correction BH,0.9500114426782826,False,0,1,0.8894338644809898,0.17637647698869685,Unpaired t-test
906,sp|P22524|MUKE_ECOLI,-0.4532806323649278,0.6662779091332678,26.584850490154796,26.875325973084124,0.9829501155627788,0.515553501589743,-0.29047548292932746,t-Test,FDR correction BH,0.9500114426782826,False,0,1,0.8176325390985641,0.17634458580220297,Unpaired t-test
11,sp|P00582|DPO1_ECOLI,-0.4530304406006706,0.6664481430374706,26.91874241728539,27.056345957211057,0.46263439005318346,0.2504868883070962,-0.1376035399256672,t-Test,FDR correction BH,0.9500114426782826,False,0,1,0.909027887702516,0.17623363780128443,Unpaired t-test
972,sp|P26647|PLSC_ECOLI,0.45290289890925883,0.6665349325289978,25.800841635428306,25.655665311644377,0.528396897285521,0.17043005982580264,0.14517632378392875,t-Test,FDR correction BH,0.9500114426782826,False,0,1,1.1058658021368974,0.17617708464918277,Unpaired t-test
912,sp|P23305|YIGA_ECOLI,0.4512049474794461,0.6676908918700821,25.52238589911616,25.416728056798508,0.35955362348951075,0.1876843211260873,0.10565784231765107,t-Test,FDR correction BH,0.9507121057374005,False,0,1,1.0759849078790644,0.17542454804020824,Unpaired t-test
371,sp|P0A955|ALKH_ECOLI,-0.4486856528949021,0.6694078600375225,28.701473158945994,29.01486027878408,1.19796938039639,0.168496569557977,-0.31338711983808665,t-Test,FDR correction BH,0.9518498528187854,False,0,1,0.8047501692096886,0.17430919255953417,Unpaired t-test
517,sp|P0ABQ4|DYR_ECOLI,-0.44808101064703976,0.6698202667984046,27.543353383560067,27.690463378443553,0.5283039308970232,0.21037966480523124,-0.1471099948834862,t-Test,FDR correction BH,0.9518498528187854,False,0,1,0.9030576560242396,0.1740417161190037,Unpaired t-test
760,sp|P0AFX9|RSEB_ECOLI,0.4438706112277771,0.6726955340873233,26.99698647947076,26.768910964700517,0.7850067970960023,0.41933090172251364,0.2280755147702429,t-Test,FDR correction BH,0.9549874099989679,False,0,1,1.1712714873021963,0.17218145551575617,Unpaired t-test
4,sp|P00448|SODM_ECOLI,0.43992129252154477,0.6753980337230766,25.818035631954494,25.424738969586237,1.546348156492814,0.08124689988716031,0.39329666236825744,t-Test,FDR correction BH,0.9560340286920042,False,0,1,1.3133911711834219,0.1704402080542655,Unpaired t-test
895,sp|P21645|LPXD_ECOLI,0.4392610789232922,0.6758503338356936,28.04813482732046,27.88174253264333,0.1319494632679843,0.642696416300889,0.1663922946771308,t-Test,FDR correction BH,0.9560340286920042,False,0,1,1.1222485985827126,0.17014946735088926,Unpaired t-test
750,sp|P0AFP6|GCH1L_ECOLI,0.43915086931993097,0.6759258508417467,28.365239815983678,27.977773160502952,0.11692618124014041,1.5237238824950579,0.38746665548072556,t-Test,FDR correction BH,0.9560340286920042,False,0,1,1.3080943975445063,0.1701009436094229,Unpaired t-test
121,sp|P08839|PT1_ECOLI,0.43849230469214284,0.6763771936844314,30.453513524017577,30.24612833916438,0.743489222464551,0.34390477932230173,0.207385184853198,t-Test,FDR correction BH,0.9560340286920042,False,0,1,1.1545936410882627,0.16981104451602622,Unpaired t-test
64,sp|P05852|TSAD_ECOLI,0.43699401709581254,0.6774045837712006,26.641209687180258,26.537860099467828,0.38224911225207814,0.1472548757973758,0.10334958771242952,t-Test,FDR correction BH,0.9560340286920042,False,0,1,1.0742647513391146,0.16915186895533374,Unpaired t-test
1138,sp|P39263|YFCC_ECOLI,0.43651365346015847,0.677734134859457,25.809931813201615,25.63669504349668,0.4952987910275643,0.47663758210491497,0.1732367697049355,t-Test,FDR correction BH,0.9560340286920042,False,0,1,1.1275854520607784,0.16894064006785722,Unpaired t-test
53,sp|P04995|EX1_ECOLI,0.4359668067879325,0.6781093914202545,25.949480930204242,25.726528083982416,0.542920304571574,0.6998738096415607,0.2229528462218262,t-Test,FDR correction BH,0.9560340286920042,False,0,1,1.167119954453109,0.16870024085562538,Unpaired t-test
1047,sp|P33030|YEIR_ECOLI,0.43385980738172397,0.6795561995594979,26.34326123768838,26.132554620354135,0.8068083486203326,0.23800321638750505,0.210706617334246,t-Test,FDR correction BH,0.9571308283165763,False,0,1,1.157254856758511,0.16777462112529587,Unpaired t-test
619,sp|P0ADP0|YIGB_ECOLI,-0.4326210238241804,0.6804075311184353,26.189330669175042,26.40006156520398,0.6942061014511944,0.479463443676947,-0.21073089602893802,t-Test,FDR correction BH,0.9573875880339047,False,0,1,0.8640993516620851,0.16723088802672625,Unpaired t-test
964,sp|P25888|RHLE_ECOLI,0.42891325314537576,0.6829587106343986,25.914964919294462,25.673062117143825,0.31016721262385016,0.9263102022343362,0.2419028021506371,t-Test,FDR correction BH,0.9596174419451977,False,0,1,1.1825513262212615,0.16560555149515443,Unpaired t-test
182,sp|P0A6S7|GPDA_ECOLI,-0.4283691802381737,0.6833334544669158,27.5968520590678,27.678773713135367,0.31642790915341407,0.09794120949721238,-0.08192165406756757,t-Test,FDR correction BH,0.9596174419451977,False,0,1,0.9447983471260393,0.16536731667711527,Unpaired t-test
1129,sp|P38506|XNI_ECOLI,0.42558217334141996,0.6852546238719557,25.29033309437036,25.154920150590872,0.3182229230486275,0.44995013804251355,0.13541294377948887,t-Test,FDR correction BH,0.9598042417383611,False,0,1,1.0984071667763238,0.16414802530280143,Unpaired t-test
1349,sp|P76268|KDGR_ECOLI,-0.42404008480410366,0.6863187433447498,27.74510403081228,27.834237325919247,0.3503502884878795,0.09903030554223467,-0.08913329510696855,t-Test,FDR correction BH,0.9598042417383611,False,0,1,0.9400873408868586,0.16347414037780758,Unpaired t-test
1392,sp|P77499|SUFC_ECOLI,0.4235703787378871,0.6866430211599734,27.21316123956771,27.024482460513674,0.1619601541535296,0.7543486851459464,0.18867877905403674,t-Test,FDR correction BH,0.9598042417383611,False,0,1,1.1397194820310554,0.16326898962705114,Unpaired t-test
945,sp|P24251|CRL_ECOLI,0.42092992654344746,0.6884673072031199,26.604133799400568,26.46895712723464,0.44934993206294804,0.3278320272045364,0.13517667216592955,t-Test,FDR correction BH,0.9598042417383611,False,0,1,1.0982272942625075,0.16211667797552579,Unpaired t-test
1050,sp|P33218|YEBE_ECOLI,-0.4206806815026455,0.6886396292997494,25.774399266306478,25.86600147123144,0.31573525877086284,0.20628447921456797,-0.09160220492496052,t-Test,FDR correction BH,0.9598042417383611,False,0,1,0.9384799284013565,0.16200798846989178,Unpaired t-test
1143,sp|P39310|YTFB_ECOLI,-0.41867640890694846,0.6900260793556973,25.77390289384214,25.866133147894217,0.08830859605921122,0.3711936588199759,-0.09223025405207608,t-Test,FDR correction BH,0.9598042417383611,False,0,1,0.9380714683960435,0.16113449490588333,Unpaired t-test
1033,sp|P31680|DJLA_ECOLI,0.41850591736440296,0.6901440773692374,26.584048707397372,26.47023321069978,0.414491814708086,0.2237809389349465,0.11381549669759039,t-Test,FDR correction BH,0.9598042417383611,False,0,1,1.082086249890813,0.16106023466191094,Unpaired t-test
458,sp|P0AAJ5|FDOH_ECOLI,0.41708703568632327,0.6911264621435276,25.35928206296937,25.105250869742825,0.23471802948127343,1.0284800085368122,0.2540311932265453,t-Test,FDR correction BH,0.9598042417383611,False,0,1,1.1925346564364203,0.1604424782611016,Unpaired t-test
417,sp|P0A9Q5|ACCD_ECOLI,-0.4158399347736505,0.6919904563577917,27.973100990037274,28.053223406655004,0.14141949294460307,0.3022792829244027,-0.0801224166177299,t-Test,FDR correction BH,0.9598042417383611,False,0,1,0.9459773745539907,0.15989989510932534,Unpaired t-test
896,sp|P21888|SYC_ECOLI,-0.41456430622833407,0.6928747403863704,28.261419863635272,28.446817974363395,0.6063445698378106,0.48201850631646465,-0.18539811072812284,t-Test,FDR correction BH,0.9598042417383611,False,0,1,0.8794063708390927,0.15934527112549765,Unpaired t-test
976,sp|P27129|RFAJ_ECOLI,0.4133163336585487,0.6937403663173123,26.038045562557873,25.913257168476136,0.36901278491553563,0.37053515645355517,0.1247883940817367,t-Test,FDR correction BH,0.9598042417383611,False,0,1,1.0903477952139358,0.15880303469345658,Unpaired t-test
884,sp|P20083|PARE_ECOLI,-0.41255566582367986,0.694268233718268,26.619003975768685,26.715607059280575,0.30571775293281733,0.26650728517452976,-0.09660308351189073,t-Test,FDR correction BH,0.9598042417383611,False,0,1,0.9352324649603241,0.15847270545708425,Unpaired t-test
901,sp|P22188|MURE_ECOLI,0.41229993940275694,0.6944457379567626,27.095069427863027,27.009610579118377,0.24199344224002167,0.26519064281993726,0.0854588487446506,t-Test,FDR correction BH,0.9598042417383611,False,0,1,1.061025146453591,0.1583616831540257,Unpaired t-test
491,sp|P0ABA6|ATPG_ECOLI,-0.41214210019321756,0.6945553075463589,29.6560934869429,29.765178382061528,0.41940477136449916,0.1851020520937348,-0.1090848951186274,t-Test,FDR correction BH,0.9598042417383611,False,0,1,0.9271759853335003,0.15829316561273396,Unpaired t-test
665,sp|P0AEC5|BARA_ECOLI,-0.4116000712166984,0.6949316374112691,24.516613476769827,24.62321072148572,0.30084132935548197,0.3327317402648764,-0.10659724471589271,t-Test,FDR correction BH,0.9598042417383611,False,0,1,0.9287761013251117,0.15805791620892298,Unpaired t-test
954,sp|P25526|GABD_ECOLI,-0.41023923114513977,0.6958768861921288,26.654903569061343,26.78826423632071,0.5560813573707462,0.08834596266466048,-0.13336066725936746,t-Test,FDR correction BH,0.9598042417383611,False,0,1,0.9117052148321143,0.1574675885170897,Unpaired t-test
1405,sp|P77754|SPY_ECOLI,-0.4088221822410852,0.696861814661544,26.300169654973512,26.566032322732525,1.049219922814406,0.4097087939216888,-0.2658626677590128,t-Test,FDR correction BH,0.9598042417383611,False,0,1,0.8317012654609486,0.1568533324899079,Unpaired t-test
347,sp|P0A8W2|SLYA_ECOLI,0.4088144313188471,0.6968672037703019,28.42427372364881,28.331425188673244,0.2949975595237482,0.260235010853056,0.09284853497556611,t-Test,FDR correction BH,0.9598042417383611,False,0,1,1.0664738084767762,0.15684997393144354,Unpaired t-test
701,sp|P0AEY3|MAZG_ECOLI,-0.4087922634814262,0.6968826168672706,26.26430113596723,26.366621680005792,0.19976595750181853,0.3847638837275669,-0.10232054403856239,t-Test,FDR correction BH,0.9598042417383611,False,0,1,0.9315334343024324,0.15684036844434143,Unpaired t-test
10,sp|P00579|RPOD_ECOLI,-0.4086514105998409,0.6969805543062619,28.642902078752066,28.769872408706703,0.49880354763763396,0.20201274839679775,-0.12697032995463786,t-Test,FDR correction BH,0.9598042417383611,False,0,1,0.9157525193236477,0.15677933850930145,Unpaired t-test
1320,sp|P75849|GLO22_ECOLI,-0.4062531373450202,0.6986490957496023,27.609439392722656,27.809675526172782,0.8379628955631546,0.16317310407031071,-0.20023613345012592,t-Test,FDR correction BH,0.9598042417383611,False,0,1,0.8704080873881382,0.1557408987099021,Unpaired t-test
99,sp|P07648|RECC_ECOLI,-0.4057868968161189,0.698973686161976,24.826669247128745,24.922048480635496,0.2117619585272122,0.34770531536017923,-0.09537923350675115,t-Test,FDR correction BH,0.9598042417383611,False,0,1,0.9360261669153437,0.1555391735672792,Unpaired t-test
1370,sp|P76658|HLDE_ECOLI,0.4050325034739197,0.6994990323882968,28.11700205699288,28.015225861463293,0.40368299262208984,0.16267628026313632,0.10177619552958816,t-Test,FDR correction BH,0.9598042417383611,False,0,1,1.0730938050421726,0.15521288192799912,Unpaired t-test
1366,sp|P76558|MAO2_ECOLI,-0.4048897645621756,0.6995984537705894,27.037448127349354,27.11984604689466,0.2622581369713822,0.23551225384652652,-0.08239791954530773,t-Test,FDR correction BH,0.9598042417383611,False,0,1,0.9444864998137034,0.15515115905562935,Unpaired t-test
639,sp|P0ADZ0|RL23_ECOLI,0.4039767577748119,0.7002345411424521,29.531249480162117,29.10601575635288,1.0877405164333382,1.4631618547806329,0.42523372380923874,t-Test,FDR correction BH,0.9598042417383611,False,0,1,1.3427900238570507,0.1547564701811341,Unpaired t-test
1356,sp|P76389|YEGH_ECOLI,-0.4019267724412367,0.7016637262540346,26.20803629971445,26.35777469428689,0.3164939931574366,0.562330205856921,-0.14973839457243798,t-Test,FDR correction BH,0.9605826964113269,False,0,1,0.9014139021345106,0.15387097451138104,Unpaired t-test
1352,sp|P76273|RSMF_ECOLI,-0.39807862721475373,0.7043501419608684,25.31484139440441,25.36027187433813,0.18731473652520148,0.06313729230821544,-0.045430479933720846,t-Test,FDR correction BH,0.9605826964113269,False,0,1,0.9690006376156082,0.15221139353045782,Unpaired t-test
677,sp|P0AEI4|RIMO_ECOLI,-0.39739559497363924,0.7048274615281898,25.694201627190672,25.857412632031586,0.6214123749851418,0.34622833720759133,-0.1632110048409139,t-Test,FDR correction BH,0.9605826964113269,False,0,1,0.8930352297804836,0.1519171832597201,Unpaired t-test
1149,sp|P39379|YJIH_ECOLI,0.39670497095424717,0.7053102361797855,27.95259968660444,27.51597246606138,1.9039598029389952,0.09553374022056264,0.436627220543059,t-Test,FDR correction BH,0.9605826964113269,False,0,1,1.3534365180115289,0.15161981318625384,Unpaired t-test
1426,sp|Q47710|YQJK_ECOLI,0.3930564507798733,0.7078631932831447,26.912818526973595,26.795161989122686,0.20986459340419547,0.4740945904023021,0.1176565378509089,t-Test,FDR correction BH,0.9605826964113269,False,0,1,1.0849710422717518,0.1500506690662683,Unpaired t-test
135,sp|P09394|GLPQ_ECOLI,0.3925814562167208,0.7081958656104823,28.430687527675648,28.320621854880454,0.34012654073524945,0.346591554334478,0.1100656727951943,t-Test,FDR correction BH,0.9605826964113269,False,0,1,1.0792773650770833,0.14984661294615778,Unpaired t-test
981,sp|P27298|OPDA_ECOLI,-0.39250032964422965,0.7082526913513394,28.03198607037581,28.15154589126763,0.49222026069911684,0.18995353943282492,-0.11955982089181916,t-Test,FDR correction BH,0.9605826964113269,False,0,1,0.9204684509090627,0.14981176649080824,Unpaired t-test
563,sp|P0ACI0|ROB_ECOLI,-0.39244177566985156,0.7082937072185751,27.32899314701372,27.408085117244,0.08012277396856875,0.3397545578538706,-0.07909197023028014,t-Test,FDR correction BH,0.9605826964113269,False,0,1,0.9466532812022481,0.14978661664067427,Unpaired t-test
973,sp|P26648|FTSP_ECOLI,-0.3910327537651234,0.7092810213950187,25.73849733698816,25.871129261129006,0.47177093946014054,0.3500983643662145,-0.13263192414084557,t-Test,FDR correction BH,0.9605826964113269,False,0,1,0.9121658573889336,0.1491816606416544,Unpaired t-test
514,sp|P0ABP3|DCUC_ECOLI,0.3908253319523321,0.7094264160194796,26.734430747650777,26.487531412943525,1.063942587841474,0.2555504777705858,0.24689933470725123,t-Test,FDR correction BH,0.9605826964113269,False,0,1,1.1866539949601627,0.14909264428541688,Unpaired t-test
448,sp|P0AAC4|YBHL_ECOLI,-0.38975027227412057,0.7101802057948312,26.780830124182103,26.83752500828524,0.22449347222217786,0.11437905300948407,-0.05669488410313761,t-Test,FDR correction BH,0.9605826964113269,False,0,1,0.9614642471767064,0.1486314365597184,Unpaired t-test
152,sp|P0A6E9|BIOD2_ECOLI,0.38684408094953376,0.712219710552316,28.16519335055213,27.983347606534036,0.23854442925775973,0.778465262224353,0.18184574401809428,t-Test,FDR correction BH,0.9605826964113269,False,0,1,1.1343341930588546,0.1473860114738204,Unpaired t-test
380,sp|P0A9A6|FTSZ_ECOLI,-0.38606183949894574,0.7127691180873279,29.599935316983558,29.65007625674773,0.2035209380182548,0.09583377687873153,-0.050140939764173,t-Test,FDR correction BH,0.9605826964113269,False,0,1,0.9658419692820067,0.14705112509745152,Unpaired t-test
496,sp|P0ABD3|BFR_ECOLI,0.38532165560832105,0.7132891604352525,28.586547904541554,28.329592249389115,0.777813824616838,0.8538811471334334,0.25695565515243857,t-Test,FDR correction BH,0.9605826964113269,False,0,1,1.1949544743718865,0.14673437572546197,Unpaired t-test
177,sp|P0A6P9|ENO_ECOLI,0.3837733119823389,0.7143775498204579,30.159919170219624,29.681072134109158,1.8887734901672524,1.0502645491614406,0.47884703611046575,t-Test,FDR correction BH,0.9605826964113269,False,0,1,1.3936294692146178,0.14607220213503894,Unpaired t-test
78,sp|P06983|HEM3_ECOLI,-0.3822375355918325,0.7154578329767685,27.18710689339786,27.306892510660816,0.5357411206722444,0.08719297639299292,-0.11978561726295567,t-Test,FDR correction BH,0.9605826964113269,False,0,1,0.9203243995562056,0.14541595721538875,Unpaired t-test
1378,sp|P77247|HXPB_ECOLI,-0.38204339488712147,0.7155944453162928,27.234507486054337,27.347715340135256,0.49584274777443244,0.1325145715652147,-0.11320785408091893,t-Test,FDR correction BH,0.9605826964113269,False,0,1,0.9245300682627282,0.1453330392307763,Unpaired t-test
656,sp|P0AE78|CORC_ECOLI,0.38137049357045355,0.7160680397603423,27.628781029992567,27.478500401859606,0.34790007498542286,0.5871980691686117,0.15028062813296117,t-Test,FDR correction BH,0.9605826964113269,False,0,1,1.1097853227406587,0.14504570969136726,Unpaired t-test
1410,sp|P77808|CINAL_ECOLI,0.38089552305597346,0.7164024119627099,26.468153646720147,26.41091644856861,0.11287888204393355,0.23452429028847718,0.05723719815153672,t-Test,FDR correction BH,0.9605826964113269,False,0,1,1.0404713197102635,0.1448429606505715,Unpaired t-test
784,sp|P0AG96|SECE_ECOLI,0.380194356151304,0.716896149011925,26.877937640363683,26.78695297940837,0.3155126070778699,0.26881395673543135,0.09098466095531421,t-Test,FDR correction BH,0.9605826964113269,False,0,1,1.0650968789935888,0.14454375252979998,Unpaired t-test
747,sp|P0AFL3|PPIA_ECOLI,0.3801084664284014,0.7169566398456693,26.433833799706115,26.308949334015928,0.26056209424345467,0.5059069241928658,0.12488446569018663,t-Test,FDR correction BH,0.9605826964113269,False,0,1,1.0904204058151765,0.14450710883036222,Unpaired t-test
1333,sp|P75957|LOLD_ECOLI,-0.37953772231819843,0.7173586634267364,26.482280149669858,26.655160259595956,0.6778491367968091,0.403690693096403,-0.1728801099260977,t-Test,FDR correction BH,0.9605826964113269,False,0,1,0.887070018908886,0.1442636524201485,Unpaired t-test
1284,sp|P68699|ATPL_ECOLI,-0.3785988559304341,0.7180202026315603,30.498778728336692,30.557095570280914,0.16649466640587576,0.20846660385356194,-0.058316841944222375,t-Test,FDR correction BH,0.9605826964113269,False,0,1,0.96038392309834,0.14386333602514845,Unpaired t-test
971,sp|P26646|ACUI_ECOLI,-0.3757951644570751,0.7199973183003474,29.171036858116306,29.250229478509908,0.17569919222503205,0.3199305934476497,-0.0791926203936022,t-Test,FDR correction BH,0.9605826964113269,False,0,1,0.946587239882989,0.14266912113752342,Unpaired t-test
461,sp|P0AAK4|HYDN_ECOLI,-0.3727544466367563,0.7221442660919398,26.95309750473457,27.064050326522995,0.31509167358274176,0.4080632236911605,-0.1109528217884268,t-Test,FDR correction BH,0.9605826964113269,False,0,1,0.9259763027947392,0.14137603275044078,Unpaired t-test
329,sp|P0A8M3|SYT_ECOLI,-0.37084962371777225,0.7234906125990549,29.495871908932944,29.566371524157034,0.15360776777567353,0.2912422914146238,-0.0704996152240902,t-Test,FDR correction BH,0.9605826964113269,False,0,1,0.9523081500649185,0.14056709954546748,Unpaired t-test
160,sp|P0A6H5|HSLU_ECOLI,-0.3703882817214315,0.7238168568067963,30.34269800440574,30.391940409862478,0.21661644581475525,0.07812092924799598,-0.04924240545673797,t-Test,FDR correction BH,0.9605826964113269,False,0,1,0.9664436989821057,0.1403713069242452,Unpaired t-test
1266,sp|P64596|DOLP_ECOLI,0.3699086894926478,0.7241560743252806,28.25419366140583,28.13552611372735,0.3786834672077356,0.4066215968664508,0.11866754767847709,t-Test,FDR correction BH,0.9605826964113269,False,0,1,1.0857316332440858,0.14016782204414793,Unpaired t-test
511,sp|P0ABN1|KDGL_ECOLI,-0.36876638998493627,0.724964303728143,27.285212206683713,27.37300786843413,0.3093466448589861,0.27267192993296757,-0.08779566175041609,t-Test,FDR correction BH,0.9605826964113269,False,0,1,0.9409593722507856,0.1396833769814914,Unpaired t-test
1252,sp|P63284|CLPB_ECOLI,-0.3672518806781536,0.7260364875083704,30.891197843027918,30.9422749184344,0.23115468486491525,0.06779773214227437,-0.05107707540648221,t-Test,FDR correction BH,0.9605826964113269,False,0,1,0.9652154572438927,0.1390415529564455,Unpaired t-test
931,sp|P23909|MUTS_ECOLI,-0.36561450089282166,0.7271964220545575,26.63011662750054,26.703209253396253,0.3242403221843952,0.12152723742860569,-0.0730926258957112,t-Test,FDR correction BH,0.9605826964113269,False,0,1,0.950598067663058,0.1383482665927239,Unpaired t-test
868,sp|P16926|MREC_ECOLI,0.36552444414071505,0.7272602420923424,26.35723922153519,26.280409163442236,0.23274652139330407,0.2799467887953987,0.07683005809295196,t-Test,FDR correction BH,0.9605826964113269,False,0,1,1.0546980718508552,0.1383101538170794,Unpaired t-test
804,sp|P0C018|RL18_ECOLI,0.3644985955215803,0.7279873938518329,32.52031288199073,32.37192305394798,0.2193918882371601,0.6701304696091674,0.14838982804275247,t-Test,FDR correction BH,0.9605826964113269,False,0,1,1.1083317877546015,0.13787614105507903,Unpaired t-test
604,sp|P0ADC1|LPTE_ECOLI,-0.3644585003005357,0.7280158208349415,27.78728388920605,27.875982877940444,0.371842054596403,0.19855290465514563,-0.08869898873439297,t-Test,FDR correction BH,0.9605826964113269,False,0,1,0.9403703857247183,0.137859182738259,Unpaired t-test
648,sp|P0AE34|ARTQ_ECOLI,-0.3639008289458837,0.7284112516138035,25.859743106707025,25.99115364068263,0.4573978160228497,0.4266172312898446,-0.13141053397560398,t-Test,FDR correction BH,0.9605826964113269,False,0,1,0.9129384268603047,0.13762335437073828,Unpaired t-test
198,sp|P0A6Z1|HSCA_ECOLI,-0.36271188530615583,0.7292546074617898,27.413868920319267,27.52422051454966,0.38896330264242274,0.3555195317957703,-0.11035159423039431,t-Test,FDR correction BH,0.9605826964113269,False,0,1,0.9263622738251334,0.1371208183064564,Unpaired t-test
679,sp|P0AEK2|FABG_ECOLI,-0.36266998763718705,0.7292843344037396,29.84220720804027,29.949731463732295,0.45774552052489886,0.2327434466231948,-0.10752425569202373,t-Test,FDR correction BH,0.9605826964113269,False,0,1,0.9281795032501157,0.13710311532097705,Unpaired t-test
800,sp|P0AGK4|YHBY_ECOLI,0.36186458913286373,0.7298558753133844,27.243076911743813,26.966931950215972,1.2662910081162995,0.37887862728432103,0.27614496152784085,t-Test,FDR correction BH,0.9605826964113269,False,0,1,1.2109547541770662,0.13676289157238586,Unpaired t-test
828,sp|P10908|UGPQ_ECOLI,0.3605457046619759,0.7307922157029241,25.78517567385399,25.687391059624595,0.39639171113960925,0.2520769300767114,0.09778461422939344,t-Test,FDR correction BH,0.9605826964113269,False,0,1,1.0701289226303508,0.13620608733930106,Unpaired t-test
1043,sp|P32662|GPH_ECOLI,0.36042676490899317,0.7308766818553919,27.695805077518052,27.54770189213334,0.19208828013075144,0.6853062856782173,0.1481031853847128,t-Test,FDR correction BH,0.9605826964113269,False,0,1,1.108111600118269,0.13615589377764495,Unpaired t-test
565,sp|P0ACJ0|LRP_ECOLI,-0.35951295270860806,0.7315257717853103,29.347624068336724,29.410740869794026,0.23482603974611307,0.19319095413356616,-0.06311680145730136,t-Test,FDR correction BH,0.9605826964113269,False,0,1,0.9571939600600904,0.13577036899596487,Unpaired t-test
703,sp|P0AEZ3|MIND_ECOLI,-0.3594058526252199,0.7316018620006912,29.75643620485076,29.82058649408861,0.22370462986743808,0.21338251082855902,-0.0641502892378476,t-Test,FDR correction BH,0.9605826964113269,False,0,1,0.9565085109600494,0.135725197870858,Unpaired t-test
419,sp|P0A9Q9|DHAS_ECOLI,0.35889488168010864,0.7319649319307353,28.705375476258716,28.568888259609132,0.5082586003837507,0.4189919362518132,0.1364872166495843,t-Test,FDR correction BH,0.9605826964113269,False,0,1,1.099225377432313,0.13550972527192848,Unpaired t-test
204,sp|P0A720|KTHY_ECOLI,0.3565103422874985,0.733660268366826,26.382318459622876,26.231376343415704,0.39774311454102507,0.6160941548943442,0.15094211620717246,t-Test,FDR correction BH,0.9605826964113269,False,0,1,1.1102942855211893,0.13450499966076856,Unpaired t-test
292,sp|P0A855|TOLB_ECOLI,-0.3564630444710748,0.7336939123960193,28.91886585390521,28.988861769027984,0.3357159031066192,0.054491560231296615,-0.06999591512277448,t-Test,FDR correction BH,0.9605826964113269,False,0,1,0.9526406953671146,0.13448508433777187,Unpaired t-test
560,sp|P0ACF4|DBHB_ECOLI,0.3559653853655511,0.7340479480802005,31.056699552883376,30.596259975922607,1.7696602482941448,1.373933551101024,0.46043957696076987,t-Test,FDR correction BH,0.9605826964113269,False,0,1,1.3759609979392873,0.13427557100145698,Unpaired t-test
992,sp|P28248|DCD_ECOLI,0.35578437611168157,0.7341767362033519,26.17643092947292,25.728105142861594,1.2894912879907139,1.7609112704935879,0.4483257866113277,t-Test,FDR correction BH,0.9605826964113269,False,0,1,1.3644559188962904,0.13419938106682164,Unpaired t-test
1283,sp|P68679|RS21_ECOLI,-0.3535713492117839,0.735752070336211,31.668951820399606,31.92313817072052,1.1790662724168046,0.4003773516034689,-0.2541863503209143,t-Test,FDR correction BH,0.9605826964113269,False,0,1,0.8384598750935692,0.1332685071633469,Unpaired t-test
451,sp|P0AAE0|CYCA_ECOLI,-0.35269256274627,0.7363780222272687,26.113137236053376,26.17355015892223,0.2587486429173661,0.14515700151037153,-0.0604129228688528,t-Test,FDR correction BH,0.9605826964113269,False,0,1,0.9589896015644901,0.13289918182996843,Unpaired t-test
1296,sp|P69776|LPP_ECOLI,0.35238819280477773,0.7365948740003593,27.943385928327217,27.715818823660136,0.7714785647127856,0.8098991750729829,0.22756710466708086,t-Test,FDR correction BH,0.9605826964113269,False,0,1,1.1708588004019442,0.13277130774706333,Unpaired t-test
1230,sp|P61175|RL22_ECOLI,-0.34967463097190116,0.7385293544324418,29.855968959419542,30.318410730357634,1.8542939789020816,1.344821971286965,-0.46244177093809213,t-Test,FDR correction BH,0.9605826964113269,False,0,1,0.7257568702567226,0.13163223804374743,Unpaired t-test
911,sp|P23256|MALY_ECOLI,0.3491099847140403,0.7389321514217544,25.132239801619477,25.01381627320741,0.5127214242479449,0.28691160315414477,0.11842352841206605,t-Test,FDR correction BH,0.9605826964113269,False,0,1,1.0855480067503902,0.13139543659284458,Unpaired t-test
740,sp|P0AFI5|PBP7_ECOLI,-0.3479721102402751,0.7397441431776922,25.075797755769074,25.22691636963209,0.4269672849369894,0.6192785490820552,-0.15111861386301584,t-Test,FDR correction BH,0.9605826964113269,False,0,1,0.9005519362474346,0.130918464620427,Unpaired t-test
710,sp|P0AF24|NAGD_ECOLI,-0.3479352100822207,0.7397704814391045,26.628152887258384,26.773757440058112,0.49094130722747087,0.5332519875410094,-0.14560455279972828,t-Test,FDR correction BH,0.9605826964113269,False,0,1,0.9040004821396126,0.13090300203370406,Unpaired t-test
245,sp|P0A7J0|RIBB_ECOLI,0.347632169858646,0.7399867973774386,27.399412292343428,26.959414959089507,1.1863364265043226,1.8435237918051686,0.43999733325392043,t-Test,FDR correction BH,0.9605826964113269,False,0,1,1.3566018198380763,0.1307760287518284,Unpaired t-test
247,sp|P0A7J7|RL11_ECOLI,-0.34698850532490333,0.7404463439444353,33.47798518706319,33.52645123877559,0.1710100992276036,0.1711254124046861,-0.0484660517124027,t-Test,FDR correction BH,0.9605826964113269,False,0,1,0.9669639087828089,0.13050640692418367,Unpaired t-test
707,sp|P0AF12|MTNN_ECOLI,0.3466724255389244,0.7406720532164531,29.24520987532172,28.99213532043749,1.0804946595781095,0.6567174728560371,0.25307455488422903,t-Test,FDR correction BH,0.9605826964113269,False,0,1,1.1917441593508495,0.13037404168950906,Unpaired t-test
1055,sp|P33362|YEHZ_ECOLI,0.3462704243448737,0.740959158935194,25.688213314986765,25.511887731584217,0.44476345471334955,0.7616302985338556,0.1763255834025479,t-Test,FDR correction BH,0.9605826964113269,False,0,1,1.1300022015492948,0.13020572931877863,Unpaired t-test
393,sp|P0A9F6|GCVA_ECOLI,-0.3456145107831736,0.7414277047638196,24.851765833063073,24.9579389290811,0.38709172792437574,0.36507151591540915,-0.1061730960180256,t-Test,FDR correction BH,0.9605826964113269,False,0,1,0.9290491992959627,0.12993118981812568,Unpaired t-test
1227,sp|P60869|YBJL_ECOLI,-0.3449157545875204,0.7419269885106108,25.70847570794083,25.907491693897775,0.8688951844591994,0.4937652265686866,-0.1990159859569438,t-Test,FDR correction BH,0.9605826964113269,False,0,1,0.8711445392663143,0.12963883063349202,Unpaired t-test
1430,sp|Q93K97|ADPP_ECOLI,-0.3433723164062704,0.7430303122578759,25.680170858622922,25.89695595346579,1.0185963060506074,0.39778982894910614,-0.2167850948428658,t-Test,FDR correction BH,0.9605826964113269,False,0,1,0.8604807990626511,0.12899346863807734,Unpaired t-test
1365,sp|P76537|YFEY_ECOLI,-0.3417490589591724,0.7441914166578595,26.979703273899982,27.081052984934992,0.43791126078398934,0.2684779415593732,-0.10134971103500945,t-Test,FDR correction BH,0.9605826964113269,False,0,1,0.9321605022074738,0.12831534334381162,Unpaired t-test
96,sp|P07395|SYFB_ECOLI,0.34118778089837726,0.7445930665307792,29.41206275229874,29.313050049138976,0.45427033973313097,0.21514326645039478,0.09901270315976518,t-Test,FDR correction BH,0.9605826964113269,False,0,1,1.071040253830068,0.12808101214320086,Unpaired t-test
32,sp|P02918|PBPA_ECOLI,0.3410172877590818,0.7447150886445878,25.675655521126345,25.630559529568202,0.1574983972164813,0.16630151701268583,0.045095991558142146,t-Test,FDR correction BH,0.9605826964113269,False,0,1,1.0317518259437857,0.12800984684321687,Unpaired t-test
883,sp|P19934|TOLA_ECOLI,0.3394019122250233,0.7458716170170383,26.14871782804367,25.969254055697515,0.9010723961830509,0.16384464239242957,0.1794637723461534,t-Test,FDR correction BH,0.9605826964113269,False,0,1,1.1324628879481429,0.12733591893388815,Unpaired t-test
324,sp|P0A8J4|YBED_ECOLI,-0.3389323392532047,0.7462079441926284,28.02454666845862,28.245765137602394,1.0310748594520474,0.463579193882663,-0.22121846914377485,t-Test,FDR correction BH,0.9605826964113269,False,0,1,0.8578406166974962,0.12714013173494249,Unpaired t-test
1273,sp|P66948|BEPA_ECOLI,-0.3387721928870071,0.7463226615218278,25.749855570986206,25.97982321626096,1.1297093997400487,0.3258437741472994,-0.22996764527475477,t-Test,FDR correction BH,0.9605826964113269,False,0,1,0.8526540136725981,0.12707337115669054,Unpaired t-test
657,sp|P0AE82|CPXA_ECOLI,-0.3385963816342977,0.7464486082525474,26.051952897062037,26.124776581869256,0.2858750234481488,0.23884617875795328,-0.07282368480721857,t-Test,FDR correction BH,0.9605826964113269,False,0,1,0.9507752906397229,0.12700008736378454,Unpaired t-test
1147,sp|P39342|YJGR_ECOLI,-0.33747790924728865,0.747250054397558,24.505028009820098,24.561875281985706,0.19583002466190016,0.216273365325911,-0.05684727216560859,t-Test,FDR correction BH,0.9607500699397173,False,0,1,0.9613626956139362,0.1265340446733476,Unpaired t-test
968,sp|P26602|UBIC_ECOLI,0.33620461031614485,0.7481628637928105,25.60947134079202,25.447847503978316,0.7958705139046135,0.24473616902631845,0.1616238368137033,t-Test,FDR correction BH,0.9610601957697593,False,0,1,1.1185454174475322,0.12600385247318505,Unpaired t-test
170,sp|P0A6L7|UXAB_ECOLI,0.33502854530038795,0.7490063652555847,26.335423880673538,26.266387353953434,0.3331630029444042,0.12801013358238528,0.06903652672010452,t-Test,FDR correction BH,0.9612808149603065,False,0,1,1.0490158866352675,0.12551449153467234,Unpaired t-test
434,sp|P0A9Y6|CSPC_ECOLI,0.3340415926435322,0.7497145247413946,30.50364167235886,29.77746853725177,2.495056936237347,2.819967921442936,0.7261731351070893,t-Test,FDR correction BH,0.96132749543453,False,0,1,1.6542452478227077,0.12510407518305447,Unpaired t-test
13,sp|P00803|LEP_ECOLI,0.33117205576487585,0.7517749952603447,27.1685624333132,27.029279469278435,0.432085842723306,0.5864758517109703,0.1392829640347628,t-Test,FDR correction BH,0.9615836206973807,False,0,1,1.1013575924827321,0.12391212342275032,Unpaired t-test
859,sp|P16095|SDHL_ECOLI,-0.3309585539753993,0.7519283901058555,27.128440692793294,27.25778710873278,0.6228388385273538,0.2651434655950345,-0.12934641593948726,t-Test,FDR correction BH,0.9615836206973807,False,0,1,0.9142455370342927,0.12382351747048985,Unpaired t-test
320,sp|P0A8I1|YQGF_ECOLI,-0.32880253577362445,0.7534781214720687,26.562045928115513,26.63707897257525,0.33498290322141416,0.20979382247557277,-0.07503304445973669,t-Test,FDR correction BH,0.9615836206973807,False,0,1,0.9493203768276518,0.12292935365047852,Unpaired t-test
1133,sp|P39161|UXUR_ECOLI,0.32747287010003373,0.7544345045712239,25.603416212241218,25.499560873599926,0.43897666438975985,0.330206405817893,0.10385533864129215,t-Test,FDR correction BH,0.9615836206973807,False,0,1,1.0746414114252465,0.12237845706526691,Unpaired t-test
1093,sp|P37330|MASZ_ECOLI,-0.32507714585319836,0.7561588711338039,26.204479033757714,26.2658489585309,0.3086758873917586,0.10788580456085971,-0.06136992477318515,t-Test,FDR correction BH,0.9615836206973807,False,0,1,0.9583536733031394,0.12138694840353033,Unpaired t-test
1315,sp|P75823|LTAE_ECOLI,0.3250366847503443,0.7561880070100775,27.821659691889437,27.658947330381032,0.34274363592385115,0.7964412173335021,0.1627123615084045,t-Test,FDR correction BH,0.9615836206973807,False,0,1,1.1193896871794977,0.12137021474212568,Unpaired t-test
1411,sp|P78067|YNJE_ECOLI,-0.3232364640129515,0.7574847825904221,26.162084192003014,26.218271875636027,0.23928959951030218,0.18272779138206316,-0.05618768363301285,t-Test,FDR correction BH,0.9615836206973807,False,0,1,0.9618023233712807,0.12062608745059715,Unpaired t-test
994,sp|P28306|MLTG_ECOLI,-0.3229420035258948,0.7576969774839581,25.451457553756253,25.517156143460575,0.3259636771756464,0.13382233414865716,-0.06569858970432207,t-Test,FDR correction BH,0.9615836206973807,False,0,1,0.9554825365639568,0.12050444518379912,Unpaired t-test
6,sp|P00509|AAT_ECOLI,0.32165040052977484,0.7586280089687685,29.32197499274085,29.23545767669088,0.4556156961791183,0.09728315127717083,0.08651731604996726,t-Test,FDR correction BH,0.9615836206973807,False,0,1,1.06180387825517,0.11997112694297811,Unpaired t-test
1245,sp|P63020|NFUA_ECOLI,-0.32139602557273506,0.7588114234588224,29.577829187892366,29.633160402281636,0.27785943239512256,0.10821407897845554,-0.05533121438926969,t-Test,FDR correction BH,0.9615836206973807,False,0,1,0.9623734757272446,0.11986613968666043,Unpaired t-test
640,sp|P0ADZ4|RS15_ECOLI,-0.32079910636946196,0.7592418935262873,33.62734657476557,33.705302807637054,0.3261071251834464,0.2661023490703288,-0.07795623287148601,t-Test,FDR correction BH,0.9615836206973807,False,0,1,0.9473988114595356,0.11961983637459128,Unpaired t-test
1242,sp|P62672|APAG_ECOLI,-0.31906738232736387,0.7604912660419049,25.778244144824722,25.855671171324076,0.20393370055315213,0.3675219957888156,-0.07742702649935396,t-Test,FDR correction BH,0.9615836206973807,False,0,1,0.9477463980531396,0.11890576929222806,Unpaired t-test
923,sp|P23865|PRC_ECOLI,-0.31860755433350174,0.7608231475672862,27.092930682279302,27.169470948803344,0.27632088816524497,0.31110036247383305,-0.07654026652404156,t-Test,FDR correction BH,0.9615836206973807,False,0,1,0.9483291143493701,0.11871628273229556,Unpaired t-test
129,sp|P09158|SPEE_ECOLI,-0.3174181223510652,0.7616818804530601,27.58538643226862,27.650661346762092,0.290210733672626,0.2065072575250831,-0.06527491449347167,t-Test,FDR correction BH,0.9615836206973807,False,0,1,0.9557631736357171,0.11822637565625398,Unpaired t-test
836,sp|P12758|UDP_ECOLI,-0.31700283113912575,0.7619817954840251,30.663147746561727,30.73335288118379,0.3451492852658034,0.16736976945419127,-0.07020513462206424,t-Test,FDR correction BH,0.9615836206973807,False,0,1,0.9525025535198732,0.11805540427099724,Unpaired t-test
672,sp|P0AEG4|DSBA_ECOLI,0.31669621782376084,0.7622032545830306,28.52892785730567,28.32425356235722,0.24639077409587662,1.091935633534344,0.20467429494845035,t-Test,FDR correction BH,0.9615836206973807,False,0,1,1.152426143929182,0.11792920113662331,Unpaired t-test
577,sp|P0ACS7|RPIR_ECOLI,0.3166225527450393,0.7622564646971504,25.370288063802803,25.240919354212664,0.4253448781400971,0.5656132340899698,0.12936870959013902,t-Test,FDR correction BH,0.9615836206973807,False,0,1,1.0938149680712945,0.11789888369542002,Unpaired t-test
240,sp|P0A7G2|RBFA_ECOLI,0.31646254536903984,0.7623720469007499,28.59590874387393,28.536218551945367,0.2323596140034435,0.22964764760791026,0.05969019192856351,t-Test,FDR correction BH,0.9615836206973807,False,0,1,1.0422419230769797,0.11783303589978482,Unpaired t-test
1216,sp|P60546|KGUA_ECOLI,-0.3160340196413922,0.7626816278766786,26.58236873557074,26.67444259623097,0.402755356918878,0.30401961571607866,-0.09207386066023204,t-Test,FDR correction BH,0.9615836206973807,False,0,1,0.9381731642685002,0.117656715139908,Unpaired t-test
961,sp|P25736|END1_ECOLI,0.3124454114309617,0.7652760388939606,24.436733893102165,24.27294558947086,0.42573507189108556,0.8019669894489901,0.16378830363130348,t-Test,FDR correction BH,0.9616727112940432,False,0,1,1.1202248239934613,0.11618188439567799,Unpaired t-test
30,sp|P02359|RS7_ECOLI,-0.3100812176156211,0.7669870783559376,29.635403772872742,29.90542009062814,1.129874508398105,0.9991100868840317,-0.2700163177553989,t-Test,FDR correction BH,0.9616727112940432,False,0,1,0.8293101657607355,0.11521195266899155,Unpaired t-test
917,sp|P23827|ECOT_ECOLI,0.3071824123931407,0.7690869980187679,28.752459617032855,28.644871728420824,0.5723860291024266,0.20094924485148602,0.10758788861203072,t-Test,FDR correction BH,0.9616727112940432,False,0,1,1.0774253303914423,0.1140245306505312,Unpaired t-test
891,sp|P21507|SRMB_ECOLI,0.30570658676051277,0.770156925515237,27.597361406622653,27.51375256509227,0.4560764138242368,0.12802656939894932,0.08360884153038484,t-Test,FDR correction BH,0.9616727112940432,False,0,1,1.0596654369412886,0.11342077490332986,Unpaired t-test
422,sp|P0A9S1|FUCO_ECOLI,0.305320691253903,0.7704367792802715,26.38882613583899,26.268312289221512,0.5934828521260426,0.3393694369542306,0.12051384661747733,t-Test,FDR correction BH,0.9616727112940432,False,0,1,1.087121995270606,0.11326299294322852,Unpaired t-test
474,sp|P0AB12|YCCF_ECOLI,0.3037148751422333,0.7716017332184071,25.82661365073859,25.655421922795686,0.7358974291909894,0.6415532318238656,0.1711917279429045,t-Test,FDR correction BH,0.9616727112940432,False,0,1,1.125988215166987,0.11260680548856689,Unpaired t-test
761,sp|P0AFY8|SEQA_ECOLI,0.3032479861559693,0.7719405647523621,28.075602212539806,27.9066346739573,0.7218694969631487,0.6405429431356079,0.1689675385825069,t-Test,FDR correction BH,0.9616727112940432,False,0,1,1.1242536271803028,0.1124161367028154,Unpaired t-test
1218,sp|P60584|CAIA_ECOLI,0.30176081283622946,0.7730202060170264,26.096465765328865,26.01679819827594,0.4025833230446492,0.21686149148685346,0.0796675670529261,t-Test,FDR correction BH,0.9616727112940432,False,0,1,1.056774505281057,0.11180915388632584,Unpaired t-test
892,sp|P21513|RNE_ECOLI,0.30144398098619046,0.7732502880673986,28.539434005916874,28.46898288771896,0.38541258858935357,0.12377896087828814,0.07045111819791572,t-Test,FDR correction BH,0.9616727112940432,False,0,1,1.0500449722286544,0.11167990953227346,Unpaired t-test
49,sp|P04951|KDSB_ECOLI,-0.30075658054299814,0.7737495623894847,27.888876589872467,28.014099815831365,0.5021076725911373,0.5176452731117906,-0.1252232259588979,t-Test,FDR correction BH,0.9616727112940432,False,0,1,0.9168621675722707,0.11139958359623373,Unpaired t-test
1253,sp|P63386|MLAF_ECOLI,0.300131893121389,0.7742033897528934,27.287270680278866,27.200903343535465,0.43286013472405294,0.24709818615831153,0.08636733674340036,t-Test,FDR correction BH,0.9616727112940432,False,0,1,1.0616935012679467,0.11114493150872765,Unpaired t-test
762,sp|P0AFZ3|SSPB_ECOLI,-0.29981190060408625,0.7744358980891418,28.22616456064282,28.2740686090711,0.19031469773206433,0.20092185102710255,-0.04790404842827911,t-Test,FDR correction BH,0.9616727112940432,False,0,1,0.9673406639104664,0.11101452400973073,Unpaired t-test
403,sp|P0A9K7|PHOU_ECOLI,-0.29945614644292756,0.7746944211327862,26.752051287024052,26.85426413725075,0.3814532196413129,0.4516729097244455,-0.1022128502266959,t-Test,FDR correction BH,0.9616727112940432,False,0,1,0.931602973690877,0.11086957154065988,Unpaired t-test
1037,sp|P32099|LPLA_ECOLI,-0.2981121242809438,0.7756713942690905,25.551013894719905,25.64949554408138,0.5392182650029623,0.19141338872204938,-0.09848164936147441,t-Test,FDR correction BH,0.9616727112940432,False,0,1,0.9340154701209533,0.11032222446423237,Unpaired t-test
985,sp|P27434|RODZ_ECOLI,0.29804140547278135,0.7757228124316559,27.50394489143566,27.406044293775302,0.549460261416629,0.14761594287365276,0.09790059766035597,t-Test,FDR correction BH,0.9616727112940432,False,0,1,1.0702149575925217,0.11029343664978332,Unpaired t-test
821,sp|P0DMC7|RCSB_ECOLI,0.2974459953408994,0.7761557720338075,27.821468564079197,27.64537778801069,0.9002530053510718,0.49088626818479925,0.17609077606850576,t-Test,FDR correction BH,0.9616727112940432,False,0,1,1.129818301829811,0.11005110845109273,Unpaired t-test
724,sp|P0AFB1|NLPI_ECOLI,0.2971933545680994,0.7763395094458743,26.000061907087947,25.722148136692947,1.3565760272015335,0.8849257244594515,0.2779137703949992,t-Test,FDR correction BH,0.9616727112940432,False,0,1,1.2124403495696103,0.10994831117305359,Unpaired t-test
77,sp|P06968|DUT_ECOLI,-0.2964165499765011,0.7769045534599597,28.773438658017696,28.857375140159935,0.4751790535422896,0.12149816542239189,-0.08393648214223859,t-Test,FDR correction BH,0.9616727112940432,False,0,1,0.9434797887769758,0.10963233313195202,Unpaired t-test
922,sp|P23843|OPPA_ECOLI,0.29514729503956194,0.7778281253478813,27.72160428871233,27.61357507012606,0.25855389802419343,0.5788414123550257,0.10802921858627101,t-Test,FDR correction BH,0.9616727112940432,False,0,1,1.0777549723577349,0.10911635732824856,Unpaired t-test
1292,sp|P69441|KAD_ECOLI,-0.293347936700281,0.7791381079863764,31.1180093143217,31.205019793729367,0.45038079042005674,0.24716986852268316,-0.08701047940766671,t-Test,FDR correction BH,0.9616727112940432,False,0,1,0.9414716258812489,0.10838555359808007,Unpaired t-test
1202,sp|P52643|LDHD_ECOLI,0.2925341064212835,0.7797308604701635,29.62797683475083,29.550305512742,0.2704722764133601,0.37193366165961345,0.07767132200882898,t-Test,FDR correction BH,0.9616727112940432,False,0,1,1.055313266434736,0.10805527677499982,Unpaired t-test
179,sp|P0A6Q6|FABZ_ECOLI,0.2924837223728512,0.7797675629828689,29.771086175014126,29.665556046746936,0.5002802834464259,0.37451885153024805,0.10553012826719055,t-Test,FDR correction BH,0.9616727112940432,False,0,1,1.0758896609248239,0.10803483469118215,Unpaired t-test
662,sp|P0AEB7|YOAB_ECOLI,-0.29111718254426905,0.7807632627331746,25.878212227419194,25.989121852794682,0.30262622547006823,0.5863898768099141,-0.11090962537548776,t-Test,FDR correction BH,0.9616727112940432,False,0,1,0.9260040283032022,0.10748062972612014,Unpaired t-test
692,sp|P0AET2|HDEB_ECOLI,-0.2896113367031086,0.7818609925927607,29.252289305552114,29.82064397891449,2.185908729448321,2.6030201301647478,-0.568354673362375,t-Test,FDR correction BH,0.9616727112940432,False,0,1,0.6743854553014293,0.10687045348261666,Unpaired t-test
1042,sp|P32177|FDHD_ECOLI,0.28880595120921104,0.7824483279301939,25.648722097285216,25.56322362485063,0.330126866407974,0.39234870027987584,0.08549847243458686,t-Test,FDR correction BH,0.9616727112940432,False,0,1,1.0610542879613736,0.10654433318823034,Unpaired t-test
1107,sp|P37639|GADX_ECOLI,-0.2887553132114068,0.7824852614482316,25.117477701095154,25.248866785258727,0.6155463975632066,0.49216749643435115,-0.13138908416357253,t-Test,FDR correction BH,0.9616727112940432,False,0,1,0.9129520004172049,0.10652383388628822,Unpaired t-test
635,sp|P0ADW3|ZAPG_ECOLI,0.2883875376849884,0.7827535222114745,28.852298027674347,28.736064562025753,0.5583951688349257,0.4189668905551666,0.1162334656485946,t-Test,FDR correction BH,0.9616727112940432,False,0,1,1.083901356134763,0.10637496948100449,Unpaired t-test
1173,sp|P45395|KDSD_ECOLI,-0.28793013668374373,0.7830872027656195,27.45937065240686,27.580136091576588,0.679338734017685,0.2573982554277993,-0.12076543916972682,t-Test,FDR correction BH,0.9616727112940432,False,0,1,0.9196995635140753,0.10618987322789827,Unpaired t-test
1374,sp|P77182|MNMC_ECOLI,0.28630003389047537,0.7842767968074318,24.857227454150795,24.737885013874767,0.4645396682765937,0.552702054515703,0.11934244027602858,t-Test,FDR correction BH,0.9616727112940432,False,0,1,1.0862396572123352,0.10553063360339923,Unpaired t-test
550,sp|P0ACB4|HEMG_ECOLI,-0.285837552812226,0.7846144164316027,26.37129543195521,26.460854789981745,0.5190436491325082,0.15845124791300005,-0.08955935802653414,t-Test,FDR correction BH,0.9616727112940432,False,0,1,0.939809751231724,0.10534371644714803,Unpaired t-test
770,sp|P0AG30|RHO_ECOLI,0.28482554933349813,0.7853533765374744,29.679020963205275,29.623813826697575,0.25521513952227926,0.21811233467699684,0.05520713650770048,t-Test,FDR correction BH,0.9616727112940432,False,0,1,1.039008269330018,0.10493488472274738,Unpaired t-test
1339,sp|P76049|YCJY_ECOLI,-0.28450794895303283,0.7855853374108138,25.885579079177667,25.93580482690022,0.16105594050448757,0.259914048442619,-0.05022574772255339,t-Test,FDR correction BH,0.9616727112940432,False,0,1,0.9657851945127647,0.10480663105231906,Unpaired t-test
824,sp|P10121|FTSY_ECOLI,0.2841233311214703,0.7858662770837009,27.16146304907161,27.087641363586712,0.4285760060593155,0.13728103634028485,0.07382168548489787,t-Test,FDR correction BH,0.9616727112940432,False,0,1,1.052501059429815,0.10465134717357018,Unpaired t-test
1248,sp|P63204|GADE_ECOLI,-0.2840329813364448,0.7859322771734341,25.91551830412505,26.030511284674752,0.6455404857484597,0.2738742479092629,-0.11499298054970097,t-Test,FDR correction BH,0.9616727112940432,False,0,1,0.9233868034682078,0.1046148749746164,Unpaired t-test
379,sp|P0A998|FTNA_ECOLI,0.2835084461938064,0.7863154861109253,30.855704724402507,30.699416017258088,0.93672624699586,0.18500859524415608,0.15628870714441945,t-Test,FDR correction BH,0.9616727112940432,False,0,1,1.1144166417124863,0.1044031710254674,Unpaired t-test
233,sp|P0A7D7|PUR7_ECOLI,0.2816870652779398,0.787646638711103,29.07743421378271,29.022541556610364,0.2815759204803527,0.1861160707777008,0.054892657172345594,t-Test,FDR correction BH,0.9616727112940432,False,0,1,1.0387818105073952,0.10366857600879469,Unpaired t-test
523,sp|P0ABU5|ELBB_ECOLI,0.28148282227197424,0.7877959584364435,27.898906770134175,27.819961931898437,0.44058479914596616,0.2045958488180707,0.0789448382357385,t-Test,FDR correction BH,0.9616727112940432,False,0,1,1.0562452388092385,0.10358625154573106,Unpaired t-test
653,sp|P0AE60|CEDA_ECOLI,-0.280018497107427,0.7888667989247428,26.291098818925324,26.38851593887471,0.5519226808351637,0.24181559155722765,-0.0974171199493874,t-Test,FDR correction BH,0.9616727112940432,False,0,1,0.9347049116393307,0.10299632172795037,Unpaired t-test
1257,sp|P64423|ZNTB_ECOLI,0.27708045916244367,0.7910168680144921,25.533052085439135,25.46473281428169,0.19040090149568117,0.3822765332008703,0.06831927115744563,t-Test,FDR correction BH,0.9616727112940432,False,0,1,1.0484944836681789,0.10181425530446522,Unpaired t-test
293,sp|P0A858|TPIS_ECOLI,0.2763099318618722,0.7915810779355613,30.98028353025255,30.77923422766836,1.223458178485465,0.3024124074565912,0.20104930258418818,t-Test,FDR correction BH,0.9616727112940432,False,0,1,1.1495341314821799,0.10150459577740266,Unpaired t-test
97,sp|P07604|TYRR_ECOLI,-0.2744092348341863,0.792973432937745,26.28815834308758,26.334652070425705,0.27990458051358563,0.088176610672093,-0.04649372733812385,t-Test,FDR correction BH,0.9616727112940432,False,0,1,0.9682867598918444,0.10074136264685231,Unpaired t-test
404,sp|P0A9K9|SLYD_ECOLI,0.27354037399165804,0.7936101957394566,27.32324697957461,27.21255261764346,0.6749503321499769,0.1890036734883779,0.11069436193114868,t-Test,FDR correction BH,0.9616727112940432,False,0,1,1.079747788693467,0.10039276131136114,Unpaired t-test
17,sp|P00934|THRC_ECOLI,0.2724123695246945,0.7944371374785802,26.713209808430555,26.665555417717552,0.21269882856586417,0.21579089941989407,0.047654390713002925,t-Test,FDR correction BH,0.9616727112940432,False,0,1,1.0335831033805274,0.09994046211459845,Unpaired t-test
791,sp|P0AGD3|SODF_ECOLI,-0.27155685272115215,0.7950645134717155,31.246827692410196,31.426502052312575,0.9344370239544407,0.663439228224553,-0.17967435990237846,t-Test,FDR correction BH,0.9616727112940432,False,0,1,0.8829022594228815,0.09959763020135913,Unpaired t-test
731,sp|P0AFF0|NUON_ECOLI,-0.27147623144715954,0.7951236441263274,28.85400406695328,28.89038079516719,0.17352682933385294,0.15412079969475495,-0.03637672821390936,t-Test,FDR correction BH,0.9616727112940432,False,0,1,0.9751008020606411,0.0995653319894797,Unpaired t-test
473,sp|P0AB10|PQIC_ECOLI,-0.271144949846322,0.7953666340827683,26.88190078886086,26.944034421865144,0.28076421418412,0.2805432526141824,-0.062133633004282984,t-Test,FDR correction BH,0.9616727112940432,False,0,1,0.9578464913407289,0.09943263177809575,Unpaired t-test
952,sp|P25522|MNME_ECOLI,0.2696033651791171,0.7964976931904897,26.51974156309032,26.49166875371965,0.06815171517834441,0.1669797066726366,0.028072809370669916,t-Test,FDR correction BH,0.9616727112940432,False,0,1,1.0196491409548802,0.09881547766083071,Unpaired t-test
489,sp|P0ABA0|ATPF_ECOLI,-0.2694840694564255,0.7965852429709885,29.996294218474873,30.13237370898106,0.7420116197254176,0.463013738018147,-0.13607949050618728,t-Test,FDR correction BH,0.9616727112940432,False,0,1,0.9099886835786718,0.0987677433141276,Unpaired t-test
1187,sp|P46130|YBHC_ECOLI,-0.2689177268722728,0.7970009196235122,28.51475124515452,28.573514434052832,0.18899705324001662,0.3279170777934703,-0.058763188898311114,t-Test,FDR correction BH,0.9616727112940432,False,0,1,0.9600868415096927,0.09854117749073038,Unpaired t-test
253,sp|P0A7M2|RL28_ECOLI,-0.26872359221250164,0.7971434248220597,30.109697939521112,30.541892993663915,1.7954178438298414,2.129931746245415,-0.43219505414280235,t-Test,FDR correction BH,0.9616727112940432,False,0,1,0.7411332959948115,0.09846353179728712,Unpaired t-test
865,sp|P16525|TUS_ECOLI,0.26828053198227136,0.7974686867620009,24.836195259076188,24.692960366897474,0.7637254222011249,0.521411649576985,0.14323489217871455,t-Test,FDR correction BH,0.9616727112940432,False,0,1,1.1043786417705415,0.09828636085192365,Unpaired t-test
1353,sp|P76290|CMOA_ECOLI,-0.26796851993136206,0.7976977696058904,27.147886383704943,27.18642445522137,0.22568472587263536,0.10542885285113388,-0.03853807151642741,t-Test,FDR correction BH,0.9616727112940432,False,0,1,0.9736410689624686,0.09816162225140113,Unpaired t-test
596,sp|P0AD61|KPYK1_ECOLI,-0.26573013503698883,0.7993418636749257,30.831364219021147,30.951760836882606,0.5107571009307529,0.5957916042199451,-0.12039661786145928,t-Test,FDR correction BH,0.9622376730150752,False,0,1,0.9199347124185416,0.09726744126894941,Unpaired t-test
929,sp|P23894|HTPX_ECOLI,-0.2654996133102729,0.7995112461320226,29.15274852996016,29.261970963370366,0.41958012635085384,0.5759029519237557,-0.10922243341020632,t-Test,FDR correction BH,0.9622376730150752,False,0,1,0.9270875978926509,0.09717542297624646,Unpaired t-test
118,sp|P08506|DACC_ECOLI,-0.2588395819846424,0.8044100198797064,27.874066203765892,27.918163643108468,0.2508648725228896,0.15537193871511817,-0.044097439342575484,t-Test,FDR correction BH,0.964507648656005,False,0,1,0.9698964015151402,0.0945225283893637,Unpaired t-test
1254,sp|P63389|YHES_ECOLI,-0.2578762650266011,0.8051193986089835,26.31929614500139,26.396130079401672,0.4366036067584992,0.2751323807131239,-0.07683393440028397,t-Test,FDR correction BH,0.964507648656005,False,0,1,0.9481360968046986,0.09413970930682479,Unpaired t-test
536,sp|P0AC47|FRDB_ECOLI,0.2573492171700478,0.8055075984543978,30.91242077156953,30.849267921736686,0.20578065032853102,0.3719060313432215,0.06315284983284286,t-Test,FDR correction BH,0.964507648656005,False,0,1,1.0447464452024589,0.0939303584710184,Unpaired t-test
1367,sp|P76569|YFGD_ECOLI,-0.2567942172446657,0.8059164522222972,27.968277311336788,28.152915356465055,0.6665063040559931,1.0519994270941928,-0.18463804512826698,t-Test,FDR correction BH,0.964507648656005,False,0,1,0.8798697970057456,0.09370997831839535,Unpaired t-test
592,sp|P0AD44|YFHG_ECOLI,-0.25613068381102033,0.8064053480047256,26.122310741171354,26.16540068153406,0.1382671852557592,0.25649643731384625,-0.04308994036270519,t-Test,FDR correction BH,0.964507648656005,False,0,1,0.97057396045008,0.09344660068867908,Unpaired t-test
575,sp|P0ACQ4|OXYR_ECOLI,0.2556605501520933,0.8067518036230392,26.651879027900797,26.558881627808756,0.48793554935791256,0.39858318656106206,0.09299740009204172,t-Test,FDR correction BH,0.964507648656005,False,0,1,1.0665838587191332,0.09326005498800813,Unpaired t-test
642,sp|P0AE01|TRMJ_ECOLI,-0.25500491952951615,0.8072350377582612,28.024341885472243,28.08217385913899,0.3332154056421724,0.2080034773521213,-0.057831973666747416,t-Test,FDR correction BH,0.964507648656005,False,0,1,0.960706748050747,0.09299999595991149,Unpaired t-test
894,sp|P21599|KPYK2_ECOLI,-0.25426323781577986,0.8077818084646197,30.318552919011974,30.37746977385317,0.3837360595327392,0.11757346687098046,-0.05891685484119691,t-Test,FDR correction BH,0.964507648656005,False,0,1,0.9599845851153962,0.09270593152304121,Unpaired t-test
979,sp|P27250|AHR_ECOLI,0.2542302821099702,0.8078061063061207,27.597184499815306,27.554202764062854,0.16932062967681422,0.2389155008716729,0.04298173575245201,t-Test,FDR correction BH,0.964507648656005,False,0,1,1.0302409108815853,0.09269286826799902,Unpaired t-test
956,sp|P25535|UBII_ECOLI,-0.25357980429047927,0.8082857437547384,26.582118675431815,26.61965602416278,0.1679565240624488,0.19372404239716448,-0.03753734873096448,t-Test,FDR correction BH,0.964507648656005,False,0,1,0.9743166676020594,0.09243508105948485,Unpaired t-test
1291,sp|P69425|TATB_ECOLI,0.2517638695742122,0.8096252272248686,27.54821072561172,27.47085996410261,0.2635385844851099,0.46230736757655544,0.07735076150911269,t-Test,FDR correction BH,0.964507648656005,False,0,1,1.0550788065123184,0.09171596805138338,Unpaired t-test
1166,sp|P42596|RLMG_ECOLI,0.25070059072150036,0.8104098595537904,25.78578102786723,25.74498459256632,0.13623165780049173,0.24674645767375852,0.04079643530091204,t-Test,FDR correction BH,0.964507648656005,False,0,1,1.028681550380414,0.09129528393139184,Unpaired t-test
327,sp|P0A8L1|SYS_ECOLI,-0.25030835957439135,0.8106993622831742,29.19463089175428,29.369323730184068,1.201170521305669,0.13574490011006027,-0.1746928384297881,t-Test,FDR correction BH,0.964507648656005,False,0,1,0.885956126326837,0.09114016860972163,Unpaired t-test
472,sp|P0AAZ4|RARA_ECOLI,0.2501266741033856,0.8108334740273753,25.538386418963942,25.44546669468323,0.485823834990655,0.4218899642973837,0.09291972428071205,t-Test,FDR correction BH,0.964507648656005,False,0,1,1.0665264345692087,0.0910683304214426,Unpaired t-test
1223,sp|P60716|LIPA_ECOLI,-0.2486669353500878,0.8119112401275579,28.16560838980222,28.27768753851088,0.5543282283243846,0.5496959484231251,-0.1120791487086592,t-Test,FDR correction BH,0.9649875287562585,False,0,1,0.9252536656524463,0.09049144616499456,Unpaired t-test
842,sp|P13445|RPOS_ECOLI,-0.24737853436653673,0.8128628782361613,25.52874133517279,25.699546893772332,1.1651503065894608,0.2695170494267676,-0.17080555859954316,t-Test,FDR correction BH,0.9653168288431094,False,0,1,0.8883465160162666,0.08998270932345573,Unpaired t-test
126,sp|P09147|GALE_ECOLI,-0.24606315265239684,0.8138348062607972,27.500590000737745,27.58671283024131,0.5657423706911331,0.21781130972305401,-0.08612282950356587,t-Test,FDR correction BH,0.9656455772467449,False,0,1,0.9420510652762871,0.08946374008638364,Unpaired t-test
346,sp|P0A8V2|RPOB_ECOLI,0.2451776330979937,0.8144893163779323,29.86068241571259,29.793403611998627,0.4653121993074332,0.09687351837203916,0.06727880371396111,t-Test,FDR correction BH,0.9656455772467449,False,0,1,1.0477385851221659,0.08911460794054349,Unpaired t-test
776,sp|P0AG59|RS14_ECOLI,0.24372922454908008,0.8155602257294552,28.899575830993953,28.711203565886073,1.212790254944662,0.5666990986930085,0.18837226510787985,t-Test,FDR correction BH,0.9661148038235516,False,0,1,1.1394773637743039,0.08854396259893245,Unpaired t-test
614,sp|P0ADK0|YIAF_ECOLI,-0.24051128643757638,0.817941031447112,29.502427441907184,29.587000226481813,0.39931950191282534,0.4598811847456179,-0.08457278457462891,t-Test,FDR correction BH,0.9673429387723125,False,0,1,0.9430637576013325,0.08727800517984445,Unpaired t-test
1002,sp|P29217|YCEH_ECOLI,-0.240500580414738,0.817948955915093,26.526751080359638,26.761470018047383,1.407757471714396,0.9357950908213687,-0.2347189376877452,t-Test,FDR correction BH,0.9673429387723125,False,0,1,0.8498505488133277,0.08727379761974842,Unpaired t-test
539,sp|P0AC59|GLRX2_ECOLI,0.2380549037996025,0.8197598319925667,28.155070741740438,28.06714336091966,0.6279728709084019,0.12216839690047711,0.08792738082077989,t-Test,FDR correction BH,0.9682403062787374,False,0,1,1.0628421740229386,0.0863133658089342,Unpaired t-test
1140,sp|P39286|RSGA_ECOLI,-0.23764835923100552,0.8200609721941508,25.85389505814551,26.008101630094544,1.0156634477268085,0.4812326849528892,-0.15420657194903242,t-Test,FDR correction BH,0.9682403062787374,False,0,1,0.8986264477829268,0.0861538562711073,Unpaired t-test
423,sp|P0A9S5|GLDA_ECOLI,0.23551506371525857,0.8216417205039508,29.22400208541319,29.178928799395607,0.29205726772183754,0.1567911981302181,0.045073286017583314,t-Test,FDR correction BH,0.9685207692402139,False,0,1,1.0317355880709702,0.08531751667875973,Unpaired t-test
103,sp|P07813|SYL_ECOLI,0.2355010047973713,0.8216521410605309,28.60634070331495,28.56709307287984,0.25989748694474646,0.12560197869202538,0.039247630435109926,t-Test,FDR correction BH,0.9685207692402139,False,0,1,1.0275778021542041,0.08531200872874908,Unpaired t-test
1359,sp|P76403|TRHP_ECOLI,0.2311944538673241,0.8248460499481376,26.672031943321613,26.625415306835745,0.31296962575961484,0.1549796342558921,0.04661663648586867,t-Test,FDR correction BH,0.9701097263927774,False,0,1,1.0328398974184616,0.08362710102219556,Unpaired t-test
355,sp|P0A901|BLC_ECOLI,-0.22783858664371584,0.8273374480057483,26.415087494614426,26.54406967869927,0.5324683823765437,0.8233627395299298,-0.12898218408484396,t-Test,FDR correction BH,0.9701097263927774,False,0,1,0.914476382345986,0.08231731763541922,Unpaired t-test
879,sp|P19323|FHLA_ECOLI,0.22752042341045214,0.8275737674705936,25.906444901083646,25.793481343546517,0.3991338742727269,0.7617247169711243,0.11296355753712817,t-Test,FDR correction BH,0.9701097263927774,False,0,1,1.0814474457865066,0.0821932841050564,Unpaired t-test
76,sp|P06961|CCA_ECOLI,0.2257555731110253,0.8288849892944414,25.364065127800522,25.302550492769598,0.33933402999864815,0.3280151605206247,0.06151463503092458,t-Test,FDR correction BH,0.9701097263927774,False,0,1,1.0435607838710412,0.08150572515526278,Unpaired t-test
1052,sp|P33225|TORA_ECOLI,0.225272203689354,0.8292442214474375,28.651390966134787,28.586422830542,0.4474353182066851,0.22208667150107078,0.06496813559278891,t-Test,FDR correction BH,0.9701097263927774,False,0,1,1.0460618354583144,0.08131754616028625,Unpaired t-test
1046,sp|P32703|YJCE_ECOLI,-0.22321559716672962,0.8307731621898732,26.41501725980948,26.471692999989315,0.2955222935265179,0.32568554890277557,-0.05667574017983412,t-Test,FDR correction BH,0.9701097263927774,False,0,1,0.9614770054654694,0.08051754162791812,Unpaired t-test
970,sp|P26616|MAO1_ECOLI,0.22293442697430557,0.8309822555154914,28.658334827492865,28.613932851756978,0.3163733381433767,0.13753055141044615,0.044401975735887333,t-Test,FDR correction BH,0.9701097263927774,False,0,1,1.0312556158169668,0.08040824987892724,Unpaired t-test
534,sp|P0AC38|ASPA_ECOLI,0.22082304210173637,0.8325528785353077,32.62182684155003,32.579849106156175,0.32900784275619244,0.012811132577525275,0.041977735393857074,t-Test,FDR correction BH,0.9701097263927774,False,0,1,1.029524195025885,0.0795881732849602,Unpaired t-test
1229,sp|P60955|LGT_ECOLI,0.2206677880338441,0.832668402924583,25.622264643046975,25.525505756266405,0.5482161834275531,0.525603283434085,0.09675888678057021,t-Test,FDR correction BH,0.9701097263927774,False,0,1,1.0693683526805944,0.0795279151013463,Unpaired t-test
636,sp|P0ADY1|PPID_ECOLI,-0.22037164623317695,0.8328887744268334,28.805603488557672,28.836279907608468,0.1273550123634954,0.20472718522694652,-0.030676419050795545,t-Test,FDR correction BH,0.9701097263927774,False,0,1,0.9789611962213138,0.07941299124372556,Unpaired t-test
720,sp|P0AF96|TABA_ECOLI,-0.22034743222592057,0.8329067938189583,27.20315221070434,27.316834888911778,0.8626404812945692,0.23320853925911644,-0.11368267820743938,t-Test,FDR correction BH,0.9701097263927774,False,0,1,0.9242258342168139,0.07940359546585633,Unpaired t-test
459,sp|P0AAJ8|HYBA_ECOLI,0.21983177817792723,0.8332905556456294,27.0838886417996,27.002066076095133,0.33223437685381224,0.5524769719086048,0.08182256570446711,t-Test,FDR correction BH,0.9701097263927774,False,0,1,1.0583542219149409,0.0792035403563112,Unpaired t-test
697,sp|P0AEW6|INGK_ECOLI,0.2195614643875617,0.8334917496254387,26.49705256972386,26.39143610578628,0.13662009956756327,0.8218973260371564,0.1056164639375794,t-Test,FDR correction BH,0.9701097263927774,False,0,1,1.0759540476676326,0.0790986947080566,Unpaired t-test
494,sp|P0ABC3|HFLC_ECOLI,0.21864495531673395,0.8341740081541376,27.723923558041243,27.581004735570843,0.39503619174571164,1.0610132570018054,0.14291882247039922,t-Test,FDR correction BH,0.9701097263927774,False,0,1,1.104136717877079,0.07874334636634743,Unpaired t-test
438,sp|P0AA16|OMPR_ECOLI,0.2184496220725658,0.8343194366570654,28.289782963688708,28.248036338741777,0.27548904379575884,0.18348883374828334,0.04174662494693138,t-Test,FDR correction BH,0.9701097263927774,False,0,1,1.0293592850945568,0.07866763879112214,Unpaired t-test
1156,sp|P39831|YDFG_ECOLI,-0.21736278026451233,0.8351287375350275,29.63497878857816,29.68400298926001,0.35241497637168,0.16855206769942638,-0.049024200681849095,t-Test,FDR correction BH,0.9701097263927774,False,0,1,0.9665898827370896,0.07824657159243409,Unpaired t-test
1317,sp|P75828|YBJD_ECOLI,0.21711708136062524,0.8353117243467523,25.410357718392724,25.26146283014597,0.9068999298963963,0.7670863795346766,0.14889488824675468,t-Test,FDR correction BH,0.9701097263927774,False,0,1,1.1087198616424143,0.07815142284008467,Unpaired t-test
222,sp|P0A799|PGK_ECOLI,0.2163585280642861,0.8358767360410527,31.282684930554,31.247054301833575,0.2227405651180304,0.17818073281042363,0.035630628720426216,t-Test,FDR correction BH,0.9701097263927774,False,0,1,1.0250047736911054,0.07785776180039801,Unpaired t-test
521,sp|P0ABU0|MENB_ECOLI,-0.21536808541418678,0.8366146330687383,28.533448169908745,28.563061023689137,0.19106537162264398,0.14216815958819048,-0.029612853780392356,t-Test,FDR correction BH,0.9701097263927774,False,0,1,0.9796831596164025,0.07747454352609326,Unpaired t-test
1176,sp|P45523|FKBA_ECOLI,-0.21415942032033486,0.8375153564436543,30.555506613725502,30.604675759895912,0.23479645719694503,0.32094728585107307,-0.049169146170410016,t-Test,FDR correction BH,0.9701097263927774,False,0,1,0.9664927757248027,0.07700722111786595,Unpaired t-test
225,sp|P0A7A9|IPYR_ECOLI,-0.21333345996777303,0.8381310353416204,31.614799112230447,31.772876414029696,1.0678882443719393,0.7118985252739403,-0.15807730179924917,t-Test,FDR correction BH,0.9701097263927774,False,0,1,0.8962186775201094,0.07668807745921047,Unpaired t-test
343,sp|P0A8T7|RPOC_ECOLI,0.21319790154142623,0.8382320939270683,29.955615968735202,29.886997823821336,0.341767141878383,0.4404101657520657,0.06861814491386653,t-Test,FDR correction BH,0.9701097263927774,False,0,1,1.0487117159573547,0.07663571507388253,Unpaired t-test
768,sp|P0AG24|SPOT_ECOLI,-0.21244373385729326,0.8387943863929864,25.72779133200032,25.791093446926862,0.5080866030208538,0.09060086703838661,-0.06330211492654314,t-Test,FDR correction BH,0.9701097263927774,False,0,1,0.9570710168623321,0.07634448470014576,Unpaired t-test
1239,sp|P62517|OPGH_ECOLI,0.21127574170407123,0.8396654239564035,26.176816448716075,26.13506844596816,0.3144926313288972,0.13502294069653042,0.04174800274791579,t-Test,FDR correction BH,0.9701097263927774,False,0,1,1.029360268152565,0.07589372997971844,Unpaired t-test
540,sp|P0AC62|GLRX3_ECOLI,0.2099294173252642,0.8406697626982509,29.479664676650753,29.364879663119062,0.7727561096119359,0.5474943651511388,0.1147850135316908,t-Test,FDR correction BH,0.9701097263927774,False,0,1,1.0828136755710158,0.07537457305322981,Unpaired t-test
383,sp|P0A9B6|E4PD_ECOLI,-0.2093438847670255,0.8411066643308451,26.928720072808648,26.969290537634112,0.1899203462935425,0.2767733208409035,-0.040570464825464114,t-Test,FDR correction BH,0.9701097263927774,False,0,1,0.9722704200297215,0.07514892597031296,Unpaired t-test
348,sp|P0A8W5|YQGE_ECOLI,0.20907930698514632,0.8413041023434219,26.756161084249147,26.693865850967246,0.4430362169568158,0.264654449574958,0.06229523328190112,t-Test,FDR correction BH,0.9701097263927774,False,0,1,1.044125575540382,0.07504699338467792,Unpaired t-test
683,sp|P0AEN1|FRE_ECOLI,-0.20798781850261677,0.8421187461757396,27.303967139005017,27.363143480356985,0.30424753634239043,0.38766665111906323,-0.05917634135196792,t-Test,FDR correction BH,0.9702672510285695,False,0,1,0.9598119355653943,0.07462666482727415,Unpaired t-test
939,sp|P24193|HYPE_ECOLI,0.20601086112194342,0.8435948136981373,27.94546468934842,27.900648193518222,0.2909721072539766,0.2393989268038496,0.04481649583019731,t-Test,FDR correction BH,0.970442334944244,False,0,1,1.0315519622941172,0.07386609890552907,Unpaired t-test
947,sp|P24554|RADA_ECOLI,-0.20552981114283786,0.8439540885355771,26.410054903879917,26.455195466155363,0.34800950966647537,0.15362848540532822,-0.04514056227544572,t-Test,FDR correction BH,0.970442334944244,False,0,1,0.969195383294301,0.07368117853784355,Unpaired t-test
1115,sp|P37659|BCSG_ECOLI,-0.20505977670882858,0.8443051761045309,25.745040379195913,25.849664751616515,0.6409712595807603,0.6083673841790099,-0.10462437242060219,t-Test,FDR correction BH,0.970442334944244,False,0,1,0.9300470629792656,0.07350054822915454,Unpaired t-test
812,sp|P0C0L9|ISCX_ECOLI,0.20127651425315146,0.8471324671383044,28.45012091837375,28.42399898656435,0.22078701143809082,0.04222166562129946,0.026121931809399257,t-Test,FDR correction BH,0.9718059675698211,False,0,1,1.018271257044003,0.07204867320061986,Unpaired t-test
361,sp|P0A917|OMPX_ECOLI,-0.20064174975115306,0.8476070822729571,31.981622077028284,32.14882789359624,1.0197742744969658,1.0215196407131297,-0.1672058165679573,t-Test,FDR correction BH,0.9718059675698211,False,0,1,0.8905658423753458,0.07180542315140996,Unpaired t-test
388,sp|P0A9D2|GSTA_ECOLI,-0.19989351814022308,0.848166627016358,25.841150216257333,25.941620514362825,0.37029997685960125,0.7878805587413201,-0.1004702981054919,t-Test,FDR correction BH,0.9718059675698211,False,0,1,0.9327288855949851,0.0715188198128571,Unpaired t-test
524,sp|P0ABU9|TOLQ_ECOLI,-0.19983819358784366,0.848208003839767,27.232264915891168,27.281052751776166,0.3172245240607926,0.27960110366045093,-0.04878783588499758,t-Test,FDR correction BH,0.9718059675698211,False,0,1,0.9667482575366132,0.07149763377793071,Unpaired t-test
1146,sp|P39337|YJGM_ECOLI,-0.19837234320892685,0.8493044951847054,25.739222613986676,25.87147105106567,0.9592355641218585,0.6428099761975794,-0.13224843707899225,t-Test,FDR correction BH,0.9722837860874508,False,0,1,0.9124083551379188,0.0709365772825414,Unpaired t-test
107,sp|P08192|FOLC_ECOLI,-0.19620628076064855,0.8509254378855682,26.853521095705986,26.91375294865097,0.31880987057667665,0.4255286611468052,-0.0602318529449839,t-Test,FDR correction BH,0.973360752689247,False,0,1,0.9591099700876751,0.07010849318632124,Unpaired t-test
116,sp|P08394|RECB_ECOLI,-0.19197581846882933,0.8540935413640012,24.487809046200017,24.637344081326514,1.2792572883609534,0.4285788699058735,-0.14953503512649746,t-Test,FDR correction BH,0.9762043591788224,False,0,1,0.9015409726148915,0.06849456224599265,Unpaired t-test
1039,sp|P32157|YIIM_ECOLI,-0.1900825435701678,0.8555123453139453,27.15290680693896,27.18315079955552,0.2368033914583585,0.14096781450324036,-0.0302439926165583,t-Test,FDR correction BH,0.9770456234191984,False,0,1,0.9792546692956133,0.06777371907081836,Unpaired t-test
1314,sp|P75821|YBJS_ECOLI,0.18866789937592082,0.8565728544234024,25.674782639476298,25.630101784160914,0.37110159834961437,0.17475320515333273,0.04468085531538435,t-Test,FDR correction BH,0.9770463345467697,False,0,1,1.031454981533878,0.06723569291041293,Unpaired t-test
943,sp|P24230|RECG_ECOLI,0.18752020100240022,0.8574334849642121,24.781517178942956,24.690654926817498,0.5137850385146765,0.6636119268429992,0.09086225212545784,t-Test,FDR correction BH,0.9770463345467697,False,0,1,1.0650065121953252,0.06679956018715111,Unpaired t-test
270,sp|P0A7W7|RS8_ECOLI,0.18685526288794566,0.8579322039438508,31.647782511050792,31.551153247541826,0.8388511007070578,0.3140261919757758,0.09662926350896583,t-Test,FDR correction BH,0.9770463345467697,False,0,1,1.0692722763834277,0.06654702988602561,Unpaired t-test
854,sp|P15288|PEPD_ECOLI,-0.1851840114949473,0.8591859980032784,29.577742344406634,29.630380967204474,0.34470472783950107,0.3515301694651141,-0.05263862279783993,t-Test,FDR correction BH,0.9770463345467697,False,0,1,0.9641712904368991,0.06591280920441477,Unpaired t-test
578,sp|P0ACS9|ACRR_ECOLI,-0.1839070093675006,0.8601443248854332,24.274411122318355,24.31321282068723,0.3528467891145128,0.09509832268146613,-0.03880169836887504,t-Test,FDR correction BH,0.9770463345467697,False,0,1,0.9734631696331468,0.06542867173026039,Unpaired t-test
958,sp|P25552|GPPA_ECOLI,-0.1834363227973529,0.8604976178121024,25.881279634215517,25.94624547367657,0.5325220482180711,0.3044807850480131,-0.06496583946105261,t-Test,FDR correction BH,0.9770463345467697,False,0,1,0.955967953003822,0.0652503276286822,Unpaired t-test
104,sp|P07862|DDLB_ECOLI,0.18230909716490415,0.8613438465078075,27.497187943206875,27.466166393161593,0.22427379581318396,0.19121613971920084,0.031021550045281288,t-Test,FDR correction BH,0.9770463345467697,False,0,1,1.0217353446219606,0.06482344456171213,Unpaired t-test
269,sp|P0A7W1|RS5_ECOLI,0.18212325882716957,0.8614833781215929,32.28188159525661,32.183971437072756,0.8710208822249169,0.32920540470111725,0.09791015818385063,t-Test,FDR correction BH,0.9770463345467697,False,0,1,1.070222049769911,0.06475309762362773,Unpaired t-test
927,sp|P23886|CYDC_ECOLI,-0.18136645068060964,0.8620516632781554,25.456549514132014,25.50511323166519,0.42812973856485526,0.1783265628697464,-0.04856371753317745,t-Test,FDR correction BH,0.9770463345467697,False,0,1,0.9668984506474532,0.06446670586406597,Unpaired t-test
1021,sp|P31069|KCH_ECOLI,-0.18098159484412316,0.8623406852079455,26.7852626385528,26.908367831675076,1.0386517385688212,0.5561050164273383,-0.12310519312227441,t-Test,FDR correction BH,0.9770463345467697,False,0,1,0.9182092092634885,0.06432112341521963,Unpaired t-test
1221,sp|P60651|SPEB_ECOLI,-0.1782605356313431,0.8643848304314934,27.143782012509718,27.284128134614935,0.8267806928320334,1.0844353456691196,-0.14034612210521757,t-Test,FDR correction BH,0.9774913833279446,False,0,1,0.9073014552802452,0.06329286339650532,Unpaired t-test
100,sp|P07650|TYPH_ECOLI,-0.1766230931945766,0.8656154844615758,27.76801884517747,27.804275615576756,0.3495408910464393,0.0650990367490956,-0.03625677039928732,t-Test,FDR correction BH,0.9774913833279446,False,0,1,0.975181883523491,0.06267498334186207,Unpaired t-test
814,sp|P0C0S1|MSCS_ECOLI,0.176427592064912,0.8657624450956769,27.798582442293146,27.72826445109025,0.5000249035022204,0.4759611414244413,0.07031799120289506,t-Test,FDR correction BH,0.9774913833279446,False,0,1,1.0499480821178662,0.06260125687058064,Unpaired t-test
1031,sp|P31663|PANC_ECOLI,0.17290815028033085,0.8684090535772433,28.278784355276102,28.21650373514624,0.5362342644474758,0.3188631987008154,0.062280620129861575,t-Test,FDR correction BH,0.9774913833279446,False,0,1,1.0441149995779804,0.061275657467569064,Unpaired t-test
844,sp|P13482|TREA_ECOLI,0.1727794192473829,0.8685058945629096,24.602696979426458,24.52348047757325,0.7600134406580044,0.23021892628525356,0.07921650185320672,t-Test,FDR correction BH,0.9774913833279446,False,0,1,1.0564441515469993,0.061227229643529016,Unpaired t-test
453,sp|P0AAI3|FTSH_ECOLI,-0.17277002529248295,0.868512961487145,28.727406356325233,28.780132549980543,0.39844154822794786,0.34734902509011767,-0.05272619365531028,t-Test,FDR correction BH,0.9774913833279446,False,0,1,0.9641127675046222,0.06122369585782626,Unpaired t-test
31,sp|P02413|RL15_ECOLI,0.17119629101947845,0.8696970443962113,31.16168484183666,30.995290213602942,1.2582359482029726,1.1184436058729434,0.16639462823371787,t-Test,FDR correction BH,0.9774913833279446,False,0,1,1.1222504138192342,0.060632005841859876,Unpaired t-test
1209,sp|P60061|ADIC_ECOLI,-0.16841938995182262,0.871787295480628,28.135054376393736,28.19227643242886,0.2914507574418028,0.5112393040328495,-0.05722205603512265,t-Test,FDR correction BH,0.9774913833279446,False,0,1,0.9611129848815534,0.05958946422732938,Unpaired t-test
1241,sp|P62620|ISPG_ECOLI,0.16839071782316167,0.8718088837468795,28.257917710181875,28.226161739817506,0.27423606581782173,0.1774472678467535,0.031755970364368835,t-Test,FDR correction BH,0.9774913833279446,False,0,1,1.022255603030364,0.059578709827865756,Unpaired t-test
1299,sp|P69797|PTNAB_ECOLI,-0.16717351525569474,0.8727254702652875,30.284669052609296,30.33167596514132,0.327380782906956,0.3605816593348243,-0.04700691253202294,t-Test,FDR correction BH,0.9774913833279446,False,0,1,0.967942389081448,0.059122349077107304,Unpaired t-test
526,sp|P0ABZ6|SURA_ECOLI,-0.16680400409551935,0.8730037651119336,28.254513496068896,28.324433460979435,0.3349613684370971,0.6441446754241726,-0.06991996491053953,t-Test,FDR correction BH,0.9774913833279446,False,0,1,0.952690848147492,0.05898388325455582,Unpaired t-test
27,sp|P00963|ASNA_ECOLI,-0.16475996146210198,0.8745435808047084,26.772788339852156,26.798443452432103,0.1715659728649197,0.20809577466686824,-0.02565511257994757,t-Test,FDR correction BH,0.9774913833279446,False,0,1,0.9823744114043592,0.05821854361079893,Unpaired t-test
1073,sp|P36655|DSBD_ECOLI,-0.16315400316019826,0.8757538022749585,27.47134080200535,27.605210683818967,0.9042929408636036,1.0963466814568923,-0.1338698818136166,t-Test,FDR correction BH,0.9774913833279446,False,0,1,0.9113834755667501,0.057617968422547024,Unpaired t-test
644,sp|P0AE08|AHPC_ECOLI,0.16254574346199524,0.8762122722822437,30.489154025227073,30.39241988983151,0.7874503144580239,0.6651492496629458,0.09673413539556464,t-Test,FDR correction BH,0.9774913833279446,False,0,1,1.0693500063773143,0.05739066836038392,Unpaired t-test
1069,sp|P33937|NAPA_ECOLI,-0.16191633175229037,0.8766867408496264,25.55594401636821,25.61320137326615,0.5910847532568902,0.16052017819273467,-0.0572573568979422,t-Test,FDR correction BH,0.9774913833279446,False,0,1,0.961089467990189,0.05715556173514255,Unpaired t-test
845,sp|P13518|CSRD_ECOLI,0.16143309606153824,0.8770510558776838,24.512951962760297,24.44107919141966,0.7261583304920933,0.25951651009185855,0.07187277134063663,t-Test,FDR correction BH,0.9774913833279446,False,0,1,1.0510802121425786,0.05697512426161487,Unpaired t-test
41,sp|P04036|DAPB_ECOLI,0.16084838525009493,0.8774919178972289,28.52966288041825,28.49549852613251,0.35549963659410716,0.09467066252353815,0.03416435428573905,t-Test,FDR correction BH,0.9774913833279446,False,0,1,1.0239635454619596,0.05675687489495885,Unpaired t-test
809,sp|P0C0K3|SRKA_ECOLI,-0.15955761372061683,0.8784653079991956,25.73730901140126,25.781844180495867,0.33535178602800936,0.34822020123207437,-0.04453516909460831,t-Test,FDR correction BH,0.9774913833279446,False,0,1,0.969602168777913,0.05627538481411887,Unpaired t-test
651,sp|P0AE48|YTFP_ECOLI,-0.15856119923648898,0.879216878452006,26.57200901623123,26.6450075369412,0.3017548507482791,0.7381024730265829,-0.07299852070996948,t-Test,FDR correction BH,0.9774913833279446,False,0,1,0.950660076003566,0.05590398329133427,Unpaired t-test
1159,sp|P40120|OPGD_ECOLI,-0.15839290331443057,0.8793438334869752,26.186115958559558,26.229312696461754,0.327438580126006,0.3404567032240157,-0.04319673790219625,t-Test,FDR correction BH,0.9774913833279446,False,0,1,0.9705021150001225,0.05584127761292531,Unpaired t-test
1126,sp|P38051|MENF_ECOLI,0.1580433689104012,0.8796075194129644,25.325630543565644,25.290765927311462,0.18699554771232277,0.3332083899078529,0.03486461625418258,t-Test,FDR correction BH,0.9774913833279446,False,0,1,1.024460682248698,0.05571106668550911,Unpaired t-test
55,sp|P05041|PABB_ECOLI,-0.1547776910127384,0.8820719332731202,25.353016665459993,25.402788620454544,0.5002607937549761,0.24487158051895963,-0.04977195499455078,t-Test,FDR correction BH,0.9774913833279446,False,0,1,0.9660890253433669,0.05449599655783883,Unpaired t-test
377,sp|P0A993|F16PA_ECOLI,0.15463516349226955,0.8821795235475942,28.577048529557015,28.52559834523909,0.5270859106790365,0.23299760898451738,0.05145018431792536,t-Test,FDR correction BH,0.9774913833279446,False,0,1,1.0363060861986784,0.054443026940171446,Unpaired t-test
1347,sp|P76256|TSAB_ECOLI,-0.15234733161225045,0.8839069230588898,26.514624825666374,26.56046799123546,0.14452722055647632,0.5007557067135209,-0.04584316556908519,t-Test,FDR correction BH,0.9774913833279446,False,0,1,0.9687234927978181,0.05359346454590616,Unpaired t-test
832,sp|P11875|SYR_ECOLI,0.15194796484873233,0.8842085320877906,28.94365682038109,28.921832040478634,0.19986428900958345,0.1481411381647492,0.021824779902456015,t-Test,FDR correction BH,0.9774913833279446,False,0,1,1.0152427887774087,0.05344529872581447,Unpaired t-test
396,sp|P0A9H7|CFA_ECOLI,0.15189217296607385,0.8842506688249332,28.213056206602303,28.14582380776151,0.652715332119194,0.40216047906493985,0.0672323988407939,t-Test,FDR correction BH,0.9774913833279446,False,0,1,1.047704884726142,0.05342460302367958,Unpaired t-test
1362,sp|P76502|SIXA_ECOLI,0.15169800263319952,0.884397318917138,25.193679480510447,25.16224479195119,0.3310411173213059,0.13867500801757449,0.03143468855925846,t-Test,FDR correction BH,0.9774913833279446,False,0,1,1.0220279765752631,0.05335258267095532,Unpaired t-test
885,sp|P20966|PTFBC_ECOLI,-0.1513509995050745,0.8846594107974344,29.04062366710872,29.05426481618057,0.10619557881781683,0.11442173498172999,-0.013641149071851544,t-Test,FDR correction BH,0.9774913833279446,False,0,1,0.9905892370005122,0.05322389820732536,Unpaired t-test
296,sp|P0A870|TALB_ECOLI,0.15129935143897752,0.8846984220125922,30.10412684700721,30.065844124505393,0.3721618761085421,0.23143581798772833,0.038282722501815414,t-Test,FDR correction BH,0.9774913833279446,False,0,1,1.0268907640456126,0.053204747354779924,Unpaired t-test
915,sp|P23538|PPSA_ECOLI,-0.15117132008880252,0.884795129165803,26.22746880089069,26.245626118749698,0.1360801304701161,0.15735964222565163,-0.018157317859007094,t-Test,FDR correction BH,0.9774913833279446,False,0,1,0.9874931749433647,0.053157276842085606,Unpaired t-test
567,sp|P0ACK5|DEOR_ECOLI,-0.1506999079020657,0.8851512242120924,26.16216663548457,26.214982676586494,0.5885973975660133,0.14847281327681666,-0.052816041101923616,t-Test,FDR correction BH,0.9774913833279446,False,0,1,0.9640527268372086,0.052982525652109716,Unpaired t-test
1189,sp|P46837|YHGF_ECOLI,-0.14959963590699554,0.8859824612410148,27.665790701948406,27.69223882721654,0.22093100686223227,0.21202942885873446,-0.026448125268132117,t-Test,FDR correction BH,0.9774913833279446,False,0,1,0.981834573613281,0.05257487524798142,Unpaired t-test
266,sp|P0A7V0|RS2_ECOLI,-0.14949697495506184,0.8860600279971946,31.08713697770679,31.189930636846988,1.0016303866771874,0.644286528612744,-0.10279365914019678,t-Test,FDR correction BH,0.9774913833279446,False,0,1,0.9312279988043303,0.05253685492463799,Unpaired t-test
1262,sp|P64483|PROXY_ECOLI,-0.14896386983100582,0.8864628444179039,28.57524208861279,28.651155367808833,0.6669653254025943,0.5781524335268001,-0.07591327919604396,t-Test,FDR correction BH,0.9774913833279446,False,0,1,0.9487413425349369,0.052339462885902466,Unpaired t-test
625,sp|P0ADS6|YGGE_ECOLI,-0.14727335688151477,0.8877404482443976,29.06818954052086,29.091235633853636,0.15724497077659452,0.22076418553371313,-0.023046093332776962,t-Test,FDR correction BH,0.9774913833279446,False,0,1,0.984152578384463,0.05171399184760006,Unpaired t-test
151,sp|P0A6E4|ASSY_ECOLI,-0.14560611987377917,0.8890008235243114,27.05325987408966,27.08192985563196,0.1568470080438654,0.30283486243153057,-0.02866998154229705,t-Test,FDR correction BH,0.9774913833279446,False,0,1,0.9803236400643631,0.051097836721688994,Unpaired t-test
914,sp|P23367|MUTL_ECOLI,-0.145482488366548,0.8890942990156374,25.60393343388099,25.616880338315028,0.09150178096286087,0.12404280618309353,-0.012946904434038231,t-Test,FDR correction BH,0.9774913833279446,False,0,1,0.9910660368377323,0.05105217449631212,Unpaired t-test
624,sp|P0ADS2|ZAPA_ECOLI,0.14386774099885336,0.8903153584616917,28.02124425020224,27.993394591914967,0.23513775721813576,0.23901421138801413,0.02784965828727337,t-Test,FDR correction BH,0.9774913833279446,False,0,1,1.0194914373462027,0.05045613472491169,Unpaired t-test
1165,sp|P41409|RIHA_ECOLI,0.14174496953729943,0.8919210830541395,26.597612684093075,26.51916404796628,0.527435124375255,0.8004562136112082,0.07844863612679376,t-Test,FDR correction BH,0.9774913833279446,False,0,1,1.0558820151348889,0.04967357018700788,Unpaired t-test
1090,sp|P37194|SLP_ECOLI,-0.13985361051935738,0.8933522343041294,30.431000684673094,30.504496314390398,0.8211535044877571,0.3927025966563546,-0.0734956297173035,t-Test,FDR correction BH,0.9774913833279446,False,0,1,0.9503325637684875,0.04897727207093028,Unpaired t-test
1387,sp|P77433|YKGG_ECOLI,-0.1388030137632624,0.8941473891619887,26.60248377812959,26.67834224997553,0.3049132844682814,0.8961454387090785,-0.0758584718459403,t-Test,FDR correction BH,0.9774913833279446,False,0,1,0.9487773854859054,0.04859088721772869,Unpaired t-test
806,sp|P0C054|IBPA_ECOLI,-0.1386020697747392,0.8942994910609755,28.512205116892115,28.56564210384377,0.5355764860726686,0.39885694161519303,-0.053436986951655996,t-Test,FDR correction BH,0.9774913833279446,False,0,1,0.9636378812079418,0.04851701640131616,Unpaired t-test
975,sp|P27128|RFAI_ECOLI,0.13783619801700045,0.8948792526878511,25.37367483911669,25.3465399267929,0.21614414635154983,0.26371838433314565,0.027134912323788285,t-Test,FDR correction BH,0.9774913833279446,False,0,1,1.0189864817619523,0.04823556069426216,Unpaired t-test
996,sp|P28630|HOLA_ECOLI,-0.13758780229845094,0.8950673024841729,25.722159877760635,25.802001978855692,0.6245924684748758,0.787480776323061,-0.07984210109505696,t-Test,FDR correction BH,0.9774913833279446,False,0,1,0.9461611957343506,0.04814430770245625,Unpaired t-test
1089,sp|P37177|PT1P_ECOLI,-0.13750085617798172,0.8951331274476131,25.91254635419142,25.949838352930716,0.3828499233583832,0.2722042654888401,-0.03729199873929545,t-Test,FDR correction BH,0.9774913833279446,False,0,1,0.9744823775458755,0.048112370028966206,Unpaired t-test
43,sp|P04335|FRSA_ECOLI,-0.13695504447942866,0.8955463701624753,27.049448404598618,27.099997181617805,0.6151716071378824,0.17391612703329107,-0.050548777019187696,t-Test,FDR correction BH,0.9774913833279446,False,0,1,0.9655689728034181,0.047911922060274004,Unpaired t-test
574,sp|P0ACP7|PURR_ECOLI,-0.13646586825610516,0.895916763792283,26.688012733792608,26.705278949540393,0.17188327147748222,0.13594541003998878,-0.017266215747785196,t-Test,FDR correction BH,0.9774913833279446,False,0,1,0.9881033032403256,0.047732337106723075,Unpaired t-test
411,sp|P0A9N4|PFLA_ECOLI,-0.13519691904550227,0.8968777184339556,28.461234782488347,28.511661199658036,0.2962364995980926,0.5741056287407292,-0.050426417169688875,t-Test,FDR correction BH,0.9774913833279446,False,0,1,0.9656508694490737,0.04726676523851058,Unpaired t-test
381,sp|P0A9A9|FUR_ECOLI,-0.1341117290437874,0.8976996674018867,29.312272356420614,29.38385776403414,0.5404299321880695,0.7501205346723876,-0.07158540761352583,t-Test,FDR correction BH,0.9774913833279446,False,0,1,0.9515916993215032,0.046868935722817744,Unpaired t-test
1063,sp|P33602|NUOG_ECOLI,-0.13373729384837318,0.8979833059570913,28.06789921897667,28.106511045655083,0.4714156653553895,0.16683692950635928,-0.03861182667841234,t-Test,FDR correction BH,0.9774913833279446,False,0,1,0.9735912946046537,0.046731737049964674,Unpaired t-test
275,sp|P0A7Y8|RNPA_ECOLI,0.13351323879627627,0.8981530378935791,26.09157032961169,25.988538471345468,1.1558884407795043,0.6711735224399988,0.10303185826622396,t-Test,FDR correction BH,0.9774913833279446,False,0,1,1.074028188550731,0.04664965681825931,Unpaired t-test
205,sp|P0A722|LPXA_ECOLI,0.1330982095884898,0.8984674570721166,28.075485315382572,28.024635516267757,0.2297416868721484,0.6205634217863264,0.05084979911481469,t-Test,FDR correction BH,0.9774913833279446,False,0,1,1.0358749116413206,0.046497648627302955,Unpaired t-test
1319,sp|P75838|YCAO_ECOLI,-0.13247864072572937,0.898936869643309,26.63606602961135,26.696715342172446,0.6413160816753837,0.46633513035314567,-0.060649312561096735,t-Test,FDR correction BH,0.9774913833279446,False,0,1,0.9588324812590638,0.04627080674091198,Unpaired t-test
389,sp|P0A9D4|CYSE_ECOLI,-0.13072151839571652,0.9002683857951033,28.750583418573395,28.768997081779908,0.14410306775986167,0.19687664287924303,-0.01841366320651261,t-Test,FDR correction BH,0.9781959453855678,False,0,1,0.9873177277520216,0.04562800045617985,Unpaired t-test
723,sp|P0AFA9|NIKC_ECOLI,0.12931958058299908,0.9013310048633381,26.09448590064452,26.04202058938334,0.3892068226554474,0.5850660193185203,0.05246531126118015,t-Test,FDR correction BH,0.9786074870708928,False,0,1,1.0370355213120832,0.04511568939123619,Unpaired t-test
546,sp|P0ACA3|SSPA_ECOLI,-0.12783858473233553,0.9024537905434826,30.222253722525153,30.268077354641715,0.25208169171926814,0.5673730708163264,-0.04582363211656215,t-Test,FDR correction BH,0.9787556260500102,False,0,1,0.9687366089740854,0.04457502656996639,Unpaired t-test
638,sp|P0ADY7|RL16_ECOLI,-0.12733533078592968,0.9028353783270534,31.709552781715605,31.801337284697613,0.6782957076505582,1.04814764835964,-0.09178450298200858,t-Test,FDR correction BH,0.9787556260500102,False,0,1,0.9383613501473546,0.04439143108388899,Unpaired t-test
1334,sp|P76004|YCGM_ECOLI,0.12637515561052068,0.9035635013648384,26.498152411439648,26.39514190700451,0.7713090028005267,1.1825093256754833,0.1030105044351366,t-Test,FDR correction BH,0.9788034598433639,False,0,1,1.0740122916036003,0.044041320332451436,Unpaired t-test
588,sp|P0AD05|YECA_ECOLI,-0.12534881243229687,0.904341914792429,27.48345083683858,27.55495635599593,0.8465882442979542,0.5094466078706172,-0.07150551915735193,t-Test,FDR correction BH,0.9789056581452087,False,0,1,0.9516443946552134,0.04366733984197785,Unpaired t-test
259,sp|P0A7R5|RS10_ECOLI,-0.12200476904557113,0.9068789541198176,33.297273002315706,33.324604642252766,0.383822359897013,0.056892238543487454,-0.027331639937060004,t-Test,FDR correction BH,0.9809098891500068,False,0,1,0.9812334765986301,0.042450676629024124,Unpaired t-test
335,sp|P0A8P6|XERC_ECOLI,-0.12064542910833471,0.9079105964793663,25.140199722249132,25.19474015777078,0.16560865804230276,0.7652982368215323,-0.054540435521648334,t-Test,FDR correction BH,0.9812840359229406,False,0,1,0.9629011223834285,0.0419569150993052,Unpaired t-test
936,sp|P24182|ACCC_ECOLI,0.11572089260145522,0.9116496026027676,29.635434991247703,29.6028704359821,0.4159131500696397,0.25413438928769744,0.032564555265601314,t-Test,FDR correction BH,0.9841672849853768,False,0,1,1.0228287055237844,0.04017205300613271,Unpaired t-test
254,sp|P0A7M6|RL29_ECOLI,-0.1153204510388958,0.9119537525441018,32.83946808885156,32.89154375326019,0.6671167698471422,0.4083028334332213,-0.05207566440862621,t-Test,FDR correction BH,0.9841672849853768,False,0,1,0.9645475960430834,0.04002718527264819,Unpaired t-test
278,sp|P0A800|RPOZ_ECOLI,0.10972238737046451,0.9162073724177795,27.876875418239486,27.867757552003248,0.11630277774774735,0.08479506093947127,0.009117866236238115,t-Test,FDR correction BH,0.9880126224038,False,0,1,1.0063400367611515,0.038006217921779786,Unpaired t-test
691,sp|P0AES6|GYRB_ECOLI,0.10504153311982924,0.919766404464463,28.220069429412952,28.180756101097543,0.6137300220521806,0.2087042226305437,0.03931332831540857,t-Test,FDR correction BH,0.9900957927995172,False,0,1,1.0276245973664226,0.03632245758233551,Unpaired t-test
1205,sp|P55135|RLMD_ECOLI,-0.10392445993219127,0.9206160624486461,25.393138857772687,25.47905368372107,1.2555894092309121,0.6883433540136418,-0.0859148259483824,t-Test,FDR correction BH,0.9900957927995172,False,0,1,0.94218689723773,0.03592145202301665,Unpaired t-test
502,sp|P0ABF8|PGSA_ECOLI,-0.10100031020854469,0.9228407432942641,25.502697565356613,25.535047897614053,0.1734343888594923,0.5269682210163555,-0.03235033225744033,t-Test,FDR correction BH,0.9900957927995172,False,0,1,0.9778259973519687,0.03487323968490502,Unpaired t-test
1058,sp|P33590|NIKA_ECOLI,0.09996807597118298,0.9236262466733098,29.329196967811164,29.306515475662323,0.37700649487648313,0.11090408366481752,0.022681492148841187,t-Test,FDR correction BH,0.9900957927995172,False,0,1,1.0158458470840455,0.03450373423967538,Unpaired t-test
248,sp|P0A7K2|RL7_ECOLI,0.0999164524485023,0.9236655333169365,29.499605138442114,29.365725654919558,1.633891592466844,1.6481836258925457,0.13387948352255563,t-Test,FDR correction BH,0.9900957927995172,False,0,1,1.0972402750639798,0.03448526182213211,Unpaired t-test
26,sp|P00962|SYQ_ECOLI,0.09988160834968259,0.9236920505809587,28.383937197271127,28.35771595750807,0.4303523702282279,0.1468064510428042,0.026221239763057014,t-Test,FDR correction BH,0.9900957927995172,False,0,1,1.0183413521870526,0.03447279395825864,Unpaired t-test
386,sp|P0A9C5|GLN1B_ECOLI,0.0997036769553176,0.9238274626676762,28.802610103273242,28.763488461496777,0.5965950829418194,0.32551258992808296,0.0391216417764646,t-Test,FDR correction BH,0.9900957927995172,False,0,1,1.0274880690557189,0.03440913160262125,Unpaired t-test
353,sp|P0A8Z0|YCIA_ECOLI,0.09859674368966723,0.9246699407050885,26.28151148313762,26.235682902674117,0.5457650950814552,0.591845085317154,0.04582858046350324,t-Test,FDR correction BH,0.9900957927995172,False,0,1,1.0322758742416474,0.03401326024522679,Unpaired t-test
439,sp|P0AA25|THIO_ECOLI,0.09814095864178848,0.9250168662500433,30.735968841155216,30.697198239830296,0.6649966542368526,0.161162447395801,0.03877060132492005,t-Test,FDR correction BH,0.9900957927995172,False,0,1,1.027238088299538,0.0338503485014598,Unpaired t-test
185,sp|P0A6T5|GCH1_ECOLI,-0.09761461887168228,0.9254175177427658,27.187212127667717,27.239076370068762,0.7440129401284846,0.5416049450583275,-0.051864242401045146,t-Test,FDR correction BH,0.9900957927995172,False,0,1,0.9646889575411711,0.0336622837565762,Unpaired t-test
1213,sp|P60390|RSMH_ECOLI,-0.09527526101167484,0.9271985326751611,27.243708850678146,27.2671397597214,0.3528109927659267,0.23867759294321714,-0.023430909043252512,t-Test,FDR correction BH,0.9900957927995172,False,0,1,0.983890106511309,0.03282726433046662,Unpaired t-test
783,sp|P0AG93|SECF_ECOLI,0.09437196995567541,0.9278863563938957,28.575167089318125,28.56490811335769,0.18751641720227796,0.017023427999786577,0.010258975960436345,t-Test,FDR correction BH,0.9900957927995172,False,0,1,1.0071363233182642,0.03250521107994675,Unpaired t-test
1145,sp|P39321|TAMB_ECOLI,0.09210037911824216,0.9296163917329509,25.415560470519043,25.394329090297525,0.2193629587724019,0.3336230252976566,0.021231380221518492,t-Test,FDR correction BH,0.9900957927995172,False,0,1,1.014825291766554,0.031696227061740925,Unpaired t-test
1256,sp|P63883|AMIC_ECOLI,0.09208653614809663,0.9296269357920385,25.4936119027759,25.458472510464226,0.42352265930535277,0.5074087144095712,0.035139392311673845,t-Test,FDR correction BH,0.9900957927995172,False,0,1,1.0246558198682683,0.03169130115816405,Unpaired t-test
220,sp|P0A794|PDXJ_ECOLI,-0.09136333072753719,0.930177816226448,28.574392368460707,28.641526124481587,0.8625876299232771,0.9358070125049819,-0.06713375602087979,t-Test,FDR correction BH,0.9900957927995172,False,0,1,0.9545325128377796,0.03143402217273325,Unpaired t-test
1114,sp|P37657|BCSE_ECOLI,0.09097448284824457,0.9304740272008727,26.34371832724138,26.23739038975319,1.9478850262391147,0.5511715319232471,0.1063279374881887,t-Test,FDR correction BH,0.9900957927995172,False,0,1,1.0764847915979163,0.03129574504881777,Unpaired t-test
238,sp|P0A7F3|PYRI_ECOLI,0.09046530776563329,0.9308619177623554,27.418204135263537,27.38492902314604,0.5590153240738145,0.3055822175627288,0.03327511211749723,t-Test,FDR correction BH,0.9900957927995172,False,0,1,1.0233325936847053,0.03111473663566297,Unpaired t-test
1079,sp|P36879|YADG_ECOLI,0.08931492087783195,0.9317383611842373,25.942919515137444,25.90228325347226,0.3916367732096237,0.6838374601575263,0.04063626166518475,t-Test,FDR correction BH,0.9900957927995172,False,0,1,1.0285673484784015,0.030706023532568412,Unpaired t-test
367,sp|P0A940|BAMA_ECOLI,-0.08904129387997901,0.931946844445204,28.530229487398806,28.545847811105226,0.27120516111840776,0.13692670624906947,-0.015618323706419801,t-Test,FDR correction BH,0.9900957927995172,False,0,1,0.9892325910096108,0.03060885784180555,Unpaired t-test
1417,sp|Q46855|YQHC_ECOLI,0.08900176602810703,0.9319769621949333,24.817656882176873,24.78891375593573,0.1594917555383491,0.5361460770336047,0.02874312624114239,t-Test,FDR correction BH,0.9900957927995172,False,0,1,1.0201230088273583,0.030594822962837526,Unpaired t-test
1288,sp|P69228|BAER_ECOLI,-0.08757051593182351,0.9330675679436097,25.898965871431415,25.918015589440177,0.3058430115042644,0.22005786079760567,-0.01904971800876254,t-Test,FDR correction BH,0.9905190576612058,False,0,1,0.9868825354549363,0.03008690574701235,Unpaired t-test
408,sp|P0A9M2|HPRT_ECOLI,-0.086571008926633,0.9338292821253931,27.454471671247745,27.495278666771885,0.7714306115958399,0.267328383129412,-0.04080699552413947,t-Test,FDR correction BH,0.990592811505884,False,0,1,0.9721110287902301,0.029732512000747665,Unpaired t-test
935,sp|P24173|RFAC_ECOLI,0.08314398469205916,0.9364415603672449,25.47677411273504,25.42578251908454,0.863669531999231,0.6184323055368202,0.05099159365050099,t-Test,FDR correction BH,0.9911813737637092,False,0,1,1.0359767270744369,0.028519320052701958,Unpaired t-test
1272,sp|P66817|DIAA_ECOLI,-0.08264056077995732,0.9368253734345557,25.522640818007936,25.608822111974142,1.3783281969663572,1.1673852574549441,-0.08618129396620589,t-Test,FDR correction BH,0.9911813737637092,False,0,1,0.9420128899226666,0.028341355133191345,Unpaired t-test
1061,sp|P33594|NIKE_ECOLI,-0.0826308340032429,0.9368327893644441,28.26421063564045,28.28144923122276,0.3532816271570775,0.07590317786400078,-0.017238595582309557,t-Test,FDR correction BH,0.9911813737637092,False,0,1,0.988122220500881,0.028337917262300404,Unpaired t-test
485,sp|P0AB77|KBL_ECOLI,0.08220860182766301,0.9371547160742827,29.594367258527363,29.574041230690415,0.24328152968094985,0.3524356696157697,0.020326027836947702,t-Test,FDR correction BH,0.9911813737637092,False,0,1,1.01418864559596,0.02818870496005218,Unpaired t-test
1373,sp|P77173|ZIPA_ECOLI,-0.07925794605102345,0.9394047739236695,26.862115941001033,26.902521739428742,0.6061204376813416,0.6421136184797102,-0.04040579842770953,t-Test,FDR correction BH,0.9916662061674639,False,0,1,0.972381399412256,0.027147237123348354,Unpaired t-test
1091,sp|P37197|YHJA_ECOLI,-0.0778473385572234,0.9404806676272327,24.16566113128787,24.18495289194365,0.37973628364670725,0.200093993856483,-0.0192917606557792,t-Test,FDR correction BH,0.9916662061674639,False,0,1,0.986716978897263,0.026650127310951795,Unpaired t-test
1030,sp|P31658|HCHA_ECOLI,-0.07644866859419594,0.9415475923488614,28.28283653664657,28.299431694054,0.34460072426987665,0.15038642044260384,-0.016595157407429895,t-Test,FDR correction BH,0.9916662061674639,False,0,1,0.9885630186895092,0.02615772283573614,Unpaired t-test
1293,sp|P69490|CCME_ECOLI,0.07624749150168184,0.9417010640026056,25.833000758369614,25.803877295023224,0.47947983013378603,0.45582733622137295,0.02912346334639082,t-Test,FDR correction BH,0.9916662061674639,False,0,1,1.0203919788928104,0.026086938882409108,Unpaired t-test
686,sp|P0AEQ3|GLNH_ECOLI,-0.07294222632884244,0.9442229340556874,27.124136730099927,27.13965767054316,0.30942926849597796,0.20021151441046733,-0.015520940443231268,t-Test,FDR correction BH,0.9916662061674639,False,0,1,0.9892993673874654,0.024925455278549353,Unpaired t-test
520,sp|P0ABT2|DPS_ECOLI,-0.07293330135715928,0.9442297446553299,30.560183193300347,30.627488116649964,1.1338953980815196,1.1265514242742403,-0.06730492334961724,t-Test,FDR correction BH,0.9916662061674639,False,0,1,0.9544192698558298,0.024922322760719724,Unpaired t-test
488,sp|P0AB91|AROG_ECOLI,0.07241749522700733,0.94462336239948,28.376049918646757,28.349811232384656,0.531402040543131,0.3338421897267626,0.026238686262100686,t-Test,FDR correction BH,0.9916662061674639,False,0,1,1.0183536670549553,0.024741317667100103,Unpaired t-test
1384,sp|P77348|MPPA_ECOLI,0.07166703542898824,0.9451960777012722,25.859242676566506,25.84464974950062,0.2067876307119916,0.2856985182215644,0.014592927065887551,t-Test,FDR correction BH,0.9916662061674639,False,0,1,1.010166376254645,0.024478089236270616,Unpaired t-test
706,sp|P0AF08|APBC_ECOLI,-0.07032160373199912,0.9462229369645143,27.915976968476848,27.94852712041017,0.6194324091891019,0.5089841367849975,-0.03255015193332156,t-Test,FDR correction BH,0.9916662061674639,False,0,1,0.9776905734835608,0.024006528622705744,Unpaired t-test
796,sp|P0AGG8|TLDD_ECOLI,0.06919033501518002,0.9470864306757383,27.671456680985074,27.634243216814923,0.7743529681007557,0.5178796630048347,0.0372134641701507,t-Test,FDR correction BH,0.9916662061674639,False,0,1,1.02612996243676,0.023610385671792685,Unpaired t-test
1342,sp|P76177|YDGH_ECOLI,-0.06890541515785109,0.9473039215426271,28.585973172512617,28.59558666613335,0.10795990440989227,0.21619399430804812,-0.009613493620733493,t-Test,FDR correction BH,0.9916662061674639,False,0,1,0.9933585863255638,0.02351066484745618,Unpaired t-test
468,sp|P0AAT4|YBDG_ECOLI,0.0682105446676383,0.947834365163363,26.165177701414137,26.145092322843944,0.43946004900275826,0.25883889083558403,0.020085378570193768,t-Test,FDR correction BH,0.9916662061674639,False,0,1,1.0140194876016806,0.023267549350209117,Unpaired t-test
1236,sp|P61889|MDH_ECOLI,0.0680174018304995,0.9479818099223096,29.40246909587168,29.378256693186522,0.5403124223736211,0.29700875630456763,0.02421240268515845,t-Test,FDR correction BH,0.9916662061674639,False,0,1,1.016924380307911,0.02319999591737451,Unpaired t-test
1048,sp|P33136|OPGG_ECOLI,-0.06627708180353858,0.9493104669531853,27.904375919341867,27.918265484001502,0.2459094609656988,0.2669924175830762,-0.013889564659635312,t-Test,FDR correction BH,0.9916662061674639,False,0,1,0.990418683546101,0.02259173063509764,Unpaired t-test
599,sp|P0AD70|AMPH_ECOLI,0.06552228898250823,0.9498867735668033,25.12218369483806,25.097186913651456,0.45712804944401353,0.4771390494176508,0.024996781186604977,t-Test,FDR correction BH,0.9916662061674639,False,0,1,1.0174774219946485,0.02232815949617552,Unpaired t-test
1142,sp|P39300|ULAG_ECOLI,-0.06530678375662875,0.9500513242870179,25.465302898735025,25.498545714743692,0.5520409456140799,0.687438410520204,-0.03324281600866641,t-Test,FDR correction BH,0.9916662061674639,False,0,1,0.9772212791606433,0.02225293234004679,Unpaired t-test
817,sp|P0CB39|EPTC_ECOLI,-0.06527687897722909,0.9500741585314508,27.406037657569467,27.420940238877016,0.15785250471828752,0.3625500315362468,-0.014902581307548957,t-Test,FDR correction BH,0.9916662061674639,False,0,1,0.9897234857241642,0.02224249430693181,Unpaired t-test
467,sp|P0AAT2|YBDF_ECOLI,-0.06526017868785795,0.9500869103113858,25.841561460175498,25.856470289357272,0.31335202906224174,0.2416230172801849,-0.014908829181774053,t-Test,FDR correction BH,0.9916662061674639,False,0,1,0.9897191995415051,0.022236665298274495,Unpaired t-test
1084,sp|P36979|RLMN_ECOLI,-0.06335943871182098,0.951538356355365,27.47798232233096,27.486421994168552,0.20714963129097652,0.10157856533026778,-0.008439671837592755,t-Test,FDR correction BH,0.99245727984295,False,0,1,0.9941671428120663,0.021573700684646778,Unpaired t-test
221,sp|P0A796|PFKA_ECOLI,0.05905528170384101,0.9548258473165034,32.02867498590962,32.01560200798369,0.3013633904274329,0.2370487676709621,0.013072977925929763,t-Test,FDR correction BH,0.9939219170157914,False,0,1,1.0091026774511396,0.020075833072287722,Unpaired t-test
284,sp|P0A823|SFSA_ECOLI,0.05889448045965232,0.9549486857263891,24.742681733378703,24.727740846237815,0.41702695758512615,0.13843041381083884,0.014940887140888037,t-Test,FDR correction BH,0.9939219170157914,False,0,1,1.010410045186683,0.020019964651456185,Unpaired t-test
1237,sp|P61949|FLAV_ECOLI,-0.057446094032613554,0.956055189880338,28.47773921396645,28.524415861662376,1.270281129627303,0.6058040570586597,-0.046676647695925055,t-Test,FDR correction BH,0.9939219170157914,False,0,1,0.9681639978891468,0.019517036626976358,Unpaired t-test
864,sp|P16456|SELD_ECOLI,-0.057176788946499864,0.9562609391549928,28.31401841779647,28.347848589177012,0.9194225977766,0.45266531611740674,-0.03383017138054356,t-Test,FDR correction BH,0.9939219170157914,False,0,1,0.9768235101742938,0.019423583694559755,Unpaired t-test
277,sp|P0A7Z4|RPOA_ECOLI,0.05480732019129438,0.95807137224476,29.596735716405817,29.570602471170353,0.777098578167879,0.2796260350947788,0.026133245235463676,t-Test,FDR correction BH,0.9939219170157914,False,0,1,1.0182792422255023,0.018602136623464743,Unpaired t-test
363,sp|P0A927|TSX_ECOLI,-0.05396343818841115,0.9587162215329543,29.549636106314534,29.582642172556834,0.8215501109483777,0.6688474930956766,-0.03300606624230085,t-Test,FDR correction BH,0.9939219170157914,False,0,1,0.9773816567089992,0.018309924279231473,Unpaired t-test
94,sp|P07102|PPA_ECOLI,0.05393838274017663,0.9587353680864631,26.473322029752303,26.459051703409607,0.4255088831630567,0.17008698971166245,0.014270326342696649,t-Test,FDR correction BH,0.9939219170157914,False,0,1,1.0099405184246943,0.018301251056312456,Unpaired t-test
268,sp|P0A7V8|RS4_ECOLI,0.05366554399862599,0.9589438644733872,32.266721708013286,32.231688999211855,0.9208017176896883,0.6561677846535782,0.035032708801431056,t-Test,FDR correction BH,0.9939219170157914,False,0,1,1.0245800520622395,0.018206815209944324,Unpaired t-test
1019,sp|P30958|MFD_ECOLI,0.05303176745610607,0.959428194003282,26.45544191045512,26.448216406346013,0.21971329639825335,0.0861226507526486,0.007225504109108272,t-Test,FDR correction BH,0.9939219170157914,False,0,1,1.0050209004890907,0.017987523393431668,Unpaired t-test
733,sp|P0AFF6|NUSA_ECOLI,0.05231039290016904,0.9599794886762435,29.63583178682864,29.624841401930652,0.29865306484479326,0.20792230864104752,0.010990384897986871,t-Test,FDR correction BH,0.9939219170157914,False,0,1,1.0076470447421615,0.017738046179065804,Unpaired t-test
1153,sp|P39407|YJJU_ECOLI,0.051488307611125744,0.9606077788746806,26.155061757383912,26.13773373143258,0.40118381037085954,0.4228888545990786,0.01732802595133265,t-Test,FDR correction BH,0.9939219170157914,False,0,1,1.0120832925126737,0.017453900823570716,Unpaired t-test
1281,sp|P68191|SRA_ECOLI,0.05061221159078729,0.9612773816560833,26.4908164915103,26.45376752541256,0.9043397664924365,0.8886581857065657,0.037048966097742664,t-Test,FDR correction BH,0.9939219170157914,False,0,1,1.0260129683574541,0.017151276285154695,Unpaired t-test
1390,sp|P77454|GLSA1_ECOLI,0.04668392496143913,0.9642801999279643,28.437441680859134,28.421432938470538,0.45008548619447275,0.3875572516617637,0.016008742388596175,t-Test,FDR correction BH,0.9948375505874001,False,0,1,1.011158208210832,0.015796750743813797,Unpaired t-test
963,sp|P25745|MNMA_ECOLI,0.04581922231391793,0.9649412746830366,27.24899682020958,27.233005550563785,0.5851842768994598,0.15158780657542578,0.015991269645795114,t-Test,FDR correction BH,0.9948375505874001,False,0,1,1.0111459619634862,0.015499116560005714,Unpaired t-test
1136,sp|P39176|ERFK_ECOLI,0.04507454984257877,0.9655106095407617,25.974785666326,25.956085927477332,0.49205060230347275,0.5236590483704217,0.01869973884866738,t-Test,FDR correction BH,0.9948375505874001,False,0,1,1.0130460378376414,0.015242949601114164,Unpaired t-test
39,sp|P03023|LACI_ECOLI,-0.04497733158225484,0.965584938829451,31.439623618093908,31.45705945042439,0.4630099139860489,0.48626999460039333,-0.01743583233048085,t-Test,FDR correction BH,0.9948375505874001,False,0,1,0.9879871394988177,0.015209516972713453,Unpaired t-test
1321,sp|P75863|YCBX_ECOLI,-0.0447965351187835,0.9657231697586233,25.059553019783195,25.067366126791114,0.10457498858308412,0.2834148267822022,-0.007813107007919484,t-Test,FDR correction BH,0.9948375505874001,False,0,1,0.9945990050101633,0.015147348818804241,Unpaired t-test
1070,sp|P35340|AHPF_ECOLI,0.041090483041068264,0.9685569734032728,29.495397299869193,29.489618202907025,0.15657138288002806,0.1866197468192415,0.005779096962168495,t-Test,FDR correction BH,0.9948375505874001,False,0,1,1.0040137985647761,0.013874827699741805,Unpaired t-test
325,sp|P0A8J8|RHLB_ECOLI,0.04026867300308486,0.9691854337787064,27.555575138562233,27.545124590811795,0.3983523547154631,0.20825016940829236,0.010450547750437522,t-Test,FDR correction BH,0.9948375505874001,False,0,1,1.0072700672580879,0.013593121646652542,Unpaired t-test
1163,sp|P41052|MLTB_ECOLI,0.03978687954339058,0.969553885586495,26.381670822502016,26.364738182937113,0.356372279929547,0.6452617700430267,0.016932639564902985,t-Test,FDR correction BH,0.9948375505874001,False,0,1,1.0118059579999716,0.013428048820927034,Unpaired t-test
1400,sp|P77718|THII_ECOLI,-0.0388547357588458,0.9702667663470141,27.575460949480636,27.585451821830603,0.39317371183220146,0.20920818239175207,-0.00999087234996665,t-Test,FDR correction BH,0.9948375505874001,False,0,1,0.993098778559364,0.013108843853006378,Unpaired t-test
851,sp|P15038|HELD_ECOLI,-0.03859992799885901,0.9704616423594083,25.194132447545893,25.214060895714688,0.7472371811102584,0.49120048565632873,-0.019928448168794688,t-Test,FDR correction BH,0.9948375505874001,False,0,1,0.9862816188542897,0.013021625490310305,Unpaired t-test
1194,sp|P50456|MLC_ECOLI,-0.03775035359066992,0.9711114097284685,25.11450021898306,25.13117950245353,0.5688867014290866,0.511871380044066,-0.016679283470470097,t-Test,FDR correction BH,0.9948375505874001,False,0,1,0.9885053755370735,0.012730943259080266,Unpaired t-test
1056,sp|P33363|BGLX_ECOLI,-0.03771249865287549,0.9711403623276842,26.813241733677227,26.820680833877237,0.26867160220894126,0.21106392714788383,-0.007439100200009818,t-Test,FDR correction BH,0.9948375505874001,False,0,1,0.9948568800356494,0.0127179954484432,Unpaired t-test
1170,sp|P43329|HRPA_ECOLI,0.037633739709129144,0.9712005996999287,25.953495955747073,25.94471963211251,0.393099329716724,0.09286913428662388,0.00877632363456371,t-Test,FDR correction BH,0.9948375505874001,False,0,1,1.0061018247321356,0.012691058099244524,Unpaired t-test
544,sp|P0AC81|LGUL_ECOLI,-0.03260907419545152,0.975044037059409,27.762986110906105,27.783328752860815,1.0576892213196145,0.22090554335981208,-0.02034264195470925,t-Test,FDR correction BH,0.9972919302037746,False,0,1,0.9859985007521059,0.01097576930658064,Unpaired t-test
194,sp|P0A6X7|IHFA_ECOLI,-0.03236252691534456,0.9752326443732768,30.402919318545923,30.4107965029895,0.23799443094892367,0.3479883502548723,-0.007877184443575658,t-Test,FDR correction BH,0.9972919302037746,False,0,1,0.9945548307830085,0.010891769824153791,Unpaired t-test
902,sp|P22255|CYSQ_ECOLI,-0.03176805020657851,0.975687422980632,27.217220742795575,27.22581028727258,0.2363390338762805,0.4043079928013971,-0.008589544477004551,t-Test,FDR correction BH,0.9972919302037746,False,0,1,0.9940638703182318,0.010689293211662499,Unpaired t-test
56,sp|P05055|PNP_ECOLI,-0.029443709248526694,0.977465653581168,29.606273469492475,29.61387336176631,0.39604027216108684,0.20742155527395456,-0.0075998922738342856,t-Test,FDR correction BH,0.998396395627874,False,0,1,0.9947460068556383,0.009898494005996206,Unpaired t-test
1429,sp|Q7DFV3|YMGG_ECOLI,0.027822396654144117,0.9787061190008587,27.767074379663004,27.75889353054081,0.4600670020358783,0.21843500177293396,0.00818084912219419,t-Test,FDR correction BH,0.998449839370352,False,0,1,1.0056866404054734,0.009347696405779992,Unpaired t-test
466,sp|P0AAS7|YBCJ_ECOLI,-0.02697738152364098,0.9793526657526808,29.268675481244692,29.27944489078684,0.5344275755798188,0.4387169186492302,-0.010769409542149333,t-Test,FDR correction BH,0.998449839370352,False,0,1,0.9925630064559742,0.009060890208744283,Unpaired t-test
1118,sp|P37689|GPMI_ECOLI,-0.0264317236305279,0.9797701743559556,29.348879379982584,29.37537529814184,1.649418202461228,0.5422263770624801,-0.026495918159255893,t-Test,FDR correction BH,0.998449839370352,False,0,1,0.9818020484195931,0.008875785240763512,Unpaired t-test
312,sp|P0A8F0|UPP_ECOLI,0.025727666688729913,0.9803088919045037,30.04037483942753,30.035372557727573,0.22341682363708976,0.25198478377950606,0.005002281699955091,t-Test,FDR correction BH,0.998449839370352,False,0,1,1.003473335555406,0.00863705807045974,Unpaired t-test
191,sp|P0A6W5|GREA_ECOLI,-0.022673296719743774,0.9826461072405154,27.519933019859625,27.53676178301348,1.176862471026852,0.5174006229863464,-0.016828763153853288,t-Test,FDR correction BH,0.9989654283941013,False,0,1,0.9884029603961417,0.00760286196962438,Unpaired t-test
622,sp|P0ADR6|RLMM_ECOLI,0.020423306353033587,0.9843679305024191,26.541221291958035,26.534547256243712,0.4658777531725456,0.32144013498238266,0.006674035714322457,t-Test,FDR correction BH,0.9989654283941013,False,0,1,1.004636805907592,0.00684254351932293,Unpaired t-test
826,sp|P10408|SECA_ECOLI,0.0202998048640859,0.9844624437772267,28.14324626891056,28.139251666962558,0.07785494242158406,0.33182236556170847,0.003994601948001275,t-Test,FDR correction BH,0.9989654283941013,False,0,1,1.0027726838751374,0.006800847094599608,Unpaired t-test
1344,sp|P76192|YDHV_ECOLI,0.01944372453064818,0.9851175928260667,25.789243462521235,25.78262255985333,0.505380704137703,0.3040462732951189,0.006620902667904716,t-Test,FDR correction BH,0.9989654283941013,False,0,1,1.004599806798574,0.00651192496709881,Unpaired t-test
495,sp|P0ABC7|HFLK_ECOLI,-0.01819492425842637,0.9860733088711213,29.274219749786077,29.27736364185341,0.0967333623265251,0.2832159989546515,-0.0031438920673316773,t-Test,FDR correction BH,0.9989654283941013,False,0,1,0.9978231927662933,0.006090796565177527,Unpaired t-test
412,sp|P0A9N8|NRDG_ECOLI,0.017151599177324645,0.9868717927364618,26.176797252401702,26.170601636236235,0.46380649023097786,0.4199259472516819,0.006195616165467044,t-Test,FDR correction BH,0.9989654283941013,False,0,1,1.0043037083441924,0.005739264071691424,Unpaired t-test
46,sp|P04805|SYE_ECOLI,-0.015545069204069185,0.9881013442176109,28.996635077093117,28.99898390271605,0.23143276809369967,0.12219043127087464,-0.002348825622931372,t-Test,FDR correction BH,0.9989654283941013,False,0,1,0.9983732427481532,0.005198509888784662,Unpaired t-test
178,sp|P0A6Q3|FABA_ECOLI,0.015544059478097467,0.9881021170191177,29.731002899896197,29.727928387680173,0.21666468757616855,0.2653734884062988,0.0030745122160240612,t-Test,FDR correction BH,0.9989654283941013,False,0,1,1.0021333618592396,0.005198170223930726,Unpaired t-test
416,sp|P0A9Q1|ARCA_ECOLI,-0.015281930497697821,0.9883027399181128,29.313246532490723,29.32447629659342,1.0154661143152313,0.7673299470757551,-0.011229764102697715,t-Test,FDR correction BH,0.9989654283941013,False,0,1,0.9922463366126424,0.005110000618426611,Unpaired t-test
869,sp|P17115|GUTQ_ECOLI,0.014754111304881494,0.9887067141669394,26.984505344344313,26.979649408115336,0.25365332221689263,0.5105177401404559,0.004855936228977953,t-Test,FDR correction BH,0.9989654283941013,False,0,1,1.0033715494359223,0.004932516601670199,Unpaired t-test
605,sp|P0ADC3|LOLC_ECOLI,0.01168917325395335,0.9910525783454502,25.96203548138861,25.959416808713197,0.18484277476879468,0.3411676988205972,0.0026186726754140466,t-Test,FDR correction BH,0.9989654283941013,False,0,1,1.0018167739193737,0.0039033042639006793,Unpaired t-test
395,sp|P0A9H5|BTUR_ECOLI,-0.011648985493860398,0.9910833382477556,25.67284201499916,25.67902263937861,0.8896503294266198,0.23030831093396886,-0.006180624379449995,t-Test,FDR correction BH,0.9989654283941013,False,0,1,0.9957250812276005,0.0038898250108137912,Unpaired t-test
1277,sp|P67603|AC4CH_ECOLI,0.01059838638246678,0.9918874775816756,28.135542833314215,28.132416147679322,0.4097879871351197,0.30524711833561285,0.003126685634892823,t-Test,FDR correction BH,0.9989654283941013,False,0,1,1.0021696035233396,0.003537592600978387,Unpaired t-test
1313,sp|P75818|YBJP_ECOLI,-0.009837058291201444,0.9924702124973159,27.924981723177673,27.92974413554016,0.8006333600918943,0.24926091865092448,-0.004762412362488533,t-Test,FDR correction BH,0.9989654283941013,False,0,1,0.9967043897824576,0.003282519065783302,Unpaired t-test
40,sp|P03024|GALR_ECOLI,0.008839521568545086,0.9932337536099454,26.3744897648126,26.361414764908567,2.2073971780562553,1.3004128298743245,0.013074999904034712,t-Test,FDR correction BH,0.9989654283941013,False,0,1,1.0091040917382146,0.002948529998002684,Unpaired t-test
120,sp|P08660|AK3_ECOLI,0.008604711115831574,0.9934134849444207,26.731552000011636,26.729618171607342,0.29536797130057213,0.2535406206335326,0.0019338284042937914,t-Test,FDR correction BH,0.9989654283941013,False,0,1,1.0013413264808766,0.002869949034572548,Unpaired t-test
1289,sp|P69411|RCSF_ECOLI,0.007137742682709675,0.9945363580351438,28.94979144184944,28.9465465462525,0.7456362024220896,0.25306096919363197,0.003244895596942854,t-Test,FDR correction BH,0.9989654283941013,False,0,1,1.0022517215600426,0.0023793354099257585,Unpaired t-test
500,sp|P0ABF1|PCNB_ECOLI,-0.007096962255585326,0.9945675731245922,27.508870779483004,27.509855646834083,0.1857100466722029,0.15259648253707758,-0.000984867351078833,t-Test,FDR correction BH,0.9989654283941013,False,0,1,0.9993175749303522,0.0023657046077456526,Unpaired t-test
213,sp|P0A752|NADD_ECOLI,-0.0039585691468752935,0.996969860944892,26.233923723979366,26.234779675361807,0.27518379539044574,0.25404100485956943,-0.0008559513824408782,t-Test,FDR correction BH,0.9989654283941013,False,0,1,0.9994068756803779,0.0013179704979421941,Unpaired t-test
991,sp|P27838|CYAY_ECOLI,-0.0038275144528141488,0.9970701779106809,26.517227303560116,26.51956383654602,0.9398437904166127,0.48442428916695984,-0.002336532985903972,t-Test,FDR correction BH,0.9989654283941013,False,0,1,0.9983817495301331,0.001274273176051783,Unpaired t-test
1348,sp|P76257|YOAA_ECOLI,-0.0030697252594273877,0.9976502353879118,24.671311047458175,24.673861297831422,1.2140669738030072,0.7723999374479532,-0.002550250373246854,t-Test,FDR correction BH,0.9989654283941013,False,0,1,0.9982338626034858,0.0010216906417081439,Unpaired t-test
492,sp|P0ABB0|ATPA_ECOLI,-0.0028591894362173004,0.9978113924799928,31.30455371322078,31.30508728153987,0.31925015859310024,0.05054778103865754,-0.0005335683190885732,t-Test,FDR correction BH,0.9989654283941013,False,0,1,0.9996302270068789,0.0009515418250282249,Unpaired t-test
359,sp|P0A910|OMPA_ECOLI,0.002650624260627284,0.9979710412285765,31.853562942868546,31.85011235378915,1.7089506006379385,1.4709032849942136,0.0034505890793958827,t-Test,FDR correction BH,0.9989654283941013,False,0,1,1.0023946286459047,0.0008820607337735134,Unpaired t-test
25,sp|P00961|SYGB_ECOLI,-0.00239830656588827,0.9981641810115935,28.957851983233297,28.958544508764014,0.42614469471614574,0.26180311007443074,-0.0006925255307166367,t-Test,FDR correction BH,0.9989654283941013,False,0,1,0.9995200930731031,0.0007980187897934671,Unpaired t-test
405,sp|P0A9L3|FKBB_ECOLI,-0.0022635406554201358,0.9982673393456079,30.452044371768714,30.452627286618434,0.4333514381989034,0.10564822606083303,-0.0005829148497191738,t-Test,FDR correction BH,0.9989654283941013,False,0,1,0.9995960358309162,0.0007531376157508907,Unpaired t-test
79,sp|P06986|HIS8_ECOLI,0.0004086926816641679,0.9996871598440082,25.754844925404527,25.75445924695819,1.0498181897436956,1.25280637778067,0.00038567844633519144,t-Test,FDR correction BH,0.9996871598440082,False,0,1,1.0002673676640441,0.00013588600987366042,Unpaired t-test
